application_id,job_id,seeker_id,application_status,application_date
A0000,J0171,S0117,Rejected,2024-05-14
A0001,J0313,S0881,Rejected,2024-09-08
A0002,J0014,S0455,Applied,2023-12-28
A0003,J0153,S0409,Applied,2024-08-30
A0004,J0016,S0375,Accepted,2024-11-06
A0005,J0183,S0751,Under Review,2024-06-24
A0006,J0236,S0368,Applied,2024-06-20
A0007,J0494,S0193,Under Review,2024-05-08
A0008,J0160,S0311,Accepted,2024-06-03
A0009,J0244,S0784,Under Review,2024-01-31
A0010,J0396,S0590,Under Review,2024-11-20
A0011,J0485,S0805,Applied,2024-01-05
A0012,J0136,S0393,Applied,2024-03-13
A0013,J0094,S0353,Rejected,2024-09-28
A0014,J0038,S0924,Applied,2024-06-01
A0015,J0063,S0643,Rejected,2024-03-22
A0016,J0038,S0867,Accepted,2024-06-05
A0017,J0016,S0094,Applied,2024-11-30
A0018,J0463,S0003,Rejected,2024-04-22
A0019,J0345,S0103,Accepted,2024-01-08
A0020,J0013,S0401,Applied,2024-04-02
A0021,J0357,S0715,Rejected,2024-05-26
A0022,J0416,S0297,Applied,2024-06-07
A0023,J0368,S0629,Accepted,2024-07-20
A0024,J0028,S0497,Applied,2024-09-15
A0025,J0392,S0209,Under Review,2024-01-20
A0026,J0296,S0077,Under Review,2024-03-12
A0027,J0181,S0138,Rejected,2024-08-30
A0028,J0473,S0883,Applied,2024-03-12
A0029,J0382,S0689,Rejected,2024-09-13
A0030,J0374,S0808,Applied,2024-01-15
A0031,J0323,S0370,Under Review,2024-04-25
A0032,J0382,S0086,Accepted,2024-04-30
A0033,J0023,S0169,Accepted,2024-11-06
A0034,J0082,S0333,Accepted,2023-12-08
A0035,J0221,S0746,Under Review,2024-12-01
A0036,J0052,S0252,Accepted,2024-11-28
A0037,J0098,S0063,Rejected,2024-08-30
A0038,J0294,S0187,Under Review,2024-06-27
A0039,J0411,S0143,Under Review,2024-09-18
A0040,J0019,S0197,Under Review,2024-11-09
A0041,J0062,S0827,Under Review,2024-01-10
A0042,J0039,S0385,Applied,2024-04-09
A0043,J0267,S0562,Under Review,2024-07-22
A0044,J0324,S0608,Applied,2024-06-01
A0045,J0005,S0872,Accepted,2023-12-25
A0046,J0341,S0270,Rejected,2024-02-11
A0047,J0406,S0058,Under Review,2024-03-10
A0048,J0234,S0582,Applied,2024-06-11
A0049,J0459,S0434,Under Review,2024-08-07
A0050,J0439,S0127,Under Review,2024-07-30
A0051,J0390,S0759,Accepted,2024-05-05
A0052,J0005,S0059,Accepted,2023-12-28
A0053,J0314,S0349,Accepted,2024-09-27
A0054,J0171,S0958,Under Review,2024-07-17
A0055,J0054,S0271,Applied,2024-11-01
A0056,J0133,S0163,Applied,2024-07-03
A0057,J0403,S0516,Applied,2024-01-23
A0058,J0209,S0799,Accepted,2024-09-15
A0059,J0358,S0401,Applied,2024-08-09
A0060,J0055,S0655,Rejected,2024-02-02
A0061,J0001,S0771,Applied,2024-06-22
A0062,J0438,S0652,Under Review,2024-08-16
A0063,J0430,S0522,Rejected,2024-01-16
A0064,J0264,S0694,Rejected,2024-09-21
A0065,J0429,S0281,Under Review,2024-05-08
A0066,J0496,S0705,Accepted,2024-02-09
A0067,J0419,S0045,Accepted,2024-05-16
A0068,J0434,S0853,Accepted,2024-10-31
A0069,J0323,S0123,Accepted,2024-09-02
A0070,J0024,S0611,Rejected,2024-01-31
A0071,J0178,S0915,Rejected,2024-03-12
A0072,J0459,S0893,Applied,2024-08-19
A0073,J0379,S0899,Under Review,2024-05-07
A0074,J0470,S0197,Rejected,2024-04-10
A0075,J0179,S0527,Rejected,2024-04-10
A0076,J0396,S0705,Accepted,2024-01-17
A0077,J0226,S0997,Applied,2024-02-27
A0078,J0372,S0202,Rejected,2024-11-03
A0079,J0026,S0903,Applied,2024-02-03
A0080,J0412,S0061,Rejected,2024-11-25
A0081,J0180,S0960,Accepted,2024-07-11
A0082,J0361,S0905,Accepted,2024-08-09
A0083,J0189,S0391,Applied,2024-05-30
A0084,J0183,S0096,Applied,2024-11-19
A0085,J0055,S0201,Rejected,2024-02-07
A0086,J0345,S0903,Applied,2024-03-12
A0087,J0140,S0448,Rejected,2024-09-28
A0088,J0474,S0528,Accepted,2023-12-14
A0089,J0472,S0063,Rejected,2024-12-02
A0090,J0049,S0823,Accepted,2024-03-21
A0091,J0424,S0017,Under Review,2024-01-22
A0092,J0317,S0653,Applied,2024-10-23
A0093,J0107,S0514,Under Review,2024-10-05
A0094,J0118,S0198,Under Review,2024-01-18
A0095,J0183,S0453,Under Review,2024-06-05
A0096,J0309,S0447,Accepted,2024-07-20
A0097,J0185,S0710,Applied,2023-12-28
A0098,J0323,S0093,Accepted,2024-02-14
A0099,J0002,S0243,Under Review,2024-03-23
A0100,J0251,S0888,Accepted,2024-08-14
A0101,J0179,S0538,Rejected,2024-05-12
A0102,J0345,S0800,Accepted,2024-11-03
A0103,J0462,S0350,Accepted,2023-12-26
A0104,J0239,S0910,Accepted,2024-04-26
A0105,J0486,S0407,Applied,2024-02-19
A0106,J0127,S0957,Applied,2024-08-14
A0107,J0262,S0240,Applied,2024-11-29
A0108,J0419,S0467,Accepted,2024-09-08
A0109,J0302,S0133,Accepted,2024-05-27
A0110,J0073,S0516,Under Review,2024-04-13
A0111,J0330,S0010,Rejected,2024-05-16
A0112,J0436,S0769,Applied,2024-09-11
A0113,J0104,S0197,Under Review,2024-01-31
A0114,J0378,S0194,Rejected,2024-02-20
A0115,J0398,S0080,Under Review,2024-07-25
A0116,J0263,S0036,Rejected,2024-06-04
A0117,J0240,S0131,Under Review,2024-06-06
A0118,J0382,S0180,Under Review,2024-09-30
A0119,J0295,S0263,Under Review,2024-01-30
A0120,J0420,S0758,Applied,2024-09-11
A0121,J0072,S0253,Applied,2024-02-15
A0122,J0283,S0334,Rejected,2024-09-23
A0123,J0049,S0958,Applied,2024-05-20
A0124,J0430,S0984,Applied,2024-01-02
A0125,J0383,S0826,Applied,2024-08-01
A0126,J0161,S0074,Accepted,2024-11-13
A0127,J0475,S0725,Rejected,2024-05-28
A0128,J0320,S0520,Rejected,2024-10-01
A0129,J0208,S0047,Accepted,2024-08-22
A0130,J0189,S0269,Rejected,2024-01-10
A0131,J0270,S0816,Under Review,2024-06-15
A0132,J0429,S0378,Rejected,2024-08-26
A0133,J0257,S0591,Under Review,2024-02-06
A0134,J0367,S0293,Applied,2024-03-18
A0135,J0005,S0547,Under Review,2024-04-24
A0136,J0006,S0624,Accepted,2024-02-24
A0137,J0408,S0921,Rejected,2024-10-06
A0138,J0239,S0073,Rejected,2024-02-20
A0139,J0182,S0558,Rejected,2024-10-24
A0140,J0080,S0549,Applied,2024-02-08
A0141,J0162,S0032,Rejected,2024-07-22
A0142,J0215,S0944,Rejected,2024-09-08
A0143,J0444,S0027,Rejected,2024-04-16
A0144,J0400,S0321,Under Review,2024-08-02
A0145,J0486,S0861,Accepted,2024-03-11
A0146,J0172,S0233,Applied,2024-08-25
A0147,J0473,S0813,Rejected,2024-04-09
A0148,J0262,S0865,Applied,2024-11-03
A0149,J0074,S0986,Rejected,2024-03-19
A0150,J0402,S0450,Accepted,2023-12-18
A0151,J0124,S0560,Rejected,2024-01-20
A0152,J0003,S0329,Under Review,2024-07-23
A0153,J0255,S0031,Accepted,2024-10-22
A0154,J0100,S0517,Applied,2024-11-18
A0155,J0154,S0728,Accepted,2024-07-08
A0156,J0061,S0275,Applied,2024-02-20
A0157,J0213,S0133,Rejected,2024-04-08
A0158,J0038,S0085,Under Review,2024-01-06
A0159,J0452,S0750,Applied,2024-10-24
A0160,J0352,S0243,Accepted,2024-05-16
A0161,J0381,S0232,Rejected,2024-02-27
A0162,J0488,S0162,Under Review,2024-04-08
A0163,J0459,S0611,Accepted,2024-10-01
A0164,J0455,S0017,Rejected,2024-07-25
A0165,J0461,S0815,Applied,2024-04-09
A0166,J0286,S0918,Accepted,2024-11-28
A0167,J0373,S0438,Accepted,2024-04-29
A0168,J0429,S0516,Rejected,2024-05-04
A0169,J0204,S0714,Accepted,2024-01-31
A0170,J0035,S0162,Rejected,2024-06-08
A0171,J0032,S0180,Applied,2024-04-06
A0172,J0266,S0829,Applied,2024-08-03
A0173,J0212,S0486,Applied,2023-12-29
A0174,J0304,S0772,Under Review,2024-04-07
A0175,J0260,S0696,Under Review,2024-06-20
A0176,J0254,S0660,Rejected,2024-11-04
A0177,J0190,S0881,Accepted,2024-06-09
A0178,J0366,S0970,Under Review,2024-09-12
A0179,J0064,S0789,Accepted,2024-09-26
A0180,J0486,S0785,Under Review,2024-07-08
A0181,J0056,S0724,Accepted,2024-11-04
A0182,J0231,S0730,Rejected,2024-04-25
A0183,J0067,S0437,Applied,2024-07-10
A0184,J0179,S0209,Applied,2024-08-02
A0185,J0014,S0232,Rejected,2024-11-19
A0186,J0385,S0380,Applied,2024-11-25
A0187,J0058,S0050,Accepted,2024-08-16
A0188,J0139,S0159,Applied,2024-03-11
A0189,J0333,S0046,Under Review,2024-04-27
A0190,J0421,S0625,Accepted,2024-11-14
A0191,J0361,S0373,Rejected,2024-03-01
A0192,J0199,S0488,Rejected,2024-06-29
A0193,J0477,S0321,Under Review,2024-04-10
A0194,J0165,S0874,Under Review,2023-12-22
A0195,J0036,S0039,Rejected,2024-02-18
A0196,J0495,S0771,Accepted,2024-01-17
A0197,J0348,S0502,Accepted,2024-01-07
A0198,J0413,S0679,Accepted,2024-08-18
A0199,J0044,S0969,Rejected,2024-07-03
A0200,J0379,S0440,Applied,2024-10-11
A0201,J0324,S0436,Under Review,2024-04-18
A0202,J0029,S0615,Rejected,2024-12-02
A0203,J0064,S0408,Rejected,2024-09-08
A0204,J0477,S0267,Applied,2024-01-24
A0205,J0167,S0630,Under Review,2024-01-16
A0206,J0016,S0405,Rejected,2024-10-29
A0207,J0263,S0734,Applied,2024-01-07
A0208,J0339,S0654,Rejected,2024-11-24
A0209,J0299,S0497,Applied,2024-08-14
A0210,J0079,S0656,Applied,2024-12-02
A0211,J0052,S0223,Accepted,2024-11-12
A0212,J0346,S0717,Rejected,2024-06-23
A0213,J0078,S0782,Applied,2024-10-01
A0214,J0139,S0893,Rejected,2024-11-27
A0215,J0166,S0715,Applied,2023-12-15
A0216,J0421,S0513,Accepted,2023-12-03
A0217,J0080,S0305,Applied,2024-03-12
A0218,J0246,S0153,Rejected,2024-01-03
A0219,J0125,S0936,Under Review,2024-06-15
A0220,J0010,S0813,Applied,2024-02-16
A0221,J0141,S0946,Under Review,2024-05-18
A0222,J0051,S0066,Applied,2024-11-20
A0223,J0439,S0610,Rejected,2024-03-22
A0224,J0434,S0755,Under Review,2024-10-07
A0225,J0098,S0883,Under Review,2024-09-18
A0226,J0142,S0668,Under Review,2024-11-03
A0227,J0177,S0273,Accepted,2024-03-23
A0228,J0019,S0740,Accepted,2024-03-30
A0229,J0462,S0081,Applied,2024-07-20
A0230,J0208,S0564,Rejected,2024-11-29
A0231,J0346,S0668,Under Review,2024-01-11
A0232,J0188,S0240,Rejected,2024-08-25
A0233,J0134,S0619,Rejected,2024-04-25
A0234,J0496,S0413,Applied,2024-11-09
A0235,J0079,S0035,Applied,2024-10-19
A0236,J0280,S0391,Under Review,2024-01-30
A0237,J0204,S0533,Accepted,2024-01-08
A0238,J0276,S0019,Applied,2024-10-20
A0239,J0113,S0408,Rejected,2024-10-19
A0240,J0279,S0688,Under Review,2024-01-31
A0241,J0332,S0968,Rejected,2024-08-08
A0242,J0300,S0874,Accepted,2024-01-24
A0243,J0124,S0600,Accepted,2024-11-26
A0244,J0283,S0126,Accepted,2024-08-05
A0245,J0368,S0922,Under Review,2024-11-15
A0246,J0154,S0953,Rejected,2024-08-04
A0247,J0099,S0363,Applied,2024-06-16
A0248,J0492,S0587,Rejected,2024-10-01
A0249,J0422,S0785,Applied,2024-07-29
A0250,J0493,S0454,Under Review,2024-11-24
A0251,J0461,S0472,Applied,2024-02-09
A0252,J0192,S0654,Applied,2024-04-11
A0253,J0070,S0004,Applied,2024-08-13
A0254,J0472,S0105,Applied,2024-06-13
A0255,J0388,S0837,Under Review,2024-11-08
A0256,J0330,S0241,Applied,2024-05-07
A0257,J0487,S0415,Under Review,2024-05-19
A0258,J0045,S0201,Applied,2024-10-22
A0259,J0328,S0375,Accepted,2024-01-26
A0260,J0131,S0674,Rejected,2024-07-28
A0261,J0002,S0376,Rejected,2024-07-30
A0262,J0355,S0281,Under Review,2024-08-03
A0263,J0188,S0607,Applied,2024-11-29
A0264,J0228,S0423,Applied,2024-05-02
A0265,J0331,S0560,Accepted,2023-12-28
A0266,J0366,S0755,Under Review,2024-01-20
A0267,J0248,S0491,Under Review,2024-08-02
A0268,J0155,S0628,Under Review,2024-07-24
A0269,J0319,S0274,Rejected,2024-08-05
A0270,J0153,S0753,Applied,2024-02-25
A0271,J0110,S0856,Applied,2024-07-01
A0272,J0161,S0438,Applied,2024-11-24
A0273,J0461,S0034,Under Review,2024-05-29
A0274,J0351,S0818,Rejected,2024-08-09
A0275,J0271,S0393,Rejected,2024-08-19
A0276,J0236,S0187,Rejected,2024-09-04
A0277,J0301,S0171,Rejected,2024-05-23
A0278,J0433,S0125,Rejected,2024-05-23
A0279,J0054,S0292,Accepted,2024-04-19
A0280,J0242,S0947,Accepted,2024-02-07
A0281,J0446,S0025,Under Review,2024-09-29
A0282,J0047,S0492,Accepted,2024-01-06
A0283,J0419,S0896,Applied,2024-12-02
A0284,J0490,S0960,Under Review,2024-02-29
A0285,J0324,S0067,Under Review,2024-09-12
A0286,J0366,S0583,Applied,2024-08-05
A0287,J0139,S0979,Applied,2023-12-29
A0288,J0230,S0921,Under Review,2024-11-27
A0289,J0324,S0058,Applied,2024-03-29
A0290,J0027,S0809,Applied,2024-05-28
A0291,J0308,S0650,Accepted,2024-02-09
A0292,J0068,S0521,Under Review,2024-06-18
A0293,J0137,S0706,Applied,2024-01-03
A0294,J0434,S0507,Applied,2024-12-01
A0295,J0324,S0210,Rejected,2024-05-10
A0296,J0487,S0926,Rejected,2024-03-27
A0297,J0001,S0421,Under Review,2024-07-26
A0298,J0422,S0744,Accepted,2024-04-20
A0299,J0088,S0926,Applied,2024-09-11
A0300,J0069,S0645,Rejected,2024-01-16
A0301,J0270,S0793,Under Review,2024-01-01
A0302,J0124,S0845,Accepted,2024-04-15
A0303,J0042,S0725,Accepted,2024-08-13
A0304,J0304,S0012,Under Review,2024-11-20
A0305,J0045,S0368,Applied,2024-04-26
A0306,J0170,S0845,Accepted,2024-10-30
A0307,J0242,S0353,Applied,2024-08-30
A0308,J0434,S0472,Under Review,2024-06-13
A0309,J0214,S0099,Under Review,2024-04-10
A0310,J0354,S0370,Accepted,2024-08-02
A0311,J0005,S0237,Applied,2023-12-10
A0312,J0095,S0430,Accepted,2024-01-25
A0313,J0016,S0127,Rejected,2024-10-19
A0314,J0336,S0776,Applied,2024-07-29
A0315,J0120,S0490,Rejected,2024-07-30
A0316,J0150,S0242,Under Review,2024-01-29
A0317,J0224,S0034,Rejected,2024-05-16
A0318,J0308,S0127,Rejected,2024-03-24
A0319,J0003,S1000,Accepted,2024-05-15
A0320,J0209,S0532,Accepted,2024-04-11
A0321,J0271,S0236,Applied,2023-12-05
A0322,J0296,S0647,Accepted,2024-06-09
A0323,J0394,S0537,Accepted,2024-06-16
A0324,J0275,S0247,Applied,2024-07-14
A0325,J0249,S0624,Applied,2024-10-06
A0326,J0174,S0342,Accepted,2024-01-06
A0327,J0374,S0529,Applied,2024-05-14
A0328,J0053,S0700,Accepted,2024-03-04
A0329,J0147,S0338,Rejected,2024-05-24
A0330,J0350,S0013,Under Review,2024-02-16
A0331,J0341,S0597,Applied,2024-01-19
A0332,J0326,S0283,Rejected,2024-05-17
A0333,J0270,S0897,Rejected,2024-01-22
A0334,J0138,S0095,Under Review,2023-12-25
A0335,J0458,S0868,Applied,2024-11-07
A0336,J0367,S0616,Rejected,2024-08-15
A0337,J0296,S0692,Rejected,2024-04-27
A0338,J0032,S0307,Under Review,2023-12-10
A0339,J0305,S0597,Rejected,2024-08-07
A0340,J0279,S0933,Applied,2024-03-03
A0341,J0177,S0703,Under Review,2024-01-10
A0342,J0040,S0895,Rejected,2024-10-08
A0343,J0401,S0148,Under Review,2024-11-20
A0344,J0258,S0990,Applied,2024-06-04
A0345,J0343,S0774,Rejected,2023-12-22
A0346,J0097,S0852,Applied,2024-11-20
A0347,J0290,S0159,Applied,2024-11-08
A0348,J0426,S0744,Under Review,2024-10-22
A0349,J0486,S0344,Under Review,2024-01-22
A0350,J0246,S0805,Applied,2024-10-04
A0351,J0476,S0873,Accepted,2024-07-24
A0352,J0454,S0993,Applied,2024-08-30
A0353,J0162,S0834,Accepted,2023-12-08
A0354,J0191,S0272,Applied,2024-07-15
A0355,J0098,S0018,Rejected,2024-06-21
A0356,J0355,S0626,Under Review,2024-09-20
A0357,J0396,S0877,Under Review,2023-12-07
A0358,J0178,S0667,Accepted,2024-06-07
A0359,J0453,S0961,Accepted,2024-06-15
A0360,J0016,S0319,Applied,2024-01-03
A0361,J0363,S0893,Accepted,2024-05-10
A0362,J0086,S0813,Accepted,2024-08-06
A0363,J0308,S0533,Accepted,2024-04-26
A0364,J0196,S0066,Rejected,2024-09-17
A0365,J0471,S0743,Applied,2024-10-14
A0366,J0448,S0131,Rejected,2024-11-18
A0367,J0124,S0551,Under Review,2024-07-17
A0368,J0147,S0828,Rejected,2024-04-22
A0369,J0226,S0251,Applied,2024-02-15
A0370,J0412,S0172,Under Review,2024-06-03
A0371,J0384,S0596,Under Review,2024-10-01
A0372,J0014,S0812,Rejected,2024-09-08
A0373,J0462,S0171,Rejected,2024-01-15
A0374,J0094,S0303,Under Review,2024-06-09
A0375,J0253,S0895,Applied,2024-01-08
A0376,J0256,S0790,Rejected,2024-11-16
A0377,J0482,S0549,Under Review,2024-07-01
A0378,J0436,S0875,Rejected,2024-06-28
A0379,J0161,S0827,Rejected,2024-05-02
A0380,J0044,S0285,Accepted,2024-04-18
A0381,J0033,S0649,Accepted,2024-04-07
A0382,J0004,S0579,Applied,2024-06-29
A0383,J0135,S0596,Under Review,2024-02-27
A0384,J0080,S0289,Accepted,2024-10-20
A0385,J0289,S0445,Rejected,2024-02-19
A0386,J0362,S0876,Applied,2024-07-23
A0387,J0197,S0900,Rejected,2023-12-03
A0388,J0234,S0904,Applied,2024-01-11
A0389,J0422,S0727,Under Review,2024-06-04
A0390,J0136,S0155,Applied,2023-12-28
A0391,J0141,S0943,Rejected,2024-04-28
A0392,J0210,S0149,Accepted,2024-08-01
A0393,J0225,S0419,Rejected,2024-07-26
A0394,J0162,S0533,Accepted,2024-05-28
A0395,J0428,S0365,Under Review,2024-01-20
A0396,J0131,S0738,Applied,2024-03-23
A0397,J0393,S0968,Under Review,2024-11-19
A0398,J0260,S0877,Applied,2024-10-05
A0399,J0211,S0924,Rejected,2024-10-07
A0400,J0458,S0666,Under Review,2024-03-13
A0401,J0445,S0106,Under Review,2024-02-11
A0402,J0458,S0014,Under Review,2024-05-26
A0403,J0318,S0265,Accepted,2024-10-21
A0404,J0332,S0018,Rejected,2024-03-16
A0405,J0229,S0351,Under Review,2024-05-04
A0406,J0198,S0209,Under Review,2024-08-06
A0407,J0496,S0456,Accepted,2024-09-10
A0408,J0441,S0691,Applied,2024-03-18
A0409,J0437,S0574,Under Review,2024-03-09
A0410,J0238,S0933,Applied,2024-09-27
A0411,J0490,S0862,Accepted,2024-10-05
A0412,J0254,S0048,Accepted,2024-07-20
A0413,J0096,S0396,Under Review,2023-12-27
A0414,J0483,S0768,Applied,2024-06-12
A0415,J0030,S0774,Accepted,2024-03-30
A0416,J0234,S0466,Rejected,2024-08-17
A0417,J0334,S0153,Under Review,2024-06-01
A0418,J0039,S0730,Under Review,2024-06-04
A0419,J0005,S0742,Applied,2024-04-18
A0420,J0191,S0485,Under Review,2024-06-14
A0421,J0431,S0254,Under Review,2024-09-11
A0422,J0166,S1000,Under Review,2024-08-09
A0423,J0492,S0577,Accepted,2024-11-18
A0424,J0421,S0448,Accepted,2024-02-11
A0425,J0291,S0683,Under Review,2024-08-07
A0426,J0075,S0702,Applied,2024-11-05
A0427,J0324,S0318,Applied,2023-12-30
A0428,J0111,S0926,Accepted,2024-08-29
A0429,J0186,S0306,Applied,2024-11-08
A0430,J0470,S0624,Applied,2023-12-09
A0431,J0418,S0163,Applied,2024-05-08
A0432,J0038,S0666,Applied,2024-11-16
A0433,J0121,S0706,Rejected,2024-05-07
A0434,J0286,S0527,Rejected,2024-01-26
A0435,J0327,S0065,Accepted,2024-03-30
A0436,J0304,S0408,Rejected,2024-10-29
A0437,J0286,S0714,Applied,2023-12-18
A0438,J0401,S0661,Accepted,2024-10-20
A0439,J0343,S0654,Accepted,2024-06-29
A0440,J0404,S0159,Rejected,2024-10-26
A0441,J0406,S0582,Applied,2024-02-17
A0442,J0289,S0189,Applied,2024-11-03
A0443,J0333,S0390,Rejected,2024-09-25
A0444,J0357,S0549,Under Review,2024-07-07
A0445,J0477,S0586,Applied,2024-02-28
A0446,J0110,S0465,Applied,2024-04-15
A0447,J0079,S0184,Applied,2024-11-06
A0448,J0382,S0500,Applied,2024-03-09
A0449,J0323,S0579,Applied,2024-03-19
A0450,J0051,S0043,Applied,2024-10-15
A0451,J0019,S0200,Under Review,2024-08-23
A0452,J0232,S0988,Accepted,2024-07-26
A0453,J0387,S0881,Rejected,2024-10-16
A0454,J0331,S0794,Applied,2024-11-13
A0455,J0134,S0055,Accepted,2024-05-29
A0456,J0131,S0983,Under Review,2024-05-03
A0457,J0056,S0280,Rejected,2024-01-19
A0458,J0375,S0586,Under Review,2024-02-18
A0459,J0456,S0580,Accepted,2024-06-11
A0460,J0270,S0736,Rejected,2024-05-31
A0461,J0460,S0287,Under Review,2024-08-27
A0462,J0158,S0760,Rejected,2024-05-29
A0463,J0467,S0633,Under Review,2024-07-21
A0464,J0251,S0775,Accepted,2024-05-06
A0465,J0411,S0202,Applied,2024-04-15
A0466,J0108,S0220,Rejected,2024-04-01
A0467,J0186,S0913,Accepted,2024-05-09
A0468,J0353,S0946,Under Review,2024-11-17
A0469,J0336,S0758,Under Review,2024-02-09
A0470,J0110,S0580,Rejected,2024-11-05
A0471,J0278,S0819,Applied,2024-01-14
A0472,J0291,S0715,Under Review,2024-11-24
A0473,J0469,S0274,Under Review,2023-12-03
A0474,J0038,S0173,Accepted,2024-08-25
A0475,J0061,S0358,Applied,2024-08-01
A0476,J0179,S0336,Rejected,2024-01-08
A0477,J0092,S0555,Under Review,2024-11-20
A0478,J0228,S0496,Accepted,2024-06-27
A0479,J0295,S0833,Applied,2024-11-05
A0480,J0461,S0826,Rejected,2024-11-07
A0481,J0263,S0568,Under Review,2024-06-19
A0482,J0434,S0635,Accepted,2024-06-09
A0483,J0135,S0587,Rejected,2024-03-31
A0484,J0421,S0707,Under Review,2024-10-25
A0485,J0405,S0219,Under Review,2024-07-05
A0486,J0346,S0497,Accepted,2024-03-24
A0487,J0113,S0672,Rejected,2024-08-11
A0488,J0224,S0787,Under Review,2024-09-29
A0489,J0296,S0526,Applied,2024-08-31
A0490,J0262,S0216,Under Review,2024-07-05
A0491,J0272,S0938,Accepted,2024-11-17
A0492,J0339,S0474,Accepted,2024-05-12
A0493,J0079,S0186,Accepted,2024-01-29
A0494,J0397,S0880,Under Review,2024-07-29
A0495,J0050,S0856,Applied,2024-10-06
A0496,J0115,S0377,Rejected,2024-03-11
A0497,J0100,S0494,Applied,2024-08-30
A0498,J0394,S0971,Rejected,2024-02-29
A0499,J0455,S0180,Applied,2023-12-17
A0500,J0155,S0298,Under Review,2024-11-04
A0501,J0264,S0832,Under Review,2024-09-13
A0502,J0071,S0692,Under Review,2023-12-23
A0503,J0007,S0003,Accepted,2024-06-15
A0504,J0302,S0851,Applied,2024-02-23
A0505,J0300,S0362,Under Review,2024-03-21
A0506,J0384,S0571,Under Review,2024-05-14
A0507,J0443,S0821,Accepted,2024-04-06
A0508,J0007,S0888,Rejected,2024-06-20
A0509,J0336,S0052,Accepted,2024-02-25
A0510,J0332,S0458,Rejected,2024-11-17
A0511,J0112,S0859,Applied,2023-12-30
A0512,J0046,S0784,Rejected,2024-08-03
A0513,J0473,S0777,Accepted,2024-08-03
A0514,J0233,S0711,Rejected,2024-09-26
A0515,J0366,S0446,Rejected,2024-06-30
A0516,J0303,S0697,Applied,2024-05-15
A0517,J0332,S0132,Rejected,2023-12-23
A0518,J0206,S0436,Under Review,2024-01-23
A0519,J0362,S0584,Rejected,2024-09-22
A0520,J0298,S0087,Under Review,2024-05-10
A0521,J0090,S0250,Accepted,2024-06-10
A0522,J0186,S0301,Accepted,2024-04-08
A0523,J0032,S0981,Rejected,2024-01-18
A0524,J0310,S0166,Under Review,2024-08-04
A0525,J0220,S0858,Accepted,2024-09-24
A0526,J0161,S0805,Accepted,2024-09-04
A0527,J0068,S0528,Applied,2024-07-05
A0528,J0390,S0115,Accepted,2024-01-13
A0529,J0444,S0258,Accepted,2024-07-23
A0530,J0073,S0604,Under Review,2024-04-10
A0531,J0402,S0208,Under Review,2024-09-21
A0532,J0395,S0857,Applied,2024-11-26
A0533,J0350,S0359,Rejected,2024-02-08
A0534,J0497,S0502,Applied,2024-04-08
A0535,J0141,S0462,Accepted,2024-06-05
A0536,J0094,S0429,Applied,2024-11-13
A0537,J0274,S0400,Rejected,2024-07-20
A0538,J0174,S0630,Applied,2024-10-30
A0539,J0414,S0723,Accepted,2024-06-26
A0540,J0330,S0012,Accepted,2024-09-06
A0541,J0036,S0993,Applied,2024-09-26
A0542,J0417,S0733,Accepted,2024-10-22
A0543,J0165,S0602,Rejected,2024-09-02
A0544,J0067,S0910,Applied,2024-07-07
A0545,J0092,S0702,Applied,2024-02-28
A0546,J0412,S0259,Accepted,2024-01-13
A0547,J0437,S0840,Accepted,2024-07-08
A0548,J0079,S0061,Applied,2024-06-23
A0549,J0344,S0386,Under Review,2023-12-13
A0550,J0060,S0486,Applied,2024-04-20
A0551,J0193,S0524,Accepted,2024-10-25
A0552,J0365,S0911,Applied,2024-11-09
A0553,J0247,S0431,Applied,2024-07-08
A0554,J0208,S0767,Applied,2024-07-09
A0555,J0023,S0515,Accepted,2024-01-31
A0556,J0059,S0565,Under Review,2024-01-28
A0557,J0119,S0903,Accepted,2024-08-14
A0558,J0410,S0412,Rejected,2024-03-05
A0559,J0342,S0969,Under Review,2024-01-06
A0560,J0115,S0013,Under Review,2024-08-10
A0561,J0175,S0950,Under Review,2024-03-12
A0562,J0408,S0198,Under Review,2024-06-30
A0563,J0376,S0694,Accepted,2024-06-11
A0564,J0431,S0623,Accepted,2024-10-26
A0565,J0419,S0828,Rejected,2024-03-16
A0566,J0207,S0778,Rejected,2024-09-21
A0567,J0008,S0188,Accepted,2024-07-24
A0568,J0277,S0103,Accepted,2024-02-08
A0569,J0404,S0097,Under Review,2023-12-03
A0570,J0234,S0618,Rejected,2024-01-06
A0571,J0265,S0114,Applied,2024-05-23
A0572,J0130,S0690,Accepted,2024-07-21
A0573,J0116,S0546,Rejected,2024-04-04
A0574,J0227,S0902,Under Review,2024-04-30
A0575,J0293,S0690,Applied,2024-04-15
A0576,J0074,S0745,Rejected,2024-07-26
A0577,J0497,S0357,Rejected,2024-08-16
A0578,J0459,S0146,Rejected,2024-01-17
A0579,J0461,S0470,Accepted,2024-09-02
A0580,J0060,S0065,Rejected,2024-11-10
A0581,J0227,S0715,Accepted,2024-10-11
A0582,J0351,S0326,Under Review,2024-08-04
A0583,J0153,S0473,Applied,2024-07-09
A0584,J0370,S0385,Rejected,2024-08-16
A0585,J0134,S0217,Applied,2024-09-14
A0586,J0223,S0891,Accepted,2024-03-31
A0587,J0300,S0225,Rejected,2024-03-03
A0588,J0022,S0544,Rejected,2024-09-09
A0589,J0005,S0747,Applied,2023-12-15
A0590,J0464,S0530,Accepted,2024-07-27
A0591,J0427,S0842,Under Review,2023-12-23
A0592,J0451,S0886,Applied,2024-11-20
A0593,J0304,S0789,Under Review,2024-03-26
A0594,J0341,S0787,Under Review,2023-12-28
A0595,J0462,S0199,Rejected,2024-03-14
A0596,J0056,S0508,Rejected,2024-03-18
A0597,J0093,S0834,Accepted,2024-06-16
A0598,J0396,S0536,Under Review,2023-12-27
A0599,J0046,S0283,Under Review,2023-12-26
A0600,J0039,S0634,Accepted,2024-04-22
A0601,J0381,S0570,Rejected,2024-03-15
A0602,J0242,S0934,Rejected,2024-11-03
A0603,J0268,S0903,Rejected,2024-03-12
A0604,J0125,S0822,Rejected,2024-07-21
A0605,J0206,S0229,Under Review,2024-11-12
A0606,J0065,S0651,Accepted,2024-06-03
A0607,J0251,S0399,Under Review,2024-01-24
A0608,J0303,S0724,Applied,2024-02-23
A0609,J0042,S0103,Rejected,2024-08-31
A0610,J0054,S0737,Applied,2024-03-06
A0611,J0130,S0827,Accepted,2024-03-30
A0612,J0032,S0888,Under Review,2024-04-01
A0613,J0050,S0712,Applied,2024-01-24
A0614,J0254,S0587,Applied,2024-07-07
A0615,J0479,S0889,Rejected,2024-10-21
A0616,J0483,S0689,Accepted,2024-10-27
A0617,J0025,S0039,Rejected,2023-12-08
A0618,J0009,S0604,Accepted,2024-03-31
A0619,J0272,S0459,Accepted,2024-02-26
A0620,J0426,S0052,Rejected,2023-12-18
A0621,J0441,S0410,Under Review,2024-06-24
A0622,J0221,S0087,Applied,2024-02-12
A0623,J0480,S0079,Accepted,2024-07-12
A0624,J0138,S0345,Applied,2023-12-12
A0625,J0483,S0229,Accepted,2024-08-24
A0626,J0467,S0837,Under Review,2024-05-18
A0627,J0495,S0108,Accepted,2024-08-20
A0628,J0472,S0111,Accepted,2024-08-15
A0629,J0343,S0510,Under Review,2024-06-16
A0630,J0304,S0382,Under Review,2024-09-26
A0631,J0412,S0011,Under Review,2024-02-12
A0632,J0253,S0226,Under Review,2023-12-27
A0633,J0289,S0079,Under Review,2024-08-16
A0634,J0498,S0249,Applied,2024-10-05
A0635,J0137,S0896,Under Review,2024-07-11
A0636,J0227,S0072,Applied,2024-07-09
A0637,J0095,S0498,Rejected,2024-04-08
A0638,J0321,S0749,Under Review,2024-09-10
A0639,J0320,S0726,Rejected,2023-12-24
A0640,J0327,S0450,Accepted,2024-07-21
A0641,J0419,S0818,Accepted,2024-10-21
A0642,J0342,S0119,Under Review,2024-04-11
A0643,J0331,S0689,Accepted,2024-05-14
A0644,J0458,S0389,Applied,2024-10-28
A0645,J0334,S0726,Under Review,2024-03-26
A0646,J0216,S0481,Under Review,2024-03-10
A0647,J0342,S0350,Under Review,2024-02-06
A0648,J0126,S0839,Rejected,2024-02-18
A0649,J0198,S0055,Rejected,2024-01-14
A0650,J0435,S0082,Under Review,2024-08-04
A0651,J0440,S0481,Accepted,2024-05-03
A0652,J0174,S0258,Under Review,2024-09-22
A0653,J0274,S0786,Applied,2024-11-11
A0654,J0469,S0891,Under Review,2024-10-25
A0655,J0429,S0763,Accepted,2024-08-03
A0656,J0126,S0961,Under Review,2024-12-01
A0657,J0006,S0655,Under Review,2024-09-04
A0658,J0023,S0561,Accepted,2024-01-19
A0659,J0354,S0799,Under Review,2024-04-05
A0660,J0389,S0648,Rejected,2024-11-14
A0661,J0388,S0271,Under Review,2024-02-02
A0662,J0387,S0315,Rejected,2024-08-19
A0663,J0267,S0981,Applied,2024-09-17
A0664,J0500,S0594,Under Review,2024-01-16
A0665,J0090,S0146,Accepted,2024-11-03
A0666,J0402,S0773,Applied,2024-07-31
A0667,J0273,S0407,Applied,2024-05-05
A0668,J0459,S0847,Applied,2024-09-14
A0669,J0164,S0659,Under Review,2024-04-02
A0670,J0303,S0910,Accepted,2023-12-08
A0671,J0318,S0904,Accepted,2024-06-16
A0672,J0191,S0255,Rejected,2023-12-29
A0673,J0335,S0741,Rejected,2024-09-05
A0674,J0350,S0250,Applied,2024-05-27
A0675,J0010,S0278,Accepted,2024-07-13
A0676,J0422,S0213,Under Review,2024-02-26
A0677,J0220,S0880,Applied,2024-09-29
A0678,J0409,S0796,Applied,2024-01-12
A0679,J0422,S0552,Rejected,2024-02-18
A0680,J0490,S0135,Rejected,2024-09-15
A0681,J0043,S0927,Rejected,2024-03-15
A0682,J0333,S0145,Rejected,2024-02-23
A0683,J0308,S0665,Applied,2024-10-30
A0684,J0468,S0830,Under Review,2023-12-30
A0685,J0055,S0805,Rejected,2024-04-16
A0686,J0104,S0836,Applied,2024-06-26
A0687,J0019,S0114,Rejected,2024-03-30
A0688,J0056,S0485,Under Review,2024-11-23
A0689,J0072,S0448,Rejected,2024-05-10
A0690,J0020,S0910,Under Review,2023-12-27
A0691,J0111,S0035,Under Review,2024-09-27
A0692,J0227,S0075,Accepted,2024-07-07
A0693,J0124,S0997,Under Review,2024-10-19
A0694,J0486,S0074,Accepted,2024-09-22
A0695,J0476,S0704,Rejected,2024-04-26
A0696,J0233,S0430,Applied,2024-05-31
A0697,J0211,S0474,Accepted,2024-06-26
A0698,J0076,S0680,Rejected,2024-07-10
A0699,J0372,S0193,Rejected,2024-05-04
A0700,J0323,S0322,Rejected,2024-03-12
A0701,J0029,S0094,Rejected,2024-11-02
A0702,J0438,S0321,Rejected,2024-07-15
A0703,J0383,S0227,Rejected,2024-02-06
A0704,J0049,S0275,Rejected,2024-03-06
A0705,J0374,S0195,Under Review,2024-08-21
A0706,J0183,S0342,Accepted,2024-01-06
A0707,J0351,S0045,Accepted,2024-11-09
A0708,J0382,S0864,Accepted,2024-11-23
A0709,J0288,S0315,Rejected,2024-02-02
A0710,J0313,S0429,Accepted,2024-03-10
A0711,J0033,S0782,Applied,2024-04-30
A0712,J0351,S0216,Accepted,2023-12-04
A0713,J0102,S0547,Accepted,2024-08-16
A0714,J0140,S0213,Under Review,2024-02-09
A0715,J0422,S0910,Applied,2024-02-22
A0716,J0211,S0748,Applied,2023-12-18
A0717,J0369,S0878,Applied,2024-08-26
A0718,J0054,S0057,Applied,2024-07-29
A0719,J0133,S0059,Accepted,2023-12-14
A0720,J0249,S0804,Accepted,2024-10-16
A0721,J0241,S0710,Under Review,2024-03-27
A0722,J0068,S0008,Rejected,2024-11-03
A0723,J0457,S0411,Under Review,2024-08-06
A0724,J0346,S0057,Under Review,2024-06-07
A0725,J0070,S0887,Applied,2024-01-23
A0726,J0480,S0153,Applied,2024-02-01
A0727,J0264,S0840,Accepted,2024-02-18
A0728,J0071,S0705,Rejected,2024-04-29
A0729,J0165,S0389,Applied,2024-11-25
A0730,J0445,S0886,Accepted,2024-05-08
A0731,J0248,S0116,Accepted,2024-11-05
A0732,J0080,S0047,Applied,2024-06-13
A0733,J0100,S0550,Under Review,2024-04-23
A0734,J0350,S0240,Under Review,2024-08-16
A0735,J0356,S0738,Under Review,2024-11-30
A0736,J0301,S0330,Accepted,2024-06-11
A0737,J0013,S0399,Under Review,2024-04-05
A0738,J0341,S0608,Applied,2024-07-28
A0739,J0386,S0544,Rejected,2024-09-18
A0740,J0111,S0314,Applied,2024-09-04
A0741,J0138,S0210,Applied,2024-02-16
A0742,J0360,S0254,Rejected,2024-03-09
A0743,J0014,S0288,Applied,2024-06-12
A0744,J0122,S0855,Applied,2024-03-19
A0745,J0263,S0980,Accepted,2024-06-07
A0746,J0126,S0645,Applied,2024-08-13
A0747,J0439,S0107,Accepted,2024-11-07
A0748,J0186,S0449,Applied,2024-03-03
A0749,J0280,S0407,Rejected,2024-11-20
A0750,J0260,S0523,Accepted,2024-01-09
A0751,J0435,S0755,Rejected,2024-01-29
A0752,J0209,S0487,Applied,2024-03-09
A0753,J0344,S0282,Under Review,2024-11-09
A0754,J0138,S0054,Applied,2024-06-29
A0755,J0424,S0008,Applied,2023-12-06
A0756,J0004,S0852,Under Review,2024-12-02
A0757,J0148,S0512,Under Review,2024-02-04
A0758,J0237,S0070,Rejected,2024-02-15
A0759,J0190,S0695,Under Review,2024-02-23
A0760,J0234,S0106,Under Review,2024-03-29
A0761,J0292,S0145,Accepted,2024-08-29
A0762,J0174,S0711,Under Review,2024-05-01
A0763,J0059,S0582,Rejected,2024-11-20
A0764,J0257,S0088,Applied,2024-02-22
A0765,J0441,S0704,Applied,2024-07-14
A0766,J0023,S0336,Accepted,2024-05-01
A0767,J0232,S0405,Accepted,2024-04-12
A0768,J0298,S0990,Rejected,2024-10-06
A0769,J0136,S0912,Accepted,2024-09-05
A0770,J0465,S0077,Under Review,2024-08-10
A0771,J0009,S0971,Accepted,2024-04-22
A0772,J0306,S0101,Applied,2024-10-18
A0773,J0422,S0254,Under Review,2024-03-23
A0774,J0154,S0383,Accepted,2024-08-01
A0775,J0432,S0005,Accepted,2024-10-04
A0776,J0341,S0524,Applied,2024-09-04
A0777,J0188,S0826,Under Review,2024-09-23
A0778,J0353,S0643,Applied,2024-09-25
A0779,J0276,S0065,Accepted,2024-05-31
A0780,J0162,S0312,Under Review,2024-09-14
A0781,J0394,S0695,Applied,2024-02-09
A0782,J0246,S0354,Rejected,2024-03-02
A0783,J0076,S0564,Rejected,2024-11-15
A0784,J0436,S0436,Rejected,2024-05-06
A0785,J0250,S0907,Accepted,2024-09-12
A0786,J0318,S0593,Under Review,2024-07-12
A0787,J0011,S0444,Under Review,2024-01-13
A0788,J0468,S0093,Applied,2024-08-29
A0789,J0493,S0337,Rejected,2024-01-21
A0790,J0319,S0083,Rejected,2024-04-06
A0791,J0066,S0512,Rejected,2024-04-26
A0792,J0183,S0159,Applied,2024-04-02
A0793,J0245,S0624,Rejected,2024-06-08
A0794,J0384,S0815,Rejected,2024-02-02
A0795,J0484,S0770,Rejected,2024-04-01
A0796,J0156,S0344,Accepted,2024-01-04
A0797,J0203,S0307,Rejected,2024-09-05
A0798,J0156,S0583,Applied,2024-04-20
A0799,J0372,S0047,Under Review,2024-09-01
A0800,J0008,S0389,Applied,2024-06-14
A0801,J0392,S0847,Under Review,2024-11-07
A0802,J0061,S0888,Under Review,2024-08-05
A0803,J0063,S0332,Under Review,2024-02-25
A0804,J0387,S0056,Under Review,2024-03-06
A0805,J0379,S0793,Applied,2023-12-23
A0806,J0153,S0506,Under Review,2024-05-18
A0807,J0492,S0307,Accepted,2024-06-22
A0808,J0350,S0116,Under Review,2024-03-13
A0809,J0367,S0393,Accepted,2024-02-16
A0810,J0068,S0936,Rejected,2024-06-03
A0811,J0285,S0084,Under Review,2024-07-10
A0812,J0196,S0390,Applied,2024-08-07
A0813,J0388,S0057,Under Review,2024-02-15
A0814,J0324,S0588,Rejected,2024-04-04
A0815,J0245,S0427,Accepted,2024-09-01
A0816,J0472,S0671,Under Review,2024-08-09
A0817,J0262,S0555,Accepted,2024-02-02
A0818,J0140,S0595,Under Review,2023-12-14
A0819,J0343,S0116,Accepted,2024-09-08
A0820,J0038,S0808,Applied,2024-07-29
A0821,J0197,S0229,Accepted,2024-06-18
A0822,J0304,S0985,Under Review,2024-02-06
A0823,J0015,S0895,Applied,2024-05-09
A0824,J0295,S0184,Under Review,2024-04-28
A0825,J0379,S0453,Accepted,2023-12-07
A0826,J0347,S0834,Accepted,2024-06-25
A0827,J0169,S0875,Applied,2024-09-12
A0828,J0293,S0263,Under Review,2024-06-18
A0829,J0299,S0424,Accepted,2024-04-26
A0830,J0326,S0517,Rejected,2024-05-02
A0831,J0081,S0771,Under Review,2024-10-29
A0832,J0261,S0751,Rejected,2024-06-15
A0833,J0356,S0382,Accepted,2024-07-29
A0834,J0253,S0555,Applied,2024-11-07
A0835,J0317,S0395,Applied,2024-10-13
A0836,J0165,S0450,Under Review,2024-11-27
A0837,J0443,S0249,Rejected,2024-04-06
A0838,J0067,S0996,Accepted,2024-04-12
A0839,J0489,S0723,Accepted,2024-03-29
A0840,J0216,S0312,Rejected,2024-06-06
A0841,J0199,S0485,Accepted,2024-10-27
A0842,J0373,S0377,Applied,2024-11-19
A0843,J0142,S0038,Under Review,2024-03-21
A0844,J0260,S0055,Rejected,2024-05-01
A0845,J0492,S0761,Rejected,2023-12-30
A0846,J0245,S0702,Under Review,2024-10-23
A0847,J0274,S0604,Under Review,2024-04-08
A0848,J0078,S0103,Accepted,2024-11-01
A0849,J0435,S0113,Accepted,2023-12-27
A0850,J0494,S0769,Under Review,2024-01-24
A0851,J0024,S0937,Applied,2024-01-16
A0852,J0435,S0770,Accepted,2024-06-22
A0853,J0258,S0274,Accepted,2023-12-09
A0854,J0137,S0409,Under Review,2024-04-22
A0855,J0337,S0964,Accepted,2024-01-28
A0856,J0239,S0866,Under Review,2024-03-06
A0857,J0044,S0163,Accepted,2024-09-13
A0858,J0427,S0075,Accepted,2024-02-02
A0859,J0418,S0508,Applied,2024-08-19
A0860,J0367,S0150,Accepted,2024-08-02
A0861,J0078,S0025,Applied,2024-11-22
A0862,J0005,S0892,Applied,2024-02-19
A0863,J0152,S0793,Applied,2024-09-27
A0864,J0358,S0320,Accepted,2024-03-05
A0865,J0417,S0906,Applied,2023-12-15
A0866,J0463,S0935,Applied,2024-08-06
A0867,J0267,S0486,Applied,2024-08-21
A0868,J0447,S0417,Rejected,2024-11-17
A0869,J0098,S0702,Applied,2024-03-09
A0870,J0269,S0017,Under Review,2024-02-16
A0871,J0430,S0678,Under Review,2024-06-17
A0872,J0378,S0278,Accepted,2024-08-26
A0873,J0270,S0589,Under Review,2024-01-29
A0874,J0216,S0435,Rejected,2024-04-20
A0875,J0298,S0309,Under Review,2024-10-21
A0876,J0319,S0364,Under Review,2024-06-01
A0877,J0003,S0756,Under Review,2024-06-26
A0878,J0181,S0639,Rejected,2024-04-11
A0879,J0196,S0755,Under Review,2024-08-19
A0880,J0192,S0981,Rejected,2024-07-14
A0881,J0036,S0307,Under Review,2024-06-27
A0882,J0002,S0990,Applied,2024-03-31
A0883,J0441,S0296,Under Review,2024-05-03
A0884,J0222,S0934,Rejected,2024-09-28
A0885,J0312,S0411,Rejected,2024-09-08
A0886,J0292,S0307,Rejected,2024-09-15
A0887,J0240,S0811,Under Review,2024-03-16
A0888,J0445,S0732,Rejected,2024-07-31
A0889,J0187,S0768,Rejected,2024-09-12
A0890,J0158,S0647,Under Review,2024-02-13
A0891,J0162,S0388,Under Review,2024-11-12
A0892,J0410,S0386,Under Review,2024-07-03
A0893,J0354,S0008,Applied,2024-08-25
A0894,J0196,S0942,Accepted,2024-09-05
A0895,J0249,S0721,Applied,2024-04-08
A0896,J0116,S0943,Rejected,2024-11-11
A0897,J0018,S0068,Rejected,2024-01-24
A0898,J0008,S0557,Accepted,2024-07-22
A0899,J0130,S0516,Under Review,2024-07-07
A0900,J0282,S0986,Rejected,2024-07-08
A0901,J0172,S0554,Rejected,2024-07-26
A0902,J0031,S0446,Rejected,2024-04-28
A0903,J0449,S0117,Rejected,2024-03-11
A0904,J0193,S0599,Rejected,2024-10-17
A0905,J0448,S0056,Accepted,2024-10-29
A0906,J0351,S0551,Rejected,2024-09-08
A0907,J0170,S0088,Accepted,2024-05-20
A0908,J0226,S0938,Under Review,2024-03-11
A0909,J0077,S0008,Applied,2024-06-21
A0910,J0026,S0603,Rejected,2024-07-06
A0911,J0044,S0195,Rejected,2024-08-28
A0912,J0355,S0500,Applied,2024-10-21
A0913,J0041,S0493,Rejected,2024-10-03
A0914,J0330,S0605,Accepted,2023-12-26
A0915,J0420,S0819,Under Review,2023-12-04
A0916,J0028,S0426,Rejected,2024-06-10
A0917,J0296,S0925,Rejected,2024-07-22
A0918,J0374,S0646,Applied,2024-04-17
A0919,J0037,S0518,Applied,2024-11-18
A0920,J0242,S0091,Rejected,2024-03-17
A0921,J0404,S0416,Applied,2024-09-09
A0922,J0413,S0644,Accepted,2024-06-15
A0923,J0172,S0580,Rejected,2024-09-04
A0924,J0340,S0074,Rejected,2024-02-15
A0925,J0252,S0245,Rejected,2024-04-01
A0926,J0337,S0311,Accepted,2024-07-06
A0927,J0035,S0525,Under Review,2024-02-01
A0928,J0034,S0159,Under Review,2024-08-08
A0929,J0358,S0027,Accepted,2024-02-14
A0930,J0350,S0256,Applied,2024-11-04
A0931,J0077,S0418,Under Review,2023-12-24
A0932,J0450,S0518,Rejected,2024-01-11
A0933,J0246,S0005,Rejected,2024-06-28
A0934,J0202,S0386,Under Review,2024-01-06
A0935,J0085,S0461,Applied,2024-07-30
A0936,J0261,S0697,Applied,2024-03-26
A0937,J0293,S0801,Accepted,2024-04-04
A0938,J0149,S0655,Applied,2024-02-24
A0939,J0024,S0790,Rejected,2024-06-19
A0940,J0162,S0083,Applied,2024-04-16
A0941,J0326,S0060,Under Review,2023-12-28
A0942,J0306,S0238,Rejected,2024-06-27
A0943,J0105,S0683,Applied,2024-09-16
A0944,J0330,S0980,Rejected,2024-10-10
A0945,J0077,S0811,Rejected,2024-09-11
A0946,J0084,S0794,Rejected,2024-02-12
A0947,J0133,S0360,Accepted,2023-12-13
A0948,J0099,S0179,Applied,2024-01-10
A0949,J0450,S0973,Applied,2024-10-11
A0950,J0217,S0971,Under Review,2024-04-04
A0951,J0020,S0165,Under Review,2024-09-05
A0952,J0486,S0905,Under Review,2024-10-08
A0953,J0412,S0453,Applied,2024-06-21
A0954,J0225,S0422,Under Review,2024-06-20
A0955,J0389,S0807,Under Review,2024-10-19
A0956,J0078,S0327,Accepted,2024-06-21
A0957,J0332,S0321,Rejected,2024-09-27
A0958,J0072,S0161,Rejected,2024-01-01
A0959,J0488,S0118,Rejected,2024-03-02
A0960,J0339,S0462,Applied,2024-05-19
A0961,J0152,S0657,Accepted,2024-08-10
A0962,J0197,S0815,Accepted,2024-08-10
A0963,J0236,S0663,Applied,2024-09-13
A0964,J0141,S0714,Accepted,2024-11-22
A0965,J0175,S0340,Under Review,2024-01-24
A0966,J0132,S0977,Accepted,2024-05-01
A0967,J0039,S0591,Applied,2024-05-12
A0968,J0002,S0570,Accepted,2024-08-28
A0969,J0489,S0435,Applied,2024-06-01
A0970,J0351,S0727,Rejected,2024-08-14
A0971,J0237,S0298,Under Review,2024-10-22
A0972,J0040,S0821,Accepted,2024-11-29
A0973,J0482,S0968,Applied,2024-01-19
A0974,J0197,S0814,Rejected,2024-07-13
A0975,J0098,S0085,Rejected,2024-10-25
A0976,J0100,S0858,Under Review,2024-09-02
A0977,J0189,S0852,Applied,2024-09-19
A0978,J0500,S0982,Accepted,2024-10-29
A0979,J0044,S0214,Accepted,2024-08-14
A0980,J0304,S0711,Accepted,2024-07-07
A0981,J0231,S0959,Under Review,2024-03-24
A0982,J0282,S0206,Applied,2023-12-16
A0983,J0427,S0651,Under Review,2024-03-06
A0984,J0221,S0608,Accepted,2024-05-29
A0985,J0057,S0732,Rejected,2024-03-14
A0986,J0249,S0568,Rejected,2024-09-10
A0987,J0150,S0098,Accepted,2023-12-29
A0988,J0206,S0361,Under Review,2024-04-02
A0989,J0056,S0844,Rejected,2024-09-05
A0990,J0055,S0903,Applied,2024-04-16
A0991,J0033,S0536,Applied,2024-01-04
A0992,J0437,S0985,Accepted,2023-12-18
A0993,J0337,S0919,Under Review,2024-04-20
A0994,J0404,S0408,Accepted,2024-05-25
A0995,J0113,S0653,Rejected,2023-12-22
A0996,J0411,S0669,Rejected,2024-06-25
A0997,J0477,S0838,Accepted,2024-09-17
A0998,J0357,S0005,Under Review,2024-01-29
A0999,J0146,S0529,Under Review,2024-07-28
A1000,J0049,S0366,Under Review,2024-01-10
A1001,J0136,S0008,Rejected,2024-05-14
A1002,J0057,S0412,Rejected,2024-07-21
A1003,J0071,S0965,Rejected,2024-03-01
A1004,J0047,S0461,Applied,2024-11-29
A1005,J0210,S0028,Applied,2024-08-09
A1006,J0231,S0049,Under Review,2024-01-27
A1007,J0031,S0974,Rejected,2024-05-20
A1008,J0364,S0235,Accepted,2024-06-15
A1009,J0044,S0287,Accepted,2024-08-13
A1010,J0400,S0852,Accepted,2024-04-07
A1011,J0361,S0206,Accepted,2024-06-17
A1012,J0469,S0850,Under Review,2024-01-19
A1013,J0434,S0480,Applied,2024-09-11
A1014,J0311,S0897,Rejected,2024-04-28
A1015,J0223,S0233,Under Review,2024-10-13
A1016,J0117,S0549,Under Review,2024-11-14
A1017,J0171,S0469,Accepted,2024-03-08
A1018,J0356,S0824,Accepted,2024-08-11
A1019,J0228,S0153,Applied,2024-01-18
A1020,J0028,S0145,Accepted,2024-12-02
A1021,J0421,S0153,Accepted,2024-04-01
A1022,J0134,S0169,Applied,2024-01-22
A1023,J0076,S0455,Under Review,2024-05-18
A1024,J0199,S0491,Rejected,2024-03-26
A1025,J0200,S0872,Rejected,2024-02-12
A1026,J0239,S0008,Accepted,2024-09-11
A1027,J0462,S0630,Accepted,2024-08-08
A1028,J0187,S0751,Applied,2024-01-21
A1029,J0050,S0561,Accepted,2024-09-27
A1030,J0033,S0795,Rejected,2024-08-15
A1031,J0446,S0389,Rejected,2023-12-27
A1032,J0445,S0366,Accepted,2024-08-03
A1033,J0345,S0502,Rejected,2024-01-22
A1034,J0361,S0312,Accepted,2024-01-15
A1035,J0222,S0885,Applied,2024-04-02
A1036,J0258,S0261,Applied,2024-08-09
A1037,J0151,S0240,Rejected,2024-05-15
A1038,J0325,S0300,Applied,2024-05-15
A1039,J0277,S0241,Rejected,2024-05-18
A1040,J0205,S0784,Applied,2024-10-20
A1041,J0002,S0701,Applied,2024-02-13
A1042,J0097,S0835,Rejected,2024-11-08
A1043,J0044,S0948,Applied,2024-02-23
A1044,J0473,S0148,Accepted,2024-06-03
A1045,J0282,S0078,Rejected,2024-09-02
A1046,J0403,S0087,Applied,2024-09-19
A1047,J0038,S0708,Under Review,2024-01-04
A1048,J0201,S0743,Rejected,2024-08-15
A1049,J0222,S0576,Rejected,2024-08-04
A1050,J0321,S0268,Under Review,2024-06-23
A1051,J0319,S0956,Rejected,2024-01-16
A1052,J0337,S0422,Under Review,2024-02-01
A1053,J0204,S0496,Applied,2024-07-07
A1054,J0368,S0803,Rejected,2024-04-26
A1055,J0233,S0640,Applied,2024-03-18
A1056,J0009,S0522,Rejected,2024-08-12
A1057,J0426,S0175,Under Review,2024-03-14
A1058,J0002,S0474,Rejected,2024-11-02
A1059,J0296,S0459,Applied,2024-02-03
A1060,J0373,S0995,Rejected,2024-03-25
A1061,J0151,S0825,Rejected,2024-08-12
A1062,J0171,S0751,Applied,2024-04-04
A1063,J0489,S0137,Rejected,2024-02-20
A1064,J0265,S0878,Accepted,2024-09-11
A1065,J0033,S0585,Under Review,2024-03-06
A1066,J0300,S0549,Rejected,2024-11-13
A1067,J0468,S0955,Rejected,2024-02-10
A1068,J0252,S0615,Rejected,2024-10-03
A1069,J0255,S0483,Accepted,2024-08-26
A1070,J0369,S0408,Rejected,2024-03-18
A1071,J0385,S0992,Under Review,2024-04-12
A1072,J0034,S0761,Under Review,2024-07-08
A1073,J0055,S0725,Applied,2024-02-28
A1074,J0361,S0204,Under Review,2024-01-17
A1075,J0083,S0536,Under Review,2024-01-14
A1076,J0454,S0888,Applied,2024-01-16
A1077,J0185,S0645,Rejected,2024-11-18
A1078,J0317,S0393,Under Review,2024-10-24
A1079,J0327,S0124,Rejected,2024-06-27
A1080,J0423,S0463,Rejected,2024-08-29
A1081,J0253,S0373,Under Review,2024-08-17
A1082,J0083,S0672,Applied,2024-02-28
A1083,J0373,S0196,Accepted,2024-01-03
A1084,J0425,S0691,Under Review,2024-01-07
A1085,J0003,S0940,Rejected,2024-04-23
A1086,J0026,S0348,Under Review,2024-07-18
A1087,J0169,S0433,Rejected,2024-11-02
A1088,J0100,S0898,Under Review,2024-03-10
A1089,J0233,S0241,Rejected,2024-02-26
A1090,J0250,S0998,Under Review,2024-01-20
A1091,J0469,S0702,Accepted,2024-10-23
A1092,J0285,S0254,Rejected,2024-11-06
A1093,J0214,S0084,Under Review,2024-01-21
A1094,J0131,S0585,Accepted,2024-05-24
A1095,J0305,S0029,Accepted,2024-03-05
A1096,J0243,S0965,Accepted,2024-03-04
A1097,J0146,S0549,Rejected,2024-11-13
A1098,J0144,S0388,Under Review,2024-08-27
A1099,J0137,S0180,Rejected,2024-06-28
A1100,J0283,S0203,Under Review,2024-08-06
A1101,J0465,S0116,Under Review,2024-11-06
A1102,J0457,S0754,Applied,2024-04-05
A1103,J0356,S0934,Under Review,2024-06-09
A1104,J0092,S0967,Accepted,2024-12-01
A1105,J0353,S0259,Under Review,2024-06-03
A1106,J0478,S0770,Rejected,2024-01-25
A1107,J0060,S0707,Applied,2024-07-04
A1108,J0222,S0022,Rejected,2024-02-04
A1109,J0400,S0206,Applied,2024-05-08
A1110,J0343,S0042,Applied,2024-11-21
A1111,J0050,S0643,Accepted,2024-03-03
A1112,J0447,S0602,Applied,2024-02-10
A1113,J0073,S0295,Applied,2024-07-03
A1114,J0074,S0655,Rejected,2024-06-10
A1115,J0081,S0567,Rejected,2024-10-24
A1116,J0472,S0554,Applied,2024-05-31
A1117,J0431,S0191,Applied,2024-05-16
A1118,J0426,S0369,Under Review,2024-03-21
A1119,J0031,S0344,Under Review,2024-03-08
A1120,J0144,S0028,Applied,2024-02-25
A1121,J0384,S0673,Rejected,2023-12-14
A1122,J0031,S0377,Under Review,2024-03-12
A1123,J0151,S0993,Applied,2024-09-28
A1124,J0415,S0886,Accepted,2024-05-15
A1125,J0071,S0758,Applied,2024-02-27
A1126,J0183,S0400,Accepted,2024-01-17
A1127,J0106,S0039,Under Review,2024-02-21
A1128,J0327,S0061,Applied,2024-10-15
A1129,J0039,S0161,Under Review,2024-01-11
A1130,J0454,S0678,Accepted,2024-10-11
A1131,J0005,S0978,Rejected,2024-11-25
A1132,J0461,S0372,Rejected,2023-12-16
A1133,J0110,S0501,Accepted,2024-03-21
A1134,J0360,S0443,Accepted,2024-02-29
A1135,J0223,S0740,Applied,2024-11-11
A1136,J0472,S0938,Rejected,2024-03-13
A1137,J0337,S0961,Under Review,2024-01-24
A1138,J0387,S0094,Applied,2024-04-30
A1139,J0331,S0676,Under Review,2024-08-21
A1140,J0288,S0188,Under Review,2024-07-31
A1141,J0153,S0909,Rejected,2024-08-26
A1142,J0050,S0361,Applied,2024-04-30
A1143,J0015,S0542,Accepted,2024-03-28
A1144,J0268,S0038,Rejected,2024-01-04
A1145,J0460,S0650,Applied,2024-01-08
A1146,J0086,S0754,Applied,2024-02-03
A1147,J0491,S0579,Rejected,2024-09-15
A1148,J0077,S0907,Accepted,2023-12-23
A1149,J0500,S0312,Rejected,2024-08-04
A1150,J0209,S0623,Accepted,2024-05-23
A1151,J0410,S0111,Accepted,2024-09-24
A1152,J0466,S0834,Accepted,2024-05-04
A1153,J0049,S0890,Accepted,2024-01-25
A1154,J0333,S0640,Under Review,2024-09-28
A1155,J0489,S0164,Accepted,2024-05-12
A1156,J0379,S0007,Under Review,2024-03-29
A1157,J0089,S0779,Applied,2024-09-29
A1158,J0316,S0921,Rejected,2024-05-21
A1159,J0483,S0897,Rejected,2024-01-28
A1160,J0133,S0121,Applied,2024-09-26
A1161,J0279,S0627,Accepted,2024-11-28
A1162,J0011,S0795,Accepted,2024-07-14
A1163,J0120,S0629,Applied,2024-06-06
A1164,J0062,S0333,Rejected,2023-12-20
A1165,J0303,S0054,Accepted,2024-04-20
A1166,J0035,S0924,Under Review,2024-02-17
A1167,J0052,S0922,Under Review,2024-02-16
A1168,J0268,S0863,Under Review,2023-12-19
A1169,J0010,S0768,Accepted,2024-11-27
A1170,J0092,S0302,Rejected,2024-11-24
A1171,J0163,S0839,Applied,2024-01-21
A1172,J0281,S0925,Accepted,2024-07-13
A1173,J0167,S0978,Under Review,2023-12-23
A1174,J0389,S0362,Rejected,2024-03-02
A1175,J0361,S0816,Under Review,2024-10-11
A1176,J0095,S0204,Applied,2024-04-16
A1177,J0355,S0649,Rejected,2024-07-30
A1178,J0412,S0567,Under Review,2024-09-17
A1179,J0123,S0746,Under Review,2024-02-04
A1180,J0082,S0914,Rejected,2024-06-05
A1181,J0253,S0601,Applied,2024-08-12
A1182,J0217,S0787,Rejected,2024-07-27
A1183,J0356,S0898,Under Review,2024-05-03
A1184,J0317,S0255,Accepted,2024-01-21
A1185,J0414,S0735,Applied,2024-03-20
A1186,J0247,S0960,Rejected,2024-10-17
A1187,J0080,S0161,Rejected,2023-12-25
A1188,J0283,S0234,Accepted,2024-07-19
A1189,J0437,S0584,Accepted,2024-02-25
A1190,J0220,S0102,Applied,2023-12-19
A1191,J0218,S0348,Under Review,2023-12-20
A1192,J0286,S0997,Under Review,2024-01-01
A1193,J0495,S0250,Applied,2024-05-19
A1194,J0168,S0427,Accepted,2024-11-26
A1195,J0405,S0244,Under Review,2024-12-01
A1196,J0433,S0145,Under Review,2024-09-13
A1197,J0035,S0501,Rejected,2024-03-03
A1198,J0420,S0434,Applied,2024-06-13
A1199,J0047,S0848,Rejected,2024-02-11
A1200,J0490,S0937,Applied,2024-05-03
A1201,J0440,S0193,Rejected,2024-11-03
A1202,J0497,S0500,Accepted,2024-09-03
A1203,J0129,S0825,Rejected,2024-07-01
A1204,J0248,S0505,Under Review,2024-09-05
A1205,J0154,S0229,Accepted,2024-09-30
A1206,J0354,S0518,Rejected,2024-05-27
A1207,J0350,S0520,Applied,2024-06-21
A1208,J0154,S0621,Under Review,2024-10-26
A1209,J0225,S0165,Rejected,2024-06-06
A1210,J0400,S0314,Under Review,2024-07-28
A1211,J0206,S0927,Applied,2024-06-16
A1212,J0086,S0328,Rejected,2024-02-23
A1213,J0421,S0154,Under Review,2024-04-29
A1214,J0167,S0720,Applied,2023-12-21
A1215,J0173,S0358,Accepted,2024-06-30
A1216,J0139,S0172,Under Review,2024-02-20
A1217,J0098,S0041,Accepted,2024-09-08
A1218,J0016,S0307,Accepted,2024-01-02
A1219,J0107,S0011,Applied,2024-01-02
A1220,J0087,S0793,Under Review,2024-05-06
A1221,J0433,S0272,Rejected,2024-08-23
A1222,J0470,S0477,Rejected,2024-03-22
A1223,J0328,S0797,Applied,2024-10-14
A1224,J0281,S0635,Accepted,2024-07-09
A1225,J0211,S0202,Under Review,2024-01-25
A1226,J0060,S0204,Under Review,2024-06-14
A1227,J0431,S0648,Accepted,2024-11-20
A1228,J0025,S0989,Accepted,2024-10-21
A1229,J0062,S0974,Applied,2024-11-12
A1230,J0273,S0328,Accepted,2024-05-18
A1231,J0340,S0144,Under Review,2024-11-12
A1232,J0347,S0771,Rejected,2024-11-23
A1233,J0451,S0818,Under Review,2024-11-08
A1234,J0423,S0221,Rejected,2024-04-14
A1235,J0218,S0231,Rejected,2024-02-13
A1236,J0009,S0512,Rejected,2024-05-11
A1237,J0422,S0040,Applied,2024-04-22
A1238,J0365,S0232,Applied,2024-10-13
A1239,J0238,S0298,Accepted,2024-03-13
A1240,J0224,S0916,Under Review,2024-05-14
A1241,J0338,S0368,Applied,2024-04-26
A1242,J0076,S0385,Rejected,2024-03-10
A1243,J0456,S0763,Accepted,2024-08-26
A1244,J0341,S0332,Accepted,2024-02-21
A1245,J0137,S0740,Accepted,2024-03-16
A1246,J0287,S0820,Rejected,2024-01-22
A1247,J0219,S0937,Under Review,2024-10-11
A1248,J0371,S0949,Applied,2024-07-11
A1249,J0357,S0695,Accepted,2024-11-20
A1250,J0491,S0091,Applied,2024-01-19
A1251,J0060,S0067,Rejected,2024-03-12
A1252,J0491,S0428,Under Review,2024-09-15
A1253,J0269,S0104,Applied,2024-06-21
A1254,J0309,S0963,Under Review,2024-03-25
A1255,J0464,S0673,Rejected,2024-03-08
A1256,J0169,S0243,Rejected,2024-01-25
A1257,J0397,S0346,Applied,2024-09-23
A1258,J0272,S0831,Rejected,2024-01-20
A1259,J0373,S0598,Applied,2023-12-03
A1260,J0438,S0987,Applied,2024-10-06
A1261,J0167,S0399,Applied,2024-01-13
A1262,J0265,S0346,Accepted,2024-04-10
A1263,J0047,S0399,Rejected,2023-12-08
A1264,J0352,S0636,Under Review,2024-05-28
A1265,J0161,S0657,Rejected,2024-10-16
A1266,J0441,S0024,Rejected,2024-10-19
A1267,J0113,S0784,Applied,2023-12-24
A1268,J0344,S0843,Accepted,2024-11-08
A1269,J0352,S0656,Applied,2024-10-29
A1270,J0402,S0952,Rejected,2024-06-01
A1271,J0063,S0428,Rejected,2024-10-28
A1272,J0409,S0444,Rejected,2024-05-13
A1273,J0404,S0180,Applied,2024-11-11
A1274,J0045,S0592,Accepted,2024-01-07
A1275,J0050,S0592,Under Review,2024-01-16
A1276,J0163,S0254,Under Review,2024-03-20
A1277,J0367,S0702,Accepted,2024-01-10
A1278,J0417,S0499,Under Review,2024-05-25
A1279,J0467,S0759,Applied,2024-04-15
A1280,J0127,S0676,Accepted,2024-02-05
A1281,J0386,S0655,Under Review,2024-11-12
A1282,J0286,S0317,Accepted,2024-10-30
A1283,J0210,S0105,Accepted,2024-04-16
A1284,J0184,S0678,Accepted,2024-06-12
A1285,J0408,S0565,Accepted,2024-09-26
A1286,J0292,S0988,Accepted,2024-08-08
A1287,J0068,S0130,Applied,2023-12-25
A1288,J0419,S0024,Accepted,2024-07-30
A1289,J0402,S0023,Rejected,2024-02-12
A1290,J0225,S0871,Rejected,2024-01-05
A1291,J0480,S0258,Rejected,2024-10-29
A1292,J0245,S0629,Applied,2024-09-01
A1293,J0245,S0219,Rejected,2024-01-24
A1294,J0312,S0935,Accepted,2023-12-18
A1295,J0403,S0717,Rejected,2024-09-10
A1296,J0408,S0435,Rejected,2024-11-09
A1297,J0177,S0268,Applied,2024-08-26
A1298,J0011,S0732,Rejected,2024-10-07
A1299,J0351,S0305,Rejected,2024-05-17
A1300,J0385,S0647,Rejected,2024-06-30
A1301,J0489,S0249,Accepted,2024-05-08
A1302,J0111,S0631,Accepted,2023-12-05
A1303,J0216,S0058,Under Review,2024-01-18
A1304,J0280,S0037,Rejected,2024-06-29
A1305,J0403,S0963,Under Review,2024-11-12
A1306,J0397,S0578,Under Review,2024-08-01
A1307,J0156,S0442,Under Review,2024-05-10
A1308,J0476,S0207,Accepted,2023-12-06
A1309,J0362,S0123,Rejected,2024-03-28
A1310,J0493,S0244,Rejected,2024-10-31
A1311,J0194,S0371,Under Review,2024-03-13
A1312,J0366,S0906,Under Review,2024-02-08
A1313,J0282,S0856,Under Review,2024-05-29
A1314,J0146,S0423,Accepted,2024-01-16
A1315,J0295,S0162,Rejected,2024-11-08
A1316,J0285,S0979,Applied,2024-01-17
A1317,J0473,S0950,Accepted,2023-12-31
A1318,J0058,S0651,Accepted,2024-11-21
A1319,J0489,S0880,Under Review,2024-10-18
A1320,J0280,S0063,Under Review,2024-01-16
A1321,J0409,S0886,Under Review,2024-11-11
A1322,J0247,S0800,Applied,2024-05-18
A1323,J0081,S0965,Accepted,2024-02-10
A1324,J0230,S0304,Applied,2024-07-12
A1325,J0231,S0532,Rejected,2024-07-22
A1326,J0415,S0389,Rejected,2024-07-25
A1327,J0319,S0583,Rejected,2024-07-23
A1328,J0466,S0076,Rejected,2024-05-25
A1329,J0090,S0320,Accepted,2024-09-26
A1330,J0462,S0382,Under Review,2024-01-11
A1331,J0418,S0448,Under Review,2024-11-15
A1332,J0174,S0348,Under Review,2024-11-02
A1333,J0186,S0974,Accepted,2024-07-04
A1334,J0315,S0301,Rejected,2024-09-27
A1335,J0220,S0652,Applied,2023-12-08
A1336,J0109,S0771,Under Review,2024-11-04
A1337,J0446,S0006,Accepted,2024-08-05
A1338,J0307,S0127,Rejected,2024-01-04
A1339,J0423,S0610,Under Review,2024-07-28
A1340,J0250,S0626,Under Review,2024-04-28
A1341,J0363,S0176,Under Review,2023-12-15
A1342,J0457,S0803,Accepted,2024-05-26
A1343,J0277,S0922,Under Review,2023-12-12
A1344,J0196,S0122,Accepted,2024-05-28
A1345,J0037,S0556,Under Review,2024-03-22
A1346,J0277,S0256,Accepted,2024-10-24
A1347,J0109,S0840,Applied,2024-05-29
A1348,J0333,S0423,Applied,2024-11-22
A1349,J0203,S0409,Accepted,2024-07-16
A1350,J0262,S0561,Applied,2024-02-24
A1351,J0188,S0289,Under Review,2024-05-26
A1352,J0015,S0050,Rejected,2024-11-09
A1353,J0163,S0574,Under Review,2023-12-27
A1354,J0151,S0301,Under Review,2024-03-21
A1355,J0246,S0950,Rejected,2024-05-26
A1356,J0464,S0196,Accepted,2024-10-19
A1357,J0051,S0382,Accepted,2024-10-12
A1358,J0388,S0907,Accepted,2024-06-08
A1359,J0053,S0298,Rejected,2024-08-28
A1360,J0248,S0562,Under Review,2024-07-08
A1361,J0276,S0410,Under Review,2024-10-22
A1362,J0144,S0935,Accepted,2024-04-04
A1363,J0439,S0375,Rejected,2024-01-19
A1364,J0440,S0293,Applied,2024-03-09
A1365,J0036,S0934,Accepted,2023-12-03
A1366,J0394,S0969,Applied,2024-04-10
A1367,J0489,S0334,Applied,2024-10-28
A1368,J0016,S0941,Accepted,2024-06-16
A1369,J0091,S0196,Applied,2024-10-24
A1370,J0072,S0794,Applied,2024-08-02
A1371,J0361,S0721,Accepted,2024-03-18
A1372,J0197,S0008,Rejected,2024-06-27
A1373,J0258,S0912,Under Review,2024-04-27
A1374,J0300,S0960,Rejected,2024-03-11
A1375,J0372,S0819,Accepted,2024-04-28
A1376,J0184,S0271,Under Review,2024-05-17
A1377,J0266,S0022,Accepted,2024-01-10
A1378,J0324,S0929,Rejected,2023-12-21
A1379,J0406,S0159,Applied,2024-02-14
A1380,J0127,S0354,Applied,2024-04-29
A1381,J0143,S0553,Rejected,2024-11-05
A1382,J0478,S0487,Applied,2024-10-13
A1383,J0112,S0057,Under Review,2024-07-13
A1384,J0145,S0762,Rejected,2024-11-22
A1385,J0410,S0660,Applied,2024-08-28
A1386,J0035,S0627,Rejected,2024-03-09
A1387,J0169,S0347,Applied,2024-11-17
A1388,J0447,S0134,Accepted,2024-01-25
A1389,J0027,S0765,Under Review,2024-10-11
A1390,J0177,S0019,Applied,2024-08-01
A1391,J0172,S0659,Rejected,2024-01-03
A1392,J0199,S0758,Rejected,2024-02-08
A1393,J0087,S0407,Under Review,2023-12-14
A1394,J0278,S0075,Rejected,2024-05-08
A1395,J0115,S0672,Rejected,2024-05-08
A1396,J0020,S0672,Applied,2024-11-16
A1397,J0159,S0565,Under Review,2024-02-21
A1398,J0120,S0035,Under Review,2024-08-30
A1399,J0328,S0167,Rejected,2024-11-26
A1400,J0473,S0180,Rejected,2024-10-15
A1401,J0460,S0232,Accepted,2024-11-06
A1402,J0185,S0120,Applied,2024-01-01
A1403,J0370,S0566,Applied,2024-01-10
A1404,J0169,S0135,Applied,2024-01-13
A1405,J0217,S0440,Under Review,2024-07-11
A1406,J0296,S0467,Rejected,2024-04-14
A1407,J0306,S0416,Applied,2024-01-28
A1408,J0337,S0542,Applied,2024-09-15
A1409,J0387,S0765,Under Review,2024-04-13
A1410,J0225,S0100,Under Review,2024-06-29
A1411,J0447,S0013,Accepted,2023-12-08
A1412,J0477,S0006,Accepted,2024-05-10
A1413,J0021,S0141,Under Review,2024-10-27
A1414,J0368,S0101,Accepted,2023-12-24
A1415,J0302,S0790,Applied,2023-12-12
A1416,J0221,S0398,Rejected,2024-05-03
A1417,J0215,S0425,Rejected,2023-12-16
A1418,J0123,S0239,Under Review,2024-09-04
A1419,J0202,S0265,Applied,2024-05-28
A1420,J0091,S0943,Accepted,2024-08-24
A1421,J0191,S0684,Rejected,2024-08-11
A1422,J0159,S0652,Applied,2024-08-01
A1423,J0199,S0755,Under Review,2023-12-23
A1424,J0341,S0208,Accepted,2024-06-19
A1425,J0394,S0371,Applied,2024-06-30
A1426,J0424,S0752,Accepted,2024-04-19
A1427,J0262,S0603,Accepted,2024-11-01
A1428,J0175,S0811,Accepted,2024-10-14
A1429,J0216,S0020,Rejected,2024-06-11
A1430,J0240,S0267,Applied,2024-04-15
A1431,J0409,S0113,Applied,2024-07-07
A1432,J0159,S0809,Rejected,2024-11-22
A1433,J0294,S0720,Accepted,2024-01-12
A1434,J0244,S0437,Under Review,2023-12-28
A1435,J0429,S0684,Rejected,2024-11-23
A1436,J0287,S0587,Accepted,2024-11-01
A1437,J0407,S0955,Accepted,2024-05-19
A1438,J0042,S0884,Accepted,2024-03-03
A1439,J0018,S0215,Rejected,2024-03-20
A1440,J0323,S0830,Under Review,2024-09-19
A1441,J0369,S0588,Applied,2024-05-19
A1442,J0441,S0114,Accepted,2023-12-17
A1443,J0057,S0400,Under Review,2024-04-28
A1444,J0455,S0949,Rejected,2024-01-08
A1445,J0010,S0965,Accepted,2024-07-31
A1446,J0500,S0259,Under Review,2023-12-27
A1447,J0058,S0200,Accepted,2024-08-26
A1448,J0088,S0877,Under Review,2024-02-28
A1449,J0179,S0666,Accepted,2024-06-21
A1450,J0429,S0298,Under Review,2024-08-02
A1451,J0031,S0728,Applied,2024-10-23
A1452,J0020,S0965,Accepted,2023-12-27
A1453,J0293,S0972,Under Review,2024-06-03
A1454,J0481,S0436,Under Review,2024-09-25
A1455,J0179,S0011,Accepted,2024-05-21
A1456,J0310,S0878,Accepted,2024-01-03
A1457,J0027,S0509,Accepted,2024-01-13
A1458,J0116,S0842,Applied,2024-04-02
A1459,J0323,S0737,Applied,2024-01-25
A1460,J0385,S0231,Accepted,2024-01-30
A1461,J0424,S0566,Rejected,2024-05-09
A1462,J0468,S0533,Applied,2024-05-28
A1463,J0059,S0192,Under Review,2024-02-08
A1464,J0344,S0682,Rejected,2024-05-16
A1465,J0028,S0434,Applied,2024-08-31
A1466,J0066,S0043,Accepted,2024-08-11
A1467,J0296,S0173,Accepted,2024-08-11
A1468,J0343,S0021,Applied,2024-06-25
A1469,J0274,S0273,Under Review,2024-09-04
A1470,J0117,S0825,Applied,2024-06-22
A1471,J0379,S0664,Accepted,2024-08-13
A1472,J0105,S0742,Applied,2024-01-25
A1473,J0054,S0155,Rejected,2024-01-26
A1474,J0336,S0008,Under Review,2024-07-17
A1475,J0236,S0812,Accepted,2024-04-09
A1476,J0062,S0417,Applied,2024-10-17
A1477,J0251,S0418,Under Review,2024-07-30
A1478,J0481,S0341,Under Review,2024-05-06
A1479,J0484,S0324,Under Review,2024-03-26
A1480,J0257,S0505,Accepted,2024-11-27
A1481,J0485,S0581,Under Review,2024-05-24
A1482,J0049,S0321,Applied,2024-10-10
A1483,J0464,S0375,Under Review,2024-03-04
A1484,J0295,S0198,Rejected,2024-01-15
A1485,J0182,S0801,Under Review,2024-03-21
A1486,J0234,S0229,Rejected,2024-02-08
A1487,J0150,S0218,Accepted,2024-03-24
A1488,J0277,S0515,Accepted,2024-04-12
A1489,J0310,S0501,Rejected,2024-11-21
A1490,J0001,S0140,Under Review,2023-12-07
A1491,J0301,S0875,Under Review,2024-08-05
A1492,J0437,S0145,Rejected,2024-10-03
A1493,J0223,S0943,Under Review,2024-06-28
A1494,J0347,S0976,Applied,2024-03-05
A1495,J0426,S0088,Applied,2024-05-20
A1496,J0232,S0840,Accepted,2024-09-13
A1497,J0387,S0659,Rejected,2024-07-26
A1498,J0468,S0339,Rejected,2024-02-13
A1499,J0489,S0384,Rejected,2024-01-21
A1500,J0469,S0044,Accepted,2024-07-26
A1501,J0174,S0243,Applied,2024-02-05
A1502,J0166,S0791,Rejected,2024-08-22
A1503,J0322,S0037,Under Review,2024-11-14
A1504,J0307,S0618,Under Review,2024-04-20
A1505,J0246,S0339,Rejected,2024-08-06
A1506,J0309,S0605,Under Review,2024-02-03
A1507,J0014,S0328,Applied,2024-09-17
A1508,J0305,S0370,Applied,2024-04-27
A1509,J0470,S0893,Under Review,2024-07-26
A1510,J0053,S0185,Applied,2024-07-13
A1511,J0129,S0767,Rejected,2024-06-17
A1512,J0084,S0116,Under Review,2024-08-31
A1513,J0229,S0469,Rejected,2024-02-20
A1514,J0493,S0696,Accepted,2024-04-13
A1515,J0107,S0498,Applied,2024-10-11
A1516,J0092,S0471,Under Review,2024-11-12
A1517,J0370,S0472,Under Review,2024-05-24
A1518,J0435,S0349,Rejected,2024-06-17
A1519,J0042,S0184,Rejected,2024-10-15
A1520,J0433,S0218,Applied,2024-10-30
A1521,J0197,S0490,Applied,2024-02-02
A1522,J0476,S0944,Rejected,2024-08-03
A1523,J0475,S0912,Applied,2023-12-13
A1524,J0241,S0099,Applied,2024-12-01
A1525,J0049,S0647,Accepted,2024-10-26
A1526,J0098,S0358,Under Review,2024-11-12
A1527,J0108,S0583,Accepted,2024-04-29
A1528,J0255,S0982,Rejected,2024-10-29
A1529,J0187,S0057,Applied,2023-12-30
A1530,J0281,S0467,Applied,2024-06-21
A1531,J0396,S0797,Applied,2024-07-21
A1532,J0113,S0560,Under Review,2024-10-27
A1533,J0459,S0413,Under Review,2024-08-21
A1534,J0414,S0288,Under Review,2024-02-26
A1535,J0010,S0327,Rejected,2024-03-19
A1536,J0370,S0782,Rejected,2024-09-22
A1537,J0486,S0708,Rejected,2024-11-24
A1538,J0091,S0449,Accepted,2024-09-04
A1539,J0095,S0694,Rejected,2024-06-08
A1540,J0009,S0542,Rejected,2024-09-28
A1541,J0126,S0686,Accepted,2024-07-05
A1542,J0277,S0828,Under Review,2024-04-11
A1543,J0282,S0550,Accepted,2024-06-21
A1544,J0270,S0956,Under Review,2024-07-15
A1545,J0278,S0927,Applied,2024-04-14
A1546,J0267,S0776,Under Review,2024-02-16
A1547,J0367,S0685,Under Review,2024-11-09
A1548,J0053,S0553,Accepted,2024-07-10
A1549,J0105,S0783,Accepted,2024-09-12
A1550,J0312,S0377,Under Review,2024-03-16
A1551,J0280,S0510,Rejected,2024-02-28
A1552,J0450,S0585,Rejected,2024-02-19
A1553,J0087,S0525,Accepted,2024-03-10
A1554,J0196,S0317,Accepted,2024-07-05
A1555,J0094,S0039,Applied,2024-10-18
A1556,J0053,S0691,Under Review,2024-05-16
A1557,J0330,S0766,Applied,2024-03-10
A1558,J0030,S0235,Rejected,2024-07-10
A1559,J0396,S0292,Applied,2024-10-28
A1560,J0251,S0051,Rejected,2024-10-23
A1561,J0207,S0141,Rejected,2024-09-08
A1562,J0154,S0247,Rejected,2024-01-24
A1563,J0219,S0599,Under Review,2024-03-29
A1564,J0052,S0792,Under Review,2024-09-26
A1565,J0260,S0381,Under Review,2024-11-04
A1566,J0160,S0841,Under Review,2024-06-03
A1567,J0117,S0077,Rejected,2024-11-11
A1568,J0404,S0144,Under Review,2024-10-03
A1569,J0314,S0403,Under Review,2024-08-27
A1570,J0365,S0138,Applied,2024-05-30
A1571,J0045,S0894,Accepted,2023-12-15
A1572,J0019,S0599,Under Review,2024-02-18
A1573,J0482,S0164,Under Review,2024-01-08
A1574,J0469,S0259,Rejected,2024-11-16
A1575,J0350,S0749,Applied,2024-01-31
A1576,J0475,S0152,Applied,2024-08-14
A1577,J0271,S0991,Under Review,2024-04-18
A1578,J0407,S0579,Accepted,2024-02-10
A1579,J0402,S0738,Rejected,2024-06-29
A1580,J0241,S0079,Applied,2024-10-24
A1581,J0150,S0597,Accepted,2023-12-30
A1582,J0337,S0851,Applied,2024-02-14
A1583,J0211,S0568,Under Review,2024-03-21
A1584,J0388,S0393,Accepted,2024-08-18
A1585,J0228,S0425,Rejected,2024-07-12
A1586,J0071,S0948,Accepted,2024-05-29
A1587,J0154,S0803,Rejected,2024-03-13
A1588,J0169,S0155,Applied,2024-10-17
A1589,J0293,S0126,Applied,2024-06-06
A1590,J0133,S0262,Under Review,2024-05-10
A1591,J0432,S0396,Rejected,2024-02-13
A1592,J0172,S0964,Applied,2023-12-06
A1593,J0399,S0075,Applied,2024-06-26
A1594,J0300,S0683,Under Review,2024-10-10
A1595,J0258,S0770,Accepted,2024-03-24
A1596,J0436,S0046,Under Review,2024-10-10
A1597,J0074,S0583,Applied,2024-05-09
A1598,J0408,S0800,Accepted,2024-01-30
A1599,J0076,S0938,Applied,2024-12-02
A1600,J0324,S0656,Under Review,2024-02-15
A1601,J0185,S0467,Applied,2024-01-25
A1602,J0314,S0459,Under Review,2024-03-20
A1603,J0191,S0104,Rejected,2024-02-08
A1604,J0240,S0982,Under Review,2024-06-16
A1605,J0440,S0554,Applied,2023-12-06
A1606,J0213,S0145,Applied,2024-11-10
A1607,J0267,S0547,Rejected,2024-04-14
A1608,J0208,S0982,Applied,2024-05-20
A1609,J0438,S0191,Accepted,2024-10-10
A1610,J0309,S0374,Rejected,2024-11-07
A1611,J0356,S0165,Applied,2024-01-26
A1612,J0059,S0560,Applied,2024-10-21
A1613,J0492,S0317,Applied,2024-05-14
A1614,J0130,S0905,Rejected,2024-11-26
A1615,J0192,S0659,Accepted,2024-06-19
A1616,J0099,S0126,Under Review,2024-05-06
A1617,J0478,S0736,Accepted,2024-11-13
A1618,J0495,S0511,Applied,2023-12-16
A1619,J0217,S0805,Under Review,2024-05-10
A1620,J0347,S0357,Accepted,2024-09-15
A1621,J0058,S0467,Applied,2024-10-24
A1622,J0123,S0464,Under Review,2024-01-23
A1623,J0053,S0706,Accepted,2024-05-07
A1624,J0088,S0984,Rejected,2024-11-29
A1625,J0101,S0072,Under Review,2024-07-17
A1626,J0328,S0425,Rejected,2023-12-14
A1627,J0104,S0383,Rejected,2024-01-30
A1628,J0048,S0468,Under Review,2024-08-22
A1629,J0198,S0364,Under Review,2024-08-05
A1630,J0209,S0467,Accepted,2024-10-19
A1631,J0182,S0529,Under Review,2024-02-13
A1632,J0052,S0011,Applied,2024-04-18
A1633,J0034,S0255,Under Review,2024-08-26
A1634,J0061,S0693,Under Review,2024-01-26
A1635,J0465,S0688,Under Review,2024-08-25
A1636,J0021,S0152,Applied,2024-09-12
A1637,J0500,S0076,Applied,2024-04-05
A1638,J0297,S0109,Under Review,2024-11-19
A1639,J0448,S0188,Accepted,2024-07-06
A1640,J0349,S0001,Under Review,2024-09-30
A1641,J0330,S0077,Rejected,2024-08-07
A1642,J0267,S0763,Applied,2024-03-21
A1643,J0133,S0262,Under Review,2024-01-11
A1644,J0231,S0647,Rejected,2024-02-12
A1645,J0035,S0520,Accepted,2024-09-08
A1646,J0105,S0553,Under Review,2024-02-22
A1647,J0178,S0694,Accepted,2023-12-18
A1648,J0474,S0697,Applied,2024-01-28
A1649,J0127,S0266,Accepted,2023-12-09
A1650,J0019,S0888,Under Review,2024-11-25
A1651,J0073,S0303,Accepted,2024-11-16
A1652,J0171,S0994,Applied,2024-06-10
A1653,J0473,S0966,Applied,2024-04-21
A1654,J0145,S0312,Applied,2024-06-19
A1655,J0376,S0845,Accepted,2024-08-01
A1656,J0369,S0691,Rejected,2024-01-16
A1657,J0329,S0968,Applied,2023-12-16
A1658,J0415,S0631,Under Review,2023-12-18
A1659,J0388,S0187,Accepted,2024-04-01
A1660,J0444,S0978,Under Review,2024-09-26
A1661,J0418,S0704,Applied,2024-02-28
A1662,J0251,S0878,Rejected,2024-03-11
A1663,J0037,S0708,Under Review,2024-07-13
A1664,J0217,S0483,Under Review,2024-01-12
A1665,J0436,S0015,Accepted,2024-01-18
A1666,J0458,S0374,Under Review,2024-09-30
A1667,J0464,S0523,Applied,2024-07-30
A1668,J0170,S0820,Under Review,2024-08-28
A1669,J0298,S0210,Applied,2024-03-01
A1670,J0196,S0505,Rejected,2023-12-04
A1671,J0414,S0227,Applied,2024-03-10
A1672,J0142,S0870,Rejected,2024-11-19
A1673,J0007,S0535,Rejected,2024-03-31
A1674,J0062,S0640,Under Review,2024-02-21
A1675,J0156,S0013,Under Review,2024-07-02
A1676,J0478,S0424,Rejected,2024-09-09
A1677,J0381,S0995,Accepted,2024-04-02
A1678,J0065,S0898,Applied,2024-08-20
A1679,J0312,S0833,Accepted,2024-02-28
A1680,J0058,S0414,Under Review,2024-05-10
A1681,J0222,S0032,Accepted,2024-06-24
A1682,J0119,S0821,Applied,2024-11-07
A1683,J0048,S0201,Accepted,2024-04-19
A1684,J0167,S0890,Rejected,2023-12-20
A1685,J0154,S0680,Under Review,2024-01-23
A1686,J0378,S0852,Accepted,2024-04-13
A1687,J0485,S0873,Rejected,2024-07-22
A1688,J0416,S0727,Applied,2024-11-09
A1689,J0082,S0471,Applied,2024-06-16
A1690,J0288,S0240,Rejected,2024-11-25
A1691,J0459,S0413,Rejected,2024-01-07
A1692,J0285,S0386,Accepted,2024-11-29
A1693,J0110,S0305,Under Review,2024-09-12
A1694,J0280,S0274,Under Review,2024-05-22
A1695,J0338,S0868,Accepted,2024-04-15
A1696,J0297,S0149,Accepted,2024-10-30
A1697,J0354,S0844,Under Review,2024-03-28
A1698,J0264,S0060,Rejected,2023-12-17
A1699,J0330,S0954,Rejected,2024-01-09
A1700,J0345,S0664,Accepted,2023-12-15
A1701,J0419,S0467,Rejected,2024-03-17
A1702,J0086,S0550,Rejected,2024-01-14
A1703,J0081,S0899,Under Review,2024-08-10
A1704,J0030,S0937,Rejected,2024-07-08
A1705,J0160,S0270,Under Review,2024-06-28
A1706,J0183,S0444,Under Review,2024-08-07
A1707,J0289,S0376,Applied,2024-01-19
A1708,J0234,S0380,Applied,2024-01-16
A1709,J0257,S0395,Accepted,2024-01-30
A1710,J0329,S0627,Applied,2024-09-25
A1711,J0117,S0238,Under Review,2024-02-09
A1712,J0448,S0176,Rejected,2024-01-14
A1713,J0212,S0234,Applied,2023-12-18
A1714,J0444,S0417,Under Review,2024-05-31
A1715,J0072,S0639,Applied,2024-04-27
A1716,J0006,S0170,Under Review,2024-09-06
A1717,J0083,S0281,Applied,2024-07-26
A1718,J0066,S0151,Rejected,2024-08-22
A1719,J0475,S0335,Under Review,2024-06-28
A1720,J0057,S0853,Applied,2024-01-31
A1721,J0462,S0900,Accepted,2024-05-16
A1722,J0208,S0111,Under Review,2024-10-10
A1723,J0143,S0455,Applied,2024-07-10
A1724,J0030,S0550,Rejected,2024-03-07
A1725,J0068,S0003,Accepted,2024-06-13
A1726,J0275,S0933,Applied,2024-01-09
A1727,J0168,S1000,Accepted,2024-06-06
A1728,J0067,S0249,Rejected,2024-09-02
A1729,J0135,S0743,Accepted,2024-11-13
A1730,J0347,S0777,Accepted,2024-03-13
A1731,J0331,S0430,Applied,2024-04-06
A1732,J0108,S0410,Accepted,2024-01-25
A1733,J0102,S0926,Under Review,2024-04-03
A1734,J0276,S0620,Accepted,2023-12-11
A1735,J0331,S0837,Accepted,2024-01-26
A1736,J0143,S0371,Under Review,2024-08-24
A1737,J0476,S0678,Applied,2024-10-30
A1738,J0037,S0705,Under Review,2024-06-05
A1739,J0259,S0225,Accepted,2024-09-12
A1740,J0386,S0793,Accepted,2024-01-23
A1741,J0188,S0263,Accepted,2024-04-06
A1742,J0409,S0624,Rejected,2024-09-11
A1743,J0418,S0019,Applied,2023-12-24
A1744,J0056,S0970,Rejected,2024-11-20
A1745,J0423,S0609,Under Review,2024-08-26
A1746,J0206,S0776,Rejected,2024-04-08
A1747,J0473,S0194,Applied,2024-03-15
A1748,J0213,S0544,Rejected,2024-05-28
A1749,J0233,S0024,Rejected,2024-01-31
A1750,J0347,S0642,Under Review,2024-05-31
A1751,J0441,S0707,Accepted,2024-05-08
A1752,J0230,S0495,Rejected,2024-05-20
A1753,J0373,S0157,Applied,2024-09-30
A1754,J0464,S0107,Rejected,2024-07-28
A1755,J0098,S0478,Applied,2024-10-30
A1756,J0446,S0799,Applied,2024-07-18
A1757,J0136,S0157,Rejected,2024-06-02
A1758,J0136,S0103,Rejected,2024-06-02
A1759,J0257,S0377,Applied,2024-01-12
A1760,J0057,S0237,Rejected,2023-12-22
A1761,J0499,S0039,Under Review,2024-02-01
A1762,J0312,S0873,Accepted,2024-09-17
A1763,J0078,S0696,Applied,2023-12-08
A1764,J0105,S0090,Accepted,2024-04-10
A1765,J0063,S0502,Under Review,2024-01-28
A1766,J0386,S0874,Rejected,2024-06-29
A1767,J0499,S0748,Rejected,2023-12-14
A1768,J0427,S0426,Under Review,2024-01-03
A1769,J0078,S0661,Applied,2024-10-28
A1770,J0422,S0535,Under Review,2024-04-12
A1771,J0056,S0330,Accepted,2024-07-18
A1772,J0166,S0437,Accepted,2024-10-04
A1773,J0130,S0179,Under Review,2024-11-18
A1774,J0225,S0326,Under Review,2024-01-15
A1775,J0187,S0024,Under Review,2024-04-14
A1776,J0069,S0121,Under Review,2024-01-15
A1777,J0447,S0409,Applied,2024-02-02
A1778,J0140,S0427,Accepted,2024-02-07
A1779,J0273,S0938,Under Review,2024-03-19
A1780,J0378,S0682,Applied,2024-10-16
A1781,J0004,S0979,Rejected,2024-03-16
A1782,J0335,S0277,Under Review,2024-11-13
A1783,J0055,S0896,Applied,2024-10-22
A1784,J0327,S0243,Under Review,2024-07-15
A1785,J0148,S0917,Applied,2024-03-17
A1786,J0476,S0117,Accepted,2024-03-16
A1787,J0196,S0048,Applied,2024-10-06
A1788,J0004,S0445,Accepted,2024-05-24
A1789,J0119,S0376,Accepted,2024-06-16
A1790,J0211,S0596,Rejected,2024-03-17
A1791,J0075,S0061,Accepted,2024-06-05
A1792,J0028,S0688,Accepted,2024-05-24
A1793,J0051,S0163,Under Review,2024-03-16
A1794,J0207,S0674,Under Review,2024-08-16
A1795,J0357,S0915,Under Review,2024-09-20
A1796,J0383,S0013,Rejected,2024-07-29
A1797,J0300,S0948,Rejected,2024-09-06
A1798,J0017,S0785,Accepted,2023-12-14
A1799,J0173,S0425,Under Review,2024-02-22
A1800,J0386,S0902,Accepted,2024-06-17
A1801,J0338,S0344,Under Review,2024-09-13
A1802,J0083,S0864,Applied,2024-08-07
A1803,J0366,S0841,Under Review,2024-02-29
A1804,J0292,S0302,Accepted,2024-05-25
A1805,J0354,S0955,Accepted,2024-10-18
A1806,J0414,S0583,Applied,2023-12-16
A1807,J0084,S0585,Under Review,2024-01-28
A1808,J0194,S0929,Rejected,2024-07-13
A1809,J0012,S0986,Rejected,2024-03-16
A1810,J0279,S0555,Rejected,2023-12-26
A1811,J0457,S0845,Under Review,2024-10-27
A1812,J0419,S0716,Rejected,2024-06-29
A1813,J0411,S0145,Applied,2023-12-30
A1814,J0116,S0740,Under Review,2024-07-14
A1815,J0234,S0523,Under Review,2023-12-12
A1816,J0296,S0541,Under Review,2024-06-02
A1817,J0429,S0913,Applied,2024-10-04
A1818,J0227,S0924,Applied,2024-07-29
A1819,J0493,S0667,Under Review,2024-04-02
A1820,J0155,S0234,Applied,2024-08-22
A1821,J0367,S0824,Accepted,2024-08-02
A1822,J0167,S0439,Rejected,2024-11-02
A1823,J0054,S0225,Accepted,2024-09-30
A1824,J0093,S0645,Rejected,2024-07-04
A1825,J0438,S0966,Rejected,2024-11-20
A1826,J0132,S0294,Under Review,2024-10-05
A1827,J0279,S0022,Under Review,2024-10-08
A1828,J0260,S0539,Under Review,2023-12-19
A1829,J0116,S0871,Rejected,2024-08-07
A1830,J0375,S0141,Rejected,2024-08-29
A1831,J0271,S0955,Rejected,2024-07-14
A1832,J0118,S0660,Rejected,2024-07-19
A1833,J0427,S0664,Applied,2024-08-14
A1834,J0107,S0282,Under Review,2024-02-04
A1835,J0051,S0159,Applied,2024-06-07
A1836,J0120,S0702,Applied,2024-03-15
A1837,J0057,S0975,Under Review,2024-06-15
A1838,J0257,S0445,Rejected,2024-04-01
A1839,J0335,S0509,Accepted,2024-06-10
A1840,J0051,S0451,Under Review,2024-06-05
A1841,J0154,S0404,Applied,2024-09-29
A1842,J0035,S0791,Applied,2024-07-17
A1843,J0488,S0944,Accepted,2024-10-15
A1844,J0020,S0822,Accepted,2024-08-03
A1845,J0479,S0614,Under Review,2023-12-16
A1846,J0402,S0358,Rejected,2024-09-29
A1847,J0109,S0423,Accepted,2024-10-10
A1848,J0180,S0961,Applied,2024-11-26
A1849,J0194,S0898,Under Review,2024-04-12
A1850,J0283,S0841,Rejected,2024-10-09
A1851,J0475,S0059,Under Review,2024-11-09
A1852,J0273,S0849,Applied,2024-04-12
A1853,J0335,S0281,Under Review,2024-09-22
A1854,J0359,S0112,Rejected,2024-04-05
A1855,J0275,S0060,Under Review,2024-05-09
A1856,J0277,S0654,Rejected,2024-06-12
A1857,J0067,S0316,Applied,2023-12-23
A1858,J0433,S0804,Rejected,2024-07-08
A1859,J0398,S0213,Applied,2024-04-26
A1860,J0022,S0390,Applied,2024-04-05
A1861,J0258,S0788,Accepted,2023-12-20
A1862,J0133,S0603,Rejected,2024-04-12
A1863,J0215,S0179,Rejected,2024-08-17
A1864,J0038,S0548,Rejected,2024-08-27
A1865,J0322,S0483,Applied,2024-07-17
A1866,J0196,S0620,Accepted,2024-05-15
A1867,J0031,S0476,Under Review,2023-12-12
A1868,J0085,S0721,Accepted,2024-10-04
A1869,J0155,S0101,Under Review,2024-05-31
A1870,J0273,S0042,Accepted,2023-12-26
A1871,J0472,S0166,Accepted,2024-01-13
A1872,J0068,S0683,Under Review,2024-11-21
A1873,J0211,S0333,Accepted,2024-02-23
A1874,J0435,S0031,Accepted,2024-06-24
A1875,J0439,S0683,Applied,2024-05-18
A1876,J0291,S0590,Applied,2024-03-01
A1877,J0334,S0455,Under Review,2024-01-16
A1878,J0453,S0438,Rejected,2024-06-01
A1879,J0329,S0187,Under Review,2023-12-10
A1880,J0376,S0738,Under Review,2024-05-20
A1881,J0034,S0237,Under Review,2024-01-12
A1882,J0091,S0263,Rejected,2024-10-28
A1883,J0078,S0413,Applied,2024-03-06
A1884,J0203,S0816,Applied,2024-07-31
A1885,J0265,S0492,Accepted,2023-12-23
A1886,J0061,S0740,Accepted,2024-01-04
A1887,J0426,S0585,Under Review,2023-12-26
A1888,J0151,S0516,Under Review,2024-06-03
A1889,J0132,S0023,Rejected,2023-12-07
A1890,J0370,S0377,Applied,2024-08-15
A1891,J0281,S0955,Applied,2023-12-18
A1892,J0316,S0132,Applied,2024-08-08
A1893,J0014,S0395,Under Review,2024-08-31
A1894,J0359,S0025,Rejected,2024-11-02
A1895,J0459,S0544,Rejected,2024-11-01
A1896,J0376,S0848,Applied,2024-01-25
A1897,J0397,S0944,Under Review,2024-09-24
A1898,J0327,S0694,Accepted,2024-07-01
A1899,J0190,S0207,Applied,2024-11-27
A1900,J0350,S0281,Accepted,2024-10-11
A1901,J0107,S0017,Applied,2024-09-14
A1902,J0298,S0665,Applied,2024-04-03
A1903,J0116,S0370,Rejected,2024-11-13
A1904,J0251,S0461,Applied,2024-07-20
A1905,J0432,S0535,Applied,2024-08-09
A1906,J0498,S0294,Under Review,2024-10-29
A1907,J0424,S0362,Accepted,2024-09-11
A1908,J0497,S0959,Applied,2024-09-21
A1909,J0261,S0117,Accepted,2024-07-29
A1910,J0436,S0097,Accepted,2024-05-14
A1911,J0129,S0177,Rejected,2024-01-19
A1912,J0308,S0299,Applied,2024-10-19
A1913,J0477,S0537,Under Review,2024-08-24
A1914,J0261,S0476,Accepted,2024-05-04
A1915,J0074,S0312,Applied,2024-06-24
A1916,J0238,S0480,Rejected,2024-01-09
A1917,J0284,S0703,Accepted,2024-04-05
A1918,J0298,S0301,Applied,2024-09-16
A1919,J0190,S0162,Applied,2024-06-22
A1920,J0134,S0668,Applied,2024-09-28
A1921,J0088,S0679,Applied,2024-04-16
A1922,J0194,S0168,Applied,2024-11-24
A1923,J0308,S0910,Under Review,2024-08-15
A1924,J0467,S0021,Accepted,2024-07-04
A1925,J0144,S0292,Applied,2024-02-10
A1926,J0262,S0362,Under Review,2024-10-01
A1927,J0155,S0482,Applied,2024-08-17
A1928,J0199,S0537,Accepted,2024-09-24
A1929,J0229,S0779,Applied,2023-12-04
A1930,J0427,S0694,Applied,2024-09-26
A1931,J0004,S0386,Rejected,2024-01-03
A1932,J0162,S0168,Applied,2024-01-03
A1933,J0039,S0396,Applied,2023-12-19
A1934,J0060,S0228,Applied,2024-09-01
A1935,J0028,S0684,Applied,2024-05-26
A1936,J0036,S0822,Applied,2024-05-18
A1937,J0055,S0666,Accepted,2024-09-27
A1938,J0344,S0766,Under Review,2024-09-27
A1939,J0353,S0037,Accepted,2024-02-10
A1940,J0362,S0039,Rejected,2024-05-09
A1941,J0194,S0787,Under Review,2024-08-10
A1942,J0062,S0277,Applied,2024-05-07
A1943,J0017,S0024,Applied,2024-06-04
A1944,J0393,S0946,Applied,2024-09-23
A1945,J0343,S0781,Rejected,2024-07-06
A1946,J0282,S0982,Rejected,2024-07-19
A1947,J0022,S0266,Under Review,2024-09-17
A1948,J0219,S0315,Accepted,2024-10-31
A1949,J0079,S0403,Under Review,2024-04-22
A1950,J0384,S0986,Accepted,2024-06-25
A1951,J0117,S0480,Rejected,2024-09-07
A1952,J0198,S0849,Accepted,2024-06-14
A1953,J0310,S0788,Applied,2024-08-23
A1954,J0500,S0528,Accepted,2023-12-04
A1955,J0084,S0795,Rejected,2024-08-28
A1956,J0126,S0211,Under Review,2024-02-06
A1957,J0273,S0618,Rejected,2024-08-27
A1958,J0402,S0106,Rejected,2024-07-14
A1959,J0133,S0419,Rejected,2024-12-01
A1960,J0087,S0168,Under Review,2024-05-03
A1961,J0263,S0566,Accepted,2023-12-16
A1962,J0320,S0766,Under Review,2024-07-16
A1963,J0210,S0407,Applied,2024-05-05
A1964,J0480,S0732,Accepted,2024-11-14
A1965,J0107,S0422,Under Review,2024-11-21
A1966,J0177,S0293,Applied,2024-09-26
A1967,J0208,S0068,Accepted,2024-12-01
A1968,J0333,S0386,Accepted,2024-10-13
A1969,J0489,S0658,Under Review,2024-01-22
A1970,J0417,S0660,Applied,2024-08-03
A1971,J0237,S0073,Rejected,2024-05-07
A1972,J0011,S0991,Rejected,2023-12-25
A1973,J0035,S0898,Accepted,2024-10-27
A1974,J0340,S0005,Under Review,2024-04-03
A1975,J0202,S0855,Rejected,2024-07-06
A1976,J0421,S0007,Rejected,2024-05-25
A1977,J0208,S0642,Rejected,2024-03-17
A1978,J0035,S0653,Accepted,2024-05-29
A1979,J0219,S0366,Under Review,2024-08-22
A1980,J0030,S0242,Under Review,2024-09-18
A1981,J0006,S0202,Under Review,2024-05-15
A1982,J0038,S0864,Rejected,2024-04-29
A1983,J0229,S0758,Applied,2024-07-22
A1984,J0025,S0823,Rejected,2024-02-23
A1985,J0369,S0697,Applied,2024-01-17
A1986,J0028,S0400,Accepted,2024-11-19
A1987,J0478,S0546,Accepted,2024-01-19
A1988,J0499,S0269,Rejected,2024-06-20
A1989,J0067,S0300,Rejected,2024-04-13
A1990,J0459,S0107,Accepted,2024-02-16
A1991,J0463,S0205,Accepted,2024-08-04
A1992,J0483,S0079,Applied,2024-11-10
A1993,J0193,S0894,Under Review,2024-03-06
A1994,J0048,S0507,Accepted,2024-10-22
A1995,J0219,S0505,Rejected,2024-10-16
A1996,J0337,S0472,Accepted,2024-02-09
A1997,J0373,S0579,Applied,2024-08-07
A1998,J0346,S0220,Accepted,2024-10-05
A1999,J0106,S0379,Rejected,2024-09-28
