education_id,seeker_id,institution_name,degree,field_of_study,credit_hours,gpa
E0000,S0449,"Mccullough, Watson and Brooks",PhD,IT,65,2.78
E0001,S0232,Rush-Moore,BS,IT,108,3.13
E0002,S0178,Pope Inc,MS,Management,104,3.71
E0003,S0864,Gibson LLC,PhD,IT,58,3.75
E0004,S0832,"Williams, Mathews and Norton",BS,Computer Science,91,3.38
E0005,S0944,"Harrison, Harris and Warren",PhD,Management,43,3.66
E0006,S0531,"Whitehead, Perkins and Fernandez",MBA,Business,70,3.88
E0007,S0490,Frey Inc,BS,Business,113,3.63
E0008,S0683,Jackson and Sons,BS,Computer Science,97,2.75
E0009,S0125,"Jimenez, Beasley and Smith",BS,IT,82,3.32
E0010,S0634,Moreno-Stone,PhD,IT,66,3.73
E0011,S0385,Lowery LLC,BS,IT,77,3.68
E0012,S0117,Graham-Bryant,MS,IT,46,3.93
E0013,S0187,Haynes LLC,PhD,IT,102,2.58
E0014,S0166,"Neal, Davis and Snyder",PhD,Business,81,2.6
E0015,S0800,Harper Ltd,PhD,Computer Science,40,3.56
E0016,S0334,"Myers, Maldonado and Valdez",MS,Business,53,3.3
E0017,S0218,Hensley-Smith,MBA,Business,71,2.96
E0018,S0430,Kirk-Padilla,PhD,Business,93,2.54
E0019,S0360,Castaneda Group,MS,Business,32,3.42
E0020,S0234,White-Adkins,MBA,Computer Science,120,3.24
E0021,S0597,Duncan-Scott,BS,Management,73,3.23
E0022,S0854,"Knox, Miranda and Hatfield",BS,Business,82,3.47
E0023,S0483,Murray PLC,MS,Business,39,2.79
E0024,S0012,"Moses, Logan and Vargas",MS,Management,47,3.54
E0025,S0067,Rogers-Gentry,PhD,Computer Science,57,3.05
E0026,S0243,Mitchell Inc,MBA,Management,77,3.73
E0027,S0650,"Gonzalez, Williams and Baird",MBA,Management,88,3.92
E0028,S0340,"Rodriguez, Rhodes and Lopez",MBA,IT,63,3.33
E0029,S0596,"May, Chandler and Taylor",BS,IT,89,3.85
E0030,S0604,Baker Ltd,BS,Management,54,3.36
E0031,S0255,Johnson-Patterson,MS,Computer Science,102,2.76
E0032,S0761,Moreno Ltd,MS,Management,119,2.95
E0033,S0782,"Gibson, Crawford and Lee",MS,IT,82,3.76
E0034,S0598,Stephens-Hill,PhD,IT,109,3.93
E0035,S0573,"Landry, Shaw and Edwards",PhD,Management,50,3.79
E0036,S0053,Oneal-Lucas,MBA,Computer Science,35,3.8
E0037,S0837,"Smith, Shelton and Reynolds",MBA,Management,55,3.33
E0038,S0744,"Myers, Bell and Pitts",PhD,Management,51,3.57
E0039,S0041,Martinez-Curry,MS,Business,46,2.78
E0040,S0546,"Ellis, Mcgee and Kennedy",MS,Management,118,3.82
E0041,S0388,Cox Ltd,PhD,Computer Science,79,3.05
E0042,S0342,"Hicks, Kelley and Osborne",MBA,IT,43,2.74
E0043,S0406,Aguirre Group,MBA,IT,36,3.97
E0044,S0479,"French, Butler and Shelton",PhD,Computer Science,47,3.3
E0045,S0678,"Thomas, Graham and Silva",MBA,IT,67,2.77
E0046,S0957,Knight-Rivera,MBA,Business,90,3.92
E0047,S0396,"Robbins, Romero and Johnson",PhD,Management,87,2.72
E0048,S0711,"Cobb, Bush and Mueller",BS,Business,51,3.86
E0049,S0465,"Weaver, Stevens and Wood",MBA,Management,88,2.93
E0050,S0693,Diaz-Holland,PhD,Computer Science,102,3.87
E0051,S0037,"Weber, Everett and Brown",MS,Management,58,2.94
E0052,S0383,Perkins-Graham,MS,Business,120,3.53
E0053,S0489,Moore PLC,PhD,IT,54,2.56
E0054,S0549,"Clark, Jensen and Palmer",MS,Management,89,2.87
E0055,S0192,"Richmond, Richardson and Mckenzie",PhD,IT,98,3.4
E0056,S0519,Gonzalez Group,BS,Management,38,3.19
E0057,S0870,"Turner, Miller and Osborn",MBA,Management,64,3.86
E0058,S0469,Johnson Inc,MBA,Business,109,3.24
E0059,S0986,Garcia PLC,MS,Business,73,3.61
E0060,S0591,Hernandez Group,MBA,Management,42,2.86
E0061,S0207,Chambers Inc,BS,IT,81,3.64
E0062,S0561,"Lopez, Castaneda and Lara",PhD,Business,120,3.64
E0063,S0970,"Alvarado, Miller and Jones",BS,Business,65,3.28
E0064,S0403,"Ramos, Scott and Miller",BS,IT,92,3.44
E0065,S0833,"Powell, Ruiz and Rivera",MS,Business,53,2.94
E0066,S0291,Farrell Group,BS,Management,34,3.84
E0067,S0002,"Palmer, Brown and Ortega",MS,Management,32,2.77
E0068,S0294,"Hayes, Stewart and Flores",PhD,Management,48,2.99
E0069,S0133,Davis LLC,PhD,Computer Science,77,2.76
E0070,S0305,Short-Merritt,MS,Business,60,3.16
E0071,S0080,"Quinn, Gallagher and Black",MS,Management,36,2.85
E0072,S0767,Silva-Weber,PhD,Business,66,3.77
E0073,S0266,"Dawson, Johnson and Brown",BS,IT,99,2.8
E0074,S0890,Sullivan-Fisher,BS,Management,87,3.72
E0075,S0714,"Reynolds, Zavala and Lopez",MS,Business,65,3.76
E0076,S0652,Conrad and Sons,PhD,Management,37,3.37
E0077,S0244,Moss and Sons,MBA,Business,105,2.65
E0078,S0349,"Valenzuela, Gallagher and Johnson",PhD,IT,58,3.5
E0079,S0030,"Stanley, French and Hall",MBA,Management,45,3.0
E0080,S0783,Reese PLC,MBA,Management,88,3.45
E0081,S0299,Coleman Inc,PhD,IT,93,2.59
E0082,S0340,"Taylor, Williams and Cardenas",PhD,IT,108,3.6
E0083,S0493,"Munoz, Allen and Moore",MS,Management,69,2.51
E0084,S0934,"Lloyd, Mckinney and Rodriguez",PhD,IT,51,2.6
E0085,S0923,Long-Ramirez,BS,IT,40,2.9
E0086,S0905,Castillo Group,MBA,Computer Science,56,3.59
E0087,S0507,King-Garrett,PhD,Business,93,2.58
E0088,S0668,"Douglas, Wilson and Smith",BS,Business,94,3.94
E0089,S0545,Jackson-Ruiz,MBA,IT,39,2.78
E0090,S0772,Bowers Group,MBA,Computer Science,89,3.62
E0091,S0215,Rodriguez LLC,MBA,Computer Science,111,2.9
E0092,S0449,Rivera-Flores,BS,IT,42,3.48
E0093,S0079,"Good, Martinez and Smith",PhD,Management,96,3.04
E0094,S0124,West Ltd,PhD,IT,60,2.72
E0095,S0343,"Dunn, Thomas and Wells",PhD,Business,57,2.82
E0096,S0093,"Singh, Krueger and Bell",PhD,Business,82,3.57
E0097,S0723,"Duncan, Walters and Sparks",PhD,Business,101,2.82
E0098,S0558,Miller-Burton,PhD,Business,118,3.59
E0099,S0020,Fuentes Group,MBA,Management,61,2.6
E0100,S0043,York-Hurley,BS,Business,51,2.75
E0101,S0169,"Torres, Hughes and Anderson",PhD,Business,87,2.84
E0102,S0707,"Perez, Alvarado and Wolf",MBA,IT,76,3.47
E0103,S0904,Olson PLC,MS,Computer Science,54,3.84
E0104,S0693,Yang Inc,MBA,Business,45,2.53
E0105,S0797,Sanders-Johnson,MS,Computer Science,62,3.99
E0106,S0280,Jenkins Group,BS,Business,87,2.94
E0107,S0374,Hunt Group,MBA,Computer Science,91,3.2
E0108,S0958,"Williams, Miller and Suarez",MS,Computer Science,84,2.95
E0109,S0579,Bauer Inc,MBA,Computer Science,120,3.92
E0110,S0491,Diaz LLC,PhD,Management,59,3.58
E0111,S0240,Sawyer-Smith,MS,Management,100,3.06
E0112,S0712,Foley PLC,PhD,IT,82,3.65
E0113,S0991,Bryant Group,MBA,Computer Science,87,3.88
E0114,S0230,Kelly PLC,BS,Computer Science,95,3.58
E0115,S0325,"Jones, Montes and Lee",BS,Business,118,3.54
E0116,S0176,Calderon-Zuniga,MS,Computer Science,113,3.17
E0117,S0145,"Roy, Richards and Robinson",MS,Management,84,3.9
E0118,S0868,"Campbell, Green and Smith",BS,Management,31,2.86
E0119,S0169,Case-Kim,PhD,Computer Science,35,3.46
E0120,S0994,Gray-Reed,MS,Business,115,2.83
E0121,S0387,"Snyder, Hernandez and Nguyen",MS,Computer Science,119,3.6
E0122,S0781,Smith LLC,MBA,IT,46,3.35
E0123,S0226,Alvarado and Sons,BS,Computer Science,57,3.2
E0124,S0826,"Lewis, Boone and Shepherd",PhD,IT,109,2.8
E0125,S0160,Ray-Vargas,MBA,Computer Science,70,2.53
E0126,S0908,Sheppard Ltd,MS,IT,91,2.99
E0127,S0497,"Rodriguez, Sherman and Jones",MS,Business,48,3.93
E0128,S0747,"Christensen, Harmon and Townsend",BS,Business,38,3.5
E0129,S0824,Walton-Miller,PhD,Management,99,2.99
E0130,S0450,"Raymond, Marsh and Underwood",MBA,Management,111,3.31
E0131,S0317,"Pacheco, Bowen and Moore",BS,IT,110,3.0
E0132,S0180,White-Kelley,BS,Computer Science,40,2.81
E0133,S0913,Leonard-Wells,MS,Business,37,3.53
E0134,S0485,Adams-Lewis,MS,Computer Science,109,2.75
E0135,S0603,"Koch, Adams and Horton",BS,Computer Science,92,3.16
E0136,S0052,"Wilkins, Hall and Harrison",PhD,Computer Science,32,3.4
E0137,S0570,Smith and Sons,BS,Computer Science,90,3.4
E0138,S0198,"Patel, Bates and Fischer",PhD,Business,64,3.06
E0139,S0976,Davis LLC,PhD,Management,56,2.87
E0140,S0809,"Williams, Church and Miller",BS,Computer Science,42,2.89
E0141,S0749,Smith-Thomas,PhD,Computer Science,32,2.91
E0142,S0354,Baker PLC,PhD,IT,59,2.75
E0143,S0674,Foster Ltd,MBA,Computer Science,107,2.54
E0144,S0923,Johnson-Castaneda,BS,Computer Science,75,3.84
E0145,S0947,Rodriguez-Rogers,MS,IT,76,3.09
E0146,S0488,Hurley-Hampton,MBA,Management,104,3.19
E0147,S0068,Lambert Group,MS,IT,103,3.48
E0148,S0571,Garcia PLC,PhD,Management,88,2.62
E0149,S0706,Patel Inc,MS,Computer Science,38,2.75
E0150,S0562,"Graham, Turner and Henderson",PhD,Management,100,3.7
E0151,S0836,"Moody, Miranda and Shea",MBA,IT,79,3.3
E0152,S0694,Vasquez LLC,MS,Computer Science,76,2.52
E0153,S0748,"Walters, Jenkins and Savage",PhD,Business,30,2.69
E0154,S0165,Peck PLC,BS,Management,110,3.41
E0155,S0342,"Carr, Kim and Roberts",MBA,Business,80,2.76
E0156,S0397,Jones-Jenkins,MBA,Management,93,3.49
E0157,S0946,"Bishop, Vaughan and Waters",PhD,IT,102,3.47
E0158,S0310,"Ward, Davis and Ramirez",BS,Management,91,2.71
E0159,S0944,"Mendez, Ross and Hall",BS,Business,67,3.63
E0160,S0270,Howard-Rodriguez,MBA,Computer Science,59,2.74
E0161,S0028,"Harrington, Warren and Noble",PhD,IT,112,3.41
E0162,S0340,Curry and Sons,BS,Computer Science,48,3.13
E0163,S0550,"Morris, Brown and Gutierrez",MS,IT,103,3.34
E0164,S0717,Juarez-Mosley,MS,IT,48,3.52
E0165,S0183,"York, Baker and Carey",BS,IT,90,2.56
E0166,S0473,Martinez Group,PhD,IT,95,2.94
E0167,S0998,Casey-Jacobson,MS,IT,69,3.48
E0168,S0479,"Foster, Hanna and Nash",MS,IT,93,3.8
E0169,S0891,Lewis and Sons,MBA,IT,39,2.57
E0170,S0278,Gregory-Rose,BS,Computer Science,116,2.86
E0171,S0756,Smith-Gonzalez,BS,Management,61,3.86
E0172,S0107,Ortega LLC,PhD,Business,106,3.7
E0173,S0334,Miller-Spears,MBA,IT,57,2.59
E0174,S0136,Jackson Ltd,MBA,Business,80,3.69
E0175,S0616,Simon-Nash,BS,IT,33,3.61
E0176,S0362,Hood-Barnett,MBA,Business,86,3.38
E0177,S0852,Rodriguez PLC,PhD,Computer Science,71,3.35
E0178,S0137,Armstrong-Krause,BS,Computer Science,54,3.2
E0179,S0473,Lee-Phillips,BS,IT,59,3.62
E0180,S0459,Griffith-Schmidt,PhD,Computer Science,110,3.91
E0181,S0151,"Ramirez, Miller and Ramirez",MS,Business,60,2.86
E0182,S0581,Foster Ltd,PhD,Management,99,3.17
E0183,S0097,Hayes Group,MBA,IT,78,2.85
E0184,S0260,Elliott-Lopez,MBA,Computer Science,116,3.29
E0185,S0238,Lopez-Strickland,MS,Management,73,2.99
E0186,S0348,Anderson Inc,MS,Management,56,3.95
E0187,S0879,Jenkins-Hall,MBA,Management,85,3.72
E0188,S0417,"Green, Stewart and Dillon",MBA,Business,109,3.49
E0189,S0528,Dalton-Knight,MBA,IT,68,2.62
E0190,S0932,Lane-Walsh,MS,IT,41,3.5
E0191,S0143,Bell Ltd,PhD,IT,115,2.57
E0192,S0835,"Herrera, Gallagher and Hudson",MS,Computer Science,92,3.43
E0193,S0431,"Simmons, Horton and Silva",BS,Management,98,3.84
E0194,S0733,"Guerra, Garcia and Phillips",PhD,Computer Science,102,3.95
E0195,S0830,"Clark, Stout and Williams",MS,Business,31,2.61
E0196,S0525,"Irwin, Hernandez and Rodriguez",MBA,Business,73,3.77
E0197,S0986,Henry-Campbell,PhD,Business,63,3.99
E0198,S0976,Bishop-White,BS,Computer Science,84,3.27
E0199,S0080,"Roberts, Coleman and Gilbert",MS,Computer Science,34,3.44
E0200,S0397,"Evans, Boyer and Wood",MS,Business,109,3.2
E0201,S0185,Hanna LLC,PhD,Business,77,3.48
E0202,S0356,"Hardin, Cruz and Drake",PhD,Business,36,2.58
E0203,S0155,Lee Inc,MS,IT,75,3.62
E0204,S0808,"Wheeler, Shaffer and Smith",MS,Business,112,3.07
E0205,S0186,"White, Morris and Hughes",BS,IT,58,3.52
E0206,S0926,Taylor PLC,MBA,Computer Science,92,3.17
E0207,S0585,Heath-Lowe,MBA,Business,102,3.19
E0208,S0838,Mitchell-Klein,MS,Computer Science,44,3.87
E0209,S0962,Morton Ltd,BS,IT,86,2.68
E0210,S0518,"Reynolds, Alexander and King",MBA,Computer Science,90,2.55
E0211,S0677,Becker-Reyes,MS,IT,52,2.87
E0212,S0606,Barnett Group,MBA,Computer Science,92,3.58
E0213,S0088,Cervantes PLC,BS,Computer Science,34,3.63
E0214,S0839,Smith and Sons,BS,Computer Science,76,3.51
E0215,S0242,"Lucas, Guzman and West",PhD,Business,118,3.13
E0216,S0740,Edwards Ltd,PhD,Computer Science,36,3.17
E0217,S0170,Diaz-Bray,PhD,Management,36,3.05
E0218,S0755,Green-Mason,PhD,Computer Science,45,3.53
E0219,S0636,King-Brown,PhD,IT,36,3.25
E0220,S0423,Ward Group,MS,Management,92,3.26
E0221,S0419,Walters-Mcpherson,MS,IT,89,2.53
E0222,S0109,"Kelly, Bean and Kim",MBA,Management,95,2.65
E0223,S0566,Thomas Inc,BS,Management,68,3.76
E0224,S0369,"Munoz, Thompson and Parker",BS,IT,100,3.24
E0225,S0011,"Perez, Raymond and English",MS,Business,97,3.47
E0226,S0922,West Inc,MBA,Business,97,3.82
E0227,S0445,Mitchell Group,MS,Management,70,2.91
E0228,S0360,Ryan-Johnson,PhD,IT,68,3.79
E0229,S0320,Pham-Reid,MBA,Business,45,2.66
E0230,S0439,Simpson PLC,MBA,Computer Science,105,3.38
E0231,S0008,"Lewis, Morris and Black",MBA,Management,63,2.83
E0232,S0343,Swanson-Smith,BS,Management,72,2.77
E0233,S0302,"Roberson, Orr and Escobar",BS,Computer Science,81,3.53
E0234,S0366,Meyer-Warren,PhD,Computer Science,77,3.83
E0235,S0290,Williams-Roth,MS,IT,49,2.66
E0236,S0984,Gregory PLC,MBA,Management,76,3.54
E0237,S0224,"Becker, Henderson and Baker",MBA,IT,90,2.75
E0238,S0296,Ross-Garcia,MS,Management,79,3.08
E0239,S0861,Peters Ltd,PhD,Management,106,3.69
E0240,S0265,"Nelson, Young and Edwards",MS,Management,52,3.1
E0241,S0849,"Watson, Mitchell and Johnson",PhD,Business,88,2.88
E0242,S0992,Wilson PLC,MBA,Business,81,3.12
E0243,S0510,Morton-Austin,MBA,Business,89,3.86
E0244,S0042,Williams LLC,MBA,IT,44,2.92
E0245,S0489,"Harrison, Phillips and Austin",MS,Computer Science,52,2.71
E0246,S0466,Washington-Rojas,MBA,Business,80,3.92
E0247,S0652,Greene-Riddle,PhD,Business,95,3.27
E0248,S0424,Walter LLC,MS,Management,41,2.67
E0249,S0479,Bennett-Gordon,MBA,Business,33,2.73
E0250,S0667,King and Sons,BS,Management,35,2.69
E0251,S0587,Martinez Group,BS,Business,95,3.61
E0252,S0501,"Griffin, Hammond and Mitchell",BS,Computer Science,79,3.84
E0253,S0691,Smith PLC,PhD,Management,107,2.54
E0254,S0928,Santiago PLC,PhD,Management,61,2.56
E0255,S0734,Jordan-Davis,PhD,Management,110,2.59
E0256,S0841,Smith-Mccormick,BS,IT,71,2.56
E0257,S0749,"Atkins, Villegas and Dyer",MS,IT,81,2.93
E0258,S0682,"Robinson, Jackson and Hardy",MBA,IT,36,3.68
E0259,S0707,Berger LLC,BS,Management,100,3.0
E0260,S0530,"Coleman, Meyer and Rogers",PhD,Computer Science,84,3.44
E0261,S0169,Lewis Group,BS,Management,70,3.42
E0262,S0782,"Decker, Moore and Turner",PhD,Management,86,3.81
E0263,S0558,"Bryan, Barnes and Palmer",PhD,Business,116,2.53
E0264,S0781,"Arnold, Jones and Bradley",BS,IT,64,2.89
E0265,S0087,Ellis-Lee,MBA,Computer Science,43,3.2
E0266,S0325,Schroeder and Sons,MBA,IT,34,3.29
E0267,S0390,"Miller, Ortega and Mann",MS,IT,110,3.52
E0268,S0468,"Delgado, Cooper and Holt",MBA,Computer Science,34,2.54
E0269,S0125,Ruiz Group,MBA,IT,77,2.58
E0270,S0826,Moore Group,BS,Business,70,2.84
E0271,S0526,Lopez-Henderson,MS,IT,105,3.27
E0272,S0605,Obrien-Reed,MBA,IT,101,3.56
E0273,S0571,Carter Ltd,BS,Management,88,3.73
E0274,S0953,"Zhang, Gaines and Thomas",MBA,Management,41,3.62
E0275,S0511,Young LLC,PhD,Business,72,3.99
E0276,S0863,"White, Curtis and Roberts",BS,Computer Science,44,3.89
E0277,S0276,Walls Group,PhD,IT,55,3.79
E0278,S0383,Foster Group,BS,Computer Science,40,3.26
E0279,S0465,Nolan and Sons,PhD,Management,37,3.08
E0280,S0401,"Lee, Dickerson and Jones",MS,Business,114,3.33
E0281,S0106,Frye and Sons,BS,Business,60,2.56
E0282,S0276,White Ltd,MBA,Business,81,2.89
E0283,S0067,Benitez-Morrison,PhD,Management,100,2.62
E0284,S0916,"Christensen, Jones and Greene",MS,Computer Science,92,3.23
E0285,S0487,"Sullivan, Jackson and Golden",MBA,IT,48,2.74
E0286,S0650,Cole-Martinez,BS,Business,62,2.78
E0287,S0603,Garcia Ltd,MS,Management,101,3.03
E0288,S0591,Jenkins Inc,MBA,Business,33,3.41
E0289,S0917,Butler-Evans,PhD,Business,58,3.4
E0290,S0931,Sullivan Group,PhD,Management,78,2.58
E0291,S0004,Warren-Taylor,PhD,Management,80,3.67
E0292,S0939,"Hernandez, Barber and Floyd",BS,IT,51,3.06
E0293,S0133,Greene-Molina,MS,Business,105,3.76
E0294,S0060,"Booker, Dunn and Hill",BS,Management,99,3.43
E0295,S0049,"Phillips, Young and Gross",PhD,Management,117,3.83
E0296,S0007,"Dickerson, Gregory and Mccoy",MBA,Business,55,2.54
E0297,S0813,Davis and Sons,PhD,Business,78,3.21
E0298,S0642,Craig LLC,BS,IT,109,2.82
E0299,S0686,"Mccullough, Mason and Barker",PhD,Business,54,3.02
E0300,S0148,Pollard PLC,PhD,Management,87,3.94
E0301,S0500,Romero-Salazar,MS,Computer Science,47,3.26
E0302,S0049,"Clark, Thompson and Watkins",MS,Management,69,2.72
E0303,S0550,Wilson and Sons,BS,IT,98,3.64
E0304,S0301,Hughes-Ware,BS,IT,68,3.48
E0305,S0999,Owens and Sons,BS,Computer Science,106,3.73
E0306,S0539,"Spencer, Church and Pena",PhD,Computer Science,80,2.59
E0307,S0609,"Greer, Castro and Hill",BS,IT,67,2.57
E0308,S0956,Larson and Sons,BS,IT,64,2.7
E0309,S0595,"Rose, Murphy and Hill",PhD,Business,86,3.52
E0310,S0892,"Wheeler, Lara and Wilcox",PhD,Computer Science,118,3.33
E0311,S0018,Brown-Johnson,MBA,IT,84,3.14
E0312,S0963,Richard and Sons,PhD,IT,77,2.66
E0313,S0446,Erickson Inc,PhD,Business,106,3.18
E0314,S0138,Ruiz-Brown,MS,Business,68,2.51
E0315,S0301,"Wells, Gardner and Cruz",BS,Management,72,3.29
E0316,S0205,Thomas Group,BS,Computer Science,58,2.61
E0317,S0358,Anderson-Powell,BS,Business,109,3.23
E0318,S0269,Bennett-Williams,BS,Business,65,3.96
E0319,S0967,Jensen-Guerrero,MS,Management,103,3.3
E0320,S0936,Ford PLC,BS,Business,94,2.71
E0321,S0985,Carrillo-Mueller,MBA,Management,35,2.82
E0322,S0261,Hernandez-Lawson,MBA,Management,112,2.96
E0323,S0439,"Hernandez, King and Wright",PhD,Management,63,3.63
E0324,S0632,"Shelton, Sanchez and Pena",PhD,Computer Science,113,2.71
E0325,S0982,Brown Ltd,PhD,Business,46,3.27
E0326,S0032,"Reed, Stewart and Jones",BS,Computer Science,92,3.74
E0327,S0176,Silva-Phillips,MS,Management,100,3.56
E0328,S0352,Gallagher-Herman,PhD,Business,72,3.08
E0329,S0436,"Edwards, Johnson and Davis",PhD,Management,42,2.51
E0330,S0622,Cunningham Ltd,MS,IT,110,2.91
E0331,S0103,"Hayes, Lamb and Jimenez",BS,Business,80,2.73
E0332,S0426,Rhodes Inc,PhD,IT,33,3.0
E0333,S0617,"Solomon, Carroll and Rose",MBA,IT,44,2.73
E0334,S0417,"Wolf, Bradshaw and Farrell",MS,Business,72,3.8
E0335,S0156,Nichols and Sons,BS,Business,80,3.27
E0336,S0565,"Myers, Bell and Marsh",PhD,IT,42,3.56
E0337,S0526,"Clark, Sanford and Cox",PhD,Business,70,3.32
E0338,S0315,Hicks-Huffman,PhD,Management,37,3.12
E0339,S0749,Alexander Ltd,MBA,Business,34,3.17
E0340,S0833,"Garcia, Perez and Mccormick",PhD,Computer Science,36,2.92
E0341,S0831,Craig and Sons,BS,IT,74,2.94
E0342,S0610,"Nichols, Gonzalez and Hernandez",MS,IT,62,3.01
E0343,S0095,Stone-Ellison,PhD,Business,112,3.91
E0344,S0703,"Wright, Phillips and Olson",MBA,IT,65,3.05
E0345,S0818,Johnston-Giles,BS,Business,87,2.9
E0346,S0970,"Cole, Brown and Hutchinson",BS,Business,61,3.42
E0347,S0210,"Mccoy, Davis and Martin",BS,Business,72,2.85
E0348,S0388,"Watson, Guerra and Meyer",MS,Computer Science,120,3.43
E0349,S0614,"Ramos, Schultz and Williams",MBA,Computer Science,98,3.91
E0350,S0905,Ellis PLC,MBA,Business,72,3.17
E0351,S0647,Townsend-Kaufman,BS,IT,60,3.54
E0352,S0273,Cox-Bass,MS,IT,74,3.55
E0353,S0802,"Conway, Price and Patterson",MS,Computer Science,113,2.63
E0354,S0483,Miller-Ramos,MBA,Business,38,3.15
E0355,S0540,"Gutierrez, Lopez and Hutchinson",BS,Business,107,2.77
E0356,S0273,Rivera Ltd,MS,Business,78,3.37
E0357,S0164,Meyer LLC,PhD,Management,48,2.78
E0358,S0483,Gonzalez-Rios,PhD,Business,106,3.49
E0359,S0636,Nichols-Conway,MBA,Business,61,2.86
E0360,S0394,Wilkinson Inc,PhD,IT,95,3.47
E0361,S0414,Dixon Inc,MS,Management,80,3.58
E0362,S0127,"Walker, Ortiz and Chapman",PhD,Business,107,3.65
E0363,S0500,Mcdonald-Martin,BS,Computer Science,39,3.56
E0364,S0957,Rogers Inc,MS,Computer Science,99,3.91
E0365,S0932,"Terry, Fox and Moore",MBA,IT,65,3.91
E0366,S0053,Peterson-Jones,PhD,IT,47,3.72
E0367,S0028,Williams Ltd,BS,Computer Science,72,3.45
E0368,S0022,Conway Ltd,MS,Management,101,3.09
E0369,S0296,"Palmer, Ramsey and Crawford",MS,Business,63,3.59
E0370,S0474,Ramsey Ltd,BS,Business,62,3.58
E0371,S0606,Fisher-Hunt,PhD,IT,78,3.69
E0372,S0030,"Rodgers, Willis and Bright",MBA,Business,69,3.74
E0373,S0908,"Gardner, Rosario and Peterson",PhD,IT,76,3.35
E0374,S0550,Mcneil-Brown,PhD,Computer Science,89,3.98
E0375,S0116,Palmer-White,PhD,IT,44,3.4
E0376,S0821,Castillo-Buckley,MS,Business,83,3.28
E0377,S0398,Nguyen Inc,PhD,IT,45,3.84
E0378,S0961,Davis LLC,MBA,IT,52,3.7
E0379,S0774,Lopez Inc,MBA,Computer Science,32,2.67
E0380,S0228,Rodriguez PLC,PhD,Business,84,3.94
E0381,S0483,Gutierrez-Jenkins,MBA,Business,65,2.83
E0382,S0304,"Maynard, Mccarthy and Thompson",MBA,Business,40,3.08
E0383,S0691,"Norton, Farley and Greene",PhD,Computer Science,65,2.94
E0384,S0263,"Smith, Hall and Huber",PhD,Computer Science,91,3.86
E0385,S0816,Hines Inc,BS,Computer Science,98,3.06
E0386,S0444,Cobb LLC,BS,Business,93,2.67
E0387,S0419,"Gutierrez, Christian and Chase",PhD,Business,44,3.67
E0388,S0274,Willis-Hickman,BS,IT,41,2.81
E0389,S0361,"Black, Rodriguez and Mann",BS,Management,84,2.98
E0390,S0675,"Jordan, Moore and Moore",BS,Business,33,3.57
E0391,S0581,Turner and Sons,PhD,Computer Science,83,3.93
E0392,S0194,Rivas-Burnett,MBA,Business,95,3.22
E0393,S0642,"Duncan, Arias and York",MBA,Computer Science,92,2.74
E0394,S0026,Edwards Ltd,MS,IT,47,3.99
E0395,S0441,"Ryan, Riley and Howell",MS,Computer Science,97,3.52
E0396,S0314,Willis-Hudson,BS,Business,58,3.29
E0397,S0395,"Brown, Stewart and Gonzalez",BS,Computer Science,47,3.73
E0398,S0706,Henry-Newton,MBA,Computer Science,111,2.92
E0399,S0244,"Lopez, Moody and Roach",MS,Management,118,2.99
E0400,S0636,"Brown, Baker and Taylor",PhD,Management,88,3.27
E0401,S0065,"Atkinson, Brown and Lewis",PhD,Business,75,3.93
E0402,S0419,Wong-Martinez,MS,Management,102,3.15
E0403,S0265,Cooper-Chen,MBA,Computer Science,103,3.41
E0404,S0393,Jordan-Floyd,PhD,Management,75,2.55
E0405,S0298,Chavez-Snyder,MBA,Computer Science,60,2.72
E0406,S0086,"Johnson, Williams and Avila",MS,Computer Science,82,2.56
E0407,S0803,Kim Group,BS,Computer Science,95,2.79
E0408,S0100,Wolf and Sons,PhD,Management,99,3.62
E0409,S0038,"Collins, Benjamin and Taylor",MS,Business,41,3.96
E0410,S0814,"Rivera, Johnson and Wall",PhD,IT,49,3.36
E0411,S0044,"Collins, Anderson and Glover",MS,Business,40,2.58
E0412,S0848,"Williamson, Anderson and Jones",MS,Computer Science,54,2.58
E0413,S0652,Miller LLC,BS,Management,115,2.8
E0414,S0187,Figueroa-Mckinney,BS,Business,60,3.04
E0415,S0678,Huerta-Wright,BS,IT,72,3.28
E0416,S0249,"York, Parker and Garcia",MBA,IT,86,2.86
E0417,S0178,Robinson and Sons,MBA,Management,50,3.58
E0418,S0560,"Williams, Harper and Nicholson",BS,Business,93,3.02
E0419,S0051,"Wilson, Mcdowell and Boyd",BS,Business,78,2.64
E0420,S0632,Zuniga Ltd,PhD,Computer Science,51,2.64
E0421,S0225,Allen-Quinn,MBA,Business,102,2.88
E0422,S0625,Davidson Group,MBA,IT,85,3.41
E0423,S0100,"Hickman, Smith and Martinez",MS,IT,46,3.72
E0424,S0027,"Goodman, Mcdonald and Banks",BS,Computer Science,57,3.1
E0425,S0231,"James, Sanchez and Smith",MS,Management,50,2.83
E0426,S0538,"Garrett, Bridges and Daniels",BS,Business,103,3.86
E0427,S0474,Miller-Williams,MBA,Business,74,3.47
E0428,S0255,Pitts-Ramirez,MBA,IT,115,3.05
E0429,S0037,Martin LLC,MS,Management,33,2.67
E0430,S0389,Ramirez-Jacobs,MS,Computer Science,33,3.54
E0431,S0886,Waters-Richardson,MBA,Business,39,2.76
E0432,S0945,Barnett-Gonzalez,PhD,IT,48,3.98
E0433,S0462,Smith Group,MBA,IT,40,2.72
E0434,S0859,Robles-Acosta,MS,Computer Science,40,3.57
E0435,S0827,Flowers and Sons,MS,Business,113,3.87
E0436,S0327,"Villanueva, Strickland and Weber",PhD,IT,44,3.68
E0437,S0998,"Miller, Contreras and Callahan",BS,Computer Science,37,3.35
E0438,S0712,Barker PLC,MBA,Business,111,3.7
E0439,S0830,Baker-Morrow,PhD,Computer Science,79,2.75
E0440,S0265,Ball Inc,PhD,Management,55,3.89
E0441,S0070,"Navarro, Chen and Sanchez",MBA,Business,54,3.42
E0442,S0359,Daniels-Lynch,PhD,Management,89,2.76
E0443,S0737,Mullins and Sons,MS,Management,82,3.35
E0444,S0369,Jennings-Garcia,PhD,Business,38,2.58
E0445,S0431,Sanchez-Harper,PhD,Business,41,2.75
E0446,S0058,"Wood, Martin and Mendoza",BS,IT,34,3.13
E0447,S0177,"Green, Stevens and Sullivan",BS,Computer Science,113,3.12
E0448,S0524,Conway Group,MBA,Management,51,2.98
E0449,S0327,Compton and Sons,MS,Computer Science,100,3.01
E0450,S0606,Thomas-Turner,BS,Computer Science,86,3.12
E0451,S0357,Hubbard LLC,MS,Business,117,3.18
E0452,S0850,Santana-Herring,BS,Business,80,3.82
E0453,S0320,Chambers Group,MBA,Computer Science,69,3.0
E0454,S0472,"Freeman, Patterson and Bennett",MS,Management,93,3.96
E0455,S0545,Ford LLC,PhD,Computer Science,82,3.09
E0456,S0156,"Frederick, Rodriguez and Clark",BS,IT,72,2.9
E0457,S0952,Combs-Carter,PhD,Computer Science,85,3.71
E0458,S0426,Stafford and Sons,MBA,IT,93,3.95
E0459,S0555,Smith and Sons,MBA,IT,71,3.67
E0460,S0530,"Lopez, Johnson and Chandler",MBA,Computer Science,82,3.03
E0461,S0351,Young-Morrison,PhD,IT,51,3.67
E0462,S0285,Snyder-Shelton,BS,Computer Science,47,3.22
E0463,S0256,Gomez-Ford,MS,Management,118,3.8
E0464,S0232,"Wise, Evans and Porter",BS,IT,74,2.63
E0465,S0959,Hunter-Cole,PhD,IT,56,2.53
E0466,S0442,"Simmons, Barnett and Davis",MBA,Management,49,3.65
E0467,S0353,"Soto, Barnes and Nguyen",BS,Business,96,2.53
E0468,S0716,Fowler PLC,MBA,Management,113,3.12
E0469,S0150,Matthews LLC,MBA,IT,60,3.87
E0470,S0490,Castaneda Ltd,MS,Management,62,3.98
E0471,S0157,Mcgee-Cox,MBA,Business,65,3.57
E0472,S0884,"Bell, Clark and Aguilar",PhD,Computer Science,66,3.06
E0473,S0282,Clark and Sons,PhD,IT,56,2.61
E0474,S0653,"Jackson, Washington and Thomas",PhD,IT,74,3.51
E0475,S0759,Shaffer and Sons,PhD,Computer Science,65,3.71
E0476,S0663,Ellis and Sons,MS,Management,90,3.58
E0477,S0986,"Hill, Martin and Knapp",MS,Computer Science,65,3.82
E0478,S0298,"Luna, Martinez and Macdonald",BS,Computer Science,97,3.69
E0479,S0851,"Mckee, Hart and Peterson",MBA,Computer Science,103,2.86
E0480,S0529,"Lloyd, Ross and Lucas",PhD,Business,118,3.61
E0481,S0178,Smith Group,PhD,Business,45,3.66
E0482,S0367,Mason-Moore,PhD,Computer Science,118,2.94
E0483,S0350,Lee-Franklin,PhD,Management,58,2.76
E0484,S0531,"Bender, Bailey and Green",BS,Computer Science,83,2.76
E0485,S0384,King Inc,MBA,Management,89,3.78
E0486,S0774,Parker Group,PhD,IT,99,3.3
E0487,S0758,Nash-Mcdonald,MBA,Computer Science,102,3.94
E0488,S0825,Boyd-Smith,MS,Management,68,3.31
E0489,S0956,Krueger LLC,BS,Management,57,3.38
E0490,S0470,Atkinson Ltd,MBA,Management,83,3.77
E0491,S0900,"Bernard, Jackson and Irwin",MBA,Business,53,2.53
E0492,S0211,Lindsey-Rodriguez,PhD,Computer Science,41,3.52
E0493,S0263,Montes-Odom,MBA,Computer Science,49,3.67
E0494,S0697,Villa Inc,BS,Management,40,2.58
E0495,S0241,"Patel, Johnson and Singleton",BS,Management,70,3.26
E0496,S0186,Jones PLC,MBA,Management,112,3.38
E0497,S0576,"Osborn, Hawkins and Daniels",PhD,Computer Science,92,3.9
E0498,S0608,"Chen, Nunez and Campbell",MBA,Business,45,3.57
E0499,S0837,"Villegas, Foster and Stanley",BS,Business,73,2.58
E0500,S0193,"Galvan, Wilson and Simmons",PhD,Business,46,3.2
E0501,S0547,Garcia LLC,BS,IT,102,2.79
E0502,S0880,Perez Group,BS,Computer Science,76,3.1
E0503,S0524,Wright-Hardin,MBA,IT,116,3.92
E0504,S0484,Marshall Ltd,PhD,Computer Science,104,2.98
E0505,S0712,Long-Brown,MS,IT,118,3.3
E0506,S0769,Chen LLC,MS,IT,47,3.21
E0507,S0911,Howard-Herrera,BS,Computer Science,98,3.86
E0508,S0959,Garcia and Sons,BS,Management,117,2.66
E0509,S0409,Lopez-Chang,MBA,IT,34,2.9
E0510,S0829,Everett-Robinson,MBA,IT,60,2.93
E0511,S0955,Gates Ltd,MS,Computer Science,64,2.78
E0512,S0946,"Simmons, Davis and Price",MS,IT,64,3.5
E0513,S0304,"Bradley, Rogers and Cruz",BS,Management,51,2.95
E0514,S0098,Miller-Allen,PhD,IT,94,3.55
E0515,S0943,Flores Inc,MBA,Computer Science,112,3.53
E0516,S0880,"Hart, Lee and Benson",PhD,IT,42,3.75
E0517,S0074,Madden LLC,MS,Business,105,2.73
E0518,S0741,Brown Inc,PhD,IT,31,2.96
E0519,S0773,"Rodriguez, Russell and Walton",PhD,Business,66,3.36
E0520,S0071,"Butler, Robinson and Ortiz",MS,Computer Science,116,3.73
E0521,S0793,"Morris, Brown and Middleton",MS,Computer Science,60,3.33
E0522,S0254,"Jones, Leonard and Edwards",MS,IT,113,3.23
E0523,S0642,Sanders and Sons,PhD,Management,42,3.62
E0524,S0814,Bender-Arellano,PhD,Business,72,3.31
E0525,S0170,Rush-Ray,PhD,IT,67,3.84
E0526,S0448,Todd Ltd,PhD,Management,55,2.98
E0527,S0081,Wong-Hartman,PhD,Management,43,2.87
E0528,S0642,Flores-Harrison,MBA,Computer Science,101,3.32
E0529,S0829,Bryant PLC,PhD,Management,58,3.95
E0530,S0051,Freeman Inc,MS,Management,88,2.99
E0531,S0732,Ortiz LLC,MS,Computer Science,68,3.8
E0532,S0929,"Barker, Johnson and Mcguire",BS,Management,109,3.9
E0533,S0406,"Sanchez, Brown and Mcclain",PhD,Business,104,3.72
E0534,S0959,Wood-Clark,BS,Business,113,3.84
E0535,S0082,Smith-Walker,BS,Business,108,2.88
E0536,S0999,"Foster, Castillo and Martin",BS,Management,119,2.61
E0537,S0936,Wilson-Padilla,BS,Business,76,3.93
E0538,S0087,Fernandez-Harris,PhD,IT,42,3.11
E0539,S0652,Harris-Gonzalez,MS,Computer Science,43,3.63
E0540,S0411,Bailey-Horn,MS,Business,100,3.96
E0541,S0679,Mckinney-Wong,PhD,Computer Science,39,2.82
E0542,S0404,Lewis Group,MS,Business,69,3.05
E0543,S0396,Long LLC,BS,Business,33,2.51
E0544,S0349,Simpson PLC,BS,Computer Science,47,3.85
E0545,S0382,Brown-Cox,BS,Computer Science,115,3.07
E0546,S0261,Hall PLC,PhD,Business,72,3.59
E0547,S0714,"Thompson, Miller and Hale",MS,Business,115,3.83
E0548,S0970,"Sanchez, Walker and Gonzalez",MBA,Management,66,2.88
E0549,S0457,Miller-Franklin,MS,Computer Science,118,2.9
E0550,S0297,Schultz-King,PhD,Management,92,2.77
E0551,S0576,Harvey and Sons,MS,Management,33,3.5
E0552,S0310,"Cooper, Diaz and Richards",PhD,Business,46,2.95
E0553,S0851,Hunter Inc,BS,Computer Science,102,2.81
E0554,S0841,Walker-Barnes,BS,Management,67,3.4
E0555,S0592,"Jackson, Strong and Potter",MBA,Management,40,3.31
E0556,S0401,"Smith, Wilkerson and Cross",BS,Management,52,3.02
E0557,S0840,Smith-Garcia,MS,Management,115,3.67
E0558,S0690,Cooper-Mccormick,BS,Management,33,3.72
E0559,S0098,"Moody, Ross and Underwood",MBA,Computer Science,67,3.0
E0560,S0433,"Foster, Fisher and Miller",PhD,Business,116,2.78
E0561,S0497,Larson-Ruiz,MS,IT,63,3.62
E0562,S0653,Koch and Sons,PhD,IT,56,2.96
E0563,S0455,"Bryan, Robinson and Torres",BS,Business,117,2.57
E0564,S0352,"Farley, Ferguson and Edwards",PhD,IT,91,3.9
E0565,S0201,Gonzalez Ltd,BS,Business,84,3.84
E0566,S0642,Torres LLC,BS,IT,85,3.7
E0567,S0902,Rodriguez Group,MS,Computer Science,117,3.42
E0568,S0296,"Mooney, Valdez and Palmer",PhD,Management,33,2.53
E0569,S0002,"Curry, Pruitt and Robinson",PhD,Business,65,3.2
E0570,S0534,Brown PLC,MBA,Computer Science,35,3.33
E0571,S0785,Schmidt-Lane,MBA,Business,112,3.56
E0572,S0254,Martinez Inc,PhD,Management,104,3.17
E0573,S0342,Cruz Group,PhD,Business,61,3.8
E0574,S0328,"Shelton, Smith and Hatfield",MBA,Business,99,3.23
E0575,S0854,"Lee, Mendoza and Gutierrez",MBA,Management,93,3.75
E0576,S0188,Gregory-Brown,BS,Management,93,2.77
E0577,S0312,Nguyen-Kelley,MS,Management,39,3.76
E0578,S0127,"Nelson, Farrell and Silva",MS,Business,118,3.82
E0579,S0948,Garcia-Reyes,MS,IT,71,2.78
E0580,S0992,Hendricks Group,MS,IT,53,3.67
E0581,S0356,George Inc,BS,Management,81,3.64
E0582,S0780,"Nielsen, Thomas and Lang",BS,Business,64,3.83
E0583,S0950,Williams-West,BS,Business,61,3.29
E0584,S0455,"Garrett, Stone and Parker",MS,IT,67,3.32
E0585,S0153,"Turner, Burton and Miranda",MBA,Management,119,2.99
E0586,S0909,Gibson-Bryan,MBA,IT,32,3.17
E0587,S0102,Davis-Mcclain,MBA,Computer Science,64,2.94
E0588,S0361,Marshall Group,MBA,Computer Science,36,3.32
E0589,S0241,Bell-Rodriguez,BS,Business,88,3.42
E0590,S0460,"Perry, Henderson and Callahan",MBA,Business,88,3.11
E0591,S0869,Morris-Schmidt,MS,IT,118,3.68
E0592,S0725,Pennington and Sons,MBA,IT,43,3.01
E0593,S0851,Cantrell-Smith,BS,Management,47,3.92
E0594,S0713,Nunez-Guzman,MS,IT,83,3.73
E0595,S0506,"Stephenson, Walsh and Thomas",PhD,IT,105,2.76
E0596,S0512,"Hickman, Green and Boyd",MBA,Business,68,3.23
E0597,S0087,"Wood, Benson and Evans",MS,Computer Science,58,2.72
E0598,S0089,Palmer PLC,BS,IT,75,2.56
E0599,S0965,"Everett, Edwards and Edwards",MBA,IT,63,3.99
E0600,S0304,"Bridges, Moore and Massey",PhD,Management,117,2.8
E0601,S0277,Munoz LLC,MBA,Computer Science,70,2.62
E0602,S0579,"Townsend, Martin and Hancock",MS,Computer Science,118,3.68
E0603,S0762,Rojas-Bailey,MS,Computer Science,106,3.84
E0604,S0943,Miller Inc,MBA,IT,80,2.91
E0605,S0890,Norris Inc,MBA,IT,37,2.87
E0606,S0766,"Duran, Allen and Rose",MBA,IT,87,2.91
E0607,S0191,Weaver PLC,MS,Computer Science,88,2.68
E0608,S0021,"Guerra, Welch and Mack",PhD,Business,52,3.04
E0609,S0380,"Gibbs, Gardner and Lee",PhD,IT,86,3.7
E0610,S0502,Singh and Sons,BS,Business,38,3.53
E0611,S0297,"Ortiz, Watkins and Bautista",PhD,IT,86,3.92
E0612,S0306,Carlson-Conrad,PhD,Business,84,3.86
E0613,S0715,"Levine, Colon and Wolf",MBA,Business,80,3.65
E0614,S0694,"Brennan, Gates and Garrett",MBA,Business,54,3.63
E0615,S0033,Phillips-Everett,BS,Business,76,3.68
E0616,S0956,Howard-Haynes,BS,IT,67,2.55
E0617,S0830,Sherman PLC,BS,Computer Science,52,3.15
E0618,S0287,Fuentes PLC,MBA,Management,103,3.17
E0619,S0039,Davis-Hughes,BS,IT,36,3.46
E0620,S0372,Nelson Ltd,MS,Business,104,3.72
E0621,S0665,Davis PLC,MBA,Management,92,3.84
E0622,S0420,Jackson-Thompson,BS,Management,57,3.05
E0623,S0762,Hart PLC,MS,Management,55,3.35
E0624,S0903,Webster Ltd,MS,IT,100,3.28
E0625,S0873,Flores-Weaver,BS,Business,84,2.84
E0626,S0005,Clark-Butler,MBA,IT,51,3.0
E0627,S0006,Harris-Fernandez,MBA,Computer Science,108,2.73
E0628,S0169,Everett Group,PhD,Management,58,3.8
E0629,S0071,Johnson LLC,MBA,Business,31,2.63
E0630,S0416,Arias and Sons,MS,Computer Science,66,2.77
E0631,S0912,Carr-Munoz,PhD,Computer Science,49,3.29
E0632,S0896,Hoffman Ltd,MBA,IT,120,3.47
E0633,S0582,Farley-Shaw,PhD,Management,65,3.53
E0634,S0112,Beard-Hendricks,MS,Management,56,2.86
E0635,S0624,Smith and Sons,BS,Business,37,2.86
E0636,S0802,Garza-Soto,BS,Computer Science,70,3.52
E0637,S0548,Wilson-Colon,PhD,IT,55,2.58
E0638,S0861,Rose-Santiago,MS,Computer Science,42,3.04
E0639,S0260,Cannon-Smith,BS,IT,120,3.18
E0640,S0630,Murphy-Buchanan,MBA,Management,84,2.64
E0641,S0797,Austin-Griffith,PhD,IT,67,2.83
E0642,S0052,Goodman and Sons,MS,Management,52,3.93
E0643,S0939,Valentine PLC,MS,Management,31,2.77
E0644,S0025,Holmes Ltd,BS,IT,48,3.88
E0645,S0295,Hill-Medina,BS,IT,36,2.9
E0646,S0129,"Brown, Hill and Lindsey",PhD,IT,114,3.42
E0647,S0825,Wright PLC,BS,Management,76,3.5
E0648,S0535,"Reed, Baker and Johnson",MS,Computer Science,115,3.98
E0649,S0579,Jones-Bradley,PhD,IT,48,3.94
E0650,S0984,"Farley, Stevens and Weiss",MBA,Business,60,3.83
E0651,S0329,"Le, Thompson and Hall",MBA,Management,50,3.98
E0652,S0986,Stanley-Franklin,PhD,Business,106,3.17
E0653,S0177,"Castro, Marshall and Moran",MS,Business,110,3.93
E0654,S0956,"West, Stephens and White",MBA,Computer Science,107,3.89
E0655,S0904,Humphrey-Thomas,PhD,Computer Science,34,3.76
E0656,S0875,"Wyatt, Parker and Flores",MS,Computer Science,48,3.5
E0657,S0076,Thompson-Gallagher,MS,IT,90,3.91
E0658,S0852,Mack Ltd,BS,Computer Science,60,3.83
E0659,S0699,Clay Inc,MBA,Management,44,3.18
E0660,S0585,"Franklin, May and Fitzpatrick",MBA,Management,43,3.12
E0661,S0678,"Peterson, Blackwell and Hoffman",PhD,Business,88,3.61
E0662,S0530,Austin and Sons,MBA,Management,61,2.64
E0663,S0578,Romero-Blankenship,BS,IT,37,3.32
E0664,S0273,Ray LLC,MBA,Computer Science,81,2.68
E0665,S0916,"Garcia, Henry and Williams",MS,IT,64,3.13
E0666,S0818,"Gordon, Harris and Jones",PhD,IT,105,3.21
E0667,S0145,Peterson PLC,MS,Management,81,3.88
E0668,S0632,Watson Inc,PhD,IT,70,3.17
E0669,S0474,"Johnson, Garcia and Miranda",PhD,Computer Science,31,3.44
E0670,S0994,Young-Marshall,PhD,Business,80,3.44
E0671,S0229,"Harris, Santos and Austin",MS,IT,34,3.18
E0672,S0164,"Allen, Smith and Singh",MS,Management,87,2.68
E0673,S0192,Harris Inc,PhD,IT,66,3.14
E0674,S0471,"Sullivan, Henry and Montgomery",BS,IT,61,3.31
E0675,S0355,Ponce-Solomon,MBA,IT,42,2.86
E0676,S0636,Quinn PLC,PhD,Management,89,2.91
E0677,S0129,"Brown, Myers and Hutchinson",PhD,Business,111,3.76
E0678,S0362,Johnson-Burke,MS,Business,80,2.75
E0679,S0995,Cruz Group,MS,Computer Science,120,3.63
E0680,S0043,Harris-Marshall,BS,Management,59,2.72
E0681,S0357,Campbell Group,MS,Management,40,2.93
E0682,S0230,"Madden, Collins and Decker",MBA,Management,118,3.06
E0683,S0407,"Schroeder, Brown and Miller",BS,Computer Science,111,3.11
E0684,S0657,Tanner-Herrera,PhD,IT,86,2.85
E0685,S0342,Wood-Martin,MBA,Management,111,2.91
E0686,S0692,"Burnett, Hodge and Thomas",PhD,IT,50,3.4
E0687,S0547,Sheppard-Lara,MBA,Business,94,2.97
E0688,S0438,Gibson LLC,MS,IT,120,2.71
E0689,S0655,Fox-Raymond,MS,IT,67,3.03
E0690,S0065,"Young, Lindsey and Gonzalez",BS,Management,64,3.04
E0691,S0322,Blackwell LLC,MBA,IT,59,3.22
E0692,S0158,Taylor-Porter,PhD,Computer Science,35,3.75
E0693,S0346,"Hardin, Willis and Mason",MS,Computer Science,104,2.63
E0694,S0227,Thompson-Gilbert,BS,Management,96,3.61
E0695,S0880,"Taylor, Pearson and Johnson",MBA,Business,49,2.62
E0696,S0295,Fischer and Sons,PhD,Business,68,3.27
E0697,S0644,Mitchell Group,MBA,Business,35,2.77
E0698,S0284,Jefferson-King,BS,Computer Science,110,3.78
E0699,S0989,"Pittman, Brown and Dixon",MBA,IT,86,3.7
E0700,S0902,"Collier, Mccullough and Johnson",MBA,Business,119,3.33
E0701,S0527,Matthews LLC,MBA,Computer Science,51,2.7
E0702,S0397,Rodriguez Inc,PhD,IT,93,3.85
E0703,S0485,Ruiz-Carter,PhD,Computer Science,34,2.67
E0704,S0243,"Long, Wells and Olson",BS,Computer Science,103,3.91
E0705,S0210,Oneal LLC,MS,IT,82,3.14
E0706,S0953,Jones Ltd,MS,Business,69,3.75
E0707,S0388,"Brooks, Myers and Moon",PhD,Management,46,3.8
E0708,S0177,"Conner, Roberts and Goodman",PhD,Business,108,3.76
E0709,S0746,"Lester, Howard and Santana",PhD,IT,103,2.79
E0710,S0520,Shepherd PLC,BS,Computer Science,75,2.64
E0711,S0269,Taylor PLC,MS,Computer Science,89,3.39
E0712,S0646,Joseph-Shaw,MS,IT,113,3.62
E0713,S0084,Haas-Jackson,BS,IT,61,3.66
E0714,S0163,Lindsey Group,MBA,Business,106,2.89
E0715,S0611,Mclean and Sons,MS,Computer Science,41,3.9
E0716,S0147,Thompson Ltd,BS,Management,80,3.24
E0717,S0469,Sanchez Inc,MS,Business,37,2.77
E0718,S0912,Jones Inc,PhD,IT,31,3.82
E0719,S0019,Espinoza Inc,PhD,Business,74,2.92
E0720,S0196,Elliott-Hudson,PhD,Computer Science,96,3.82
E0721,S0487,"Mitchell, Watson and Thompson",BS,IT,50,2.67
E0722,S0766,Jacobs Group,PhD,Management,100,2.91
E0723,S0884,"Cantrell, Espinoza and Sherman",MBA,Business,108,2.94
E0724,S0919,"Scott, Jennings and Lewis",MBA,Management,33,3.7
E0725,S0365,Lewis-Barnes,BS,Management,59,3.98
E0726,S0975,"Ross, Jones and Montgomery",PhD,Business,77,3.57
E0727,S0886,White Ltd,MBA,Business,49,3.06
E0728,S0855,Love-Carter,PhD,Computer Science,30,3.04
E0729,S0768,Fletcher LLC,BS,IT,67,3.67
E0730,S0030,Oconnor-Griffith,BS,Business,89,4.0
E0731,S0545,Suarez Group,MBA,Management,99,3.9
E0732,S0658,"James, Washington and Wilkinson",BS,Management,57,2.56
E0733,S0010,Horn-Nelson,BS,IT,40,2.52
E0734,S0620,"Norris, Cole and Dennis",PhD,IT,112,3.92
E0735,S0883,Adams-Tyler,MS,IT,55,3.48
E0736,S0720,Elliott-Escobar,MBA,Business,97,2.66
E0737,S0507,"Silva, Gonzalez and Bailey",MS,IT,35,2.7
E0738,S0355,Nelson Inc,BS,IT,115,3.37
E0739,S0445,Diaz Ltd,MS,Management,92,3.39
E0740,S0259,"King, Williams and Hayden",BS,Business,66,3.61
E0741,S0210,Delgado PLC,PhD,IT,30,3.0
E0742,S0348,Perez-Bailey,MBA,IT,61,3.84
E0743,S0038,Mitchell Ltd,PhD,IT,66,3.66
E0744,S0681,"Brown, Johnson and Hart",BS,Computer Science,34,3.16
E0745,S0575,Shaw-Gates,MBA,IT,106,3.96
E0746,S0139,Heath-Donovan,MBA,Computer Science,69,3.89
E0747,S0012,"Mendoza, Stout and Velasquez",BS,Management,104,3.12
E0748,S0825,Russell-White,MBA,IT,37,3.38
E0749,S0536,Armstrong LLC,MS,Management,93,3.27
E0750,S0909,"Williams, Martin and Johnson",MS,Management,90,2.67
E0751,S0177,Salinas-Lawrence,MBA,Management,103,3.72
E0752,S0604,Anderson and Sons,MBA,Computer Science,89,2.63
E0753,S0812,Lewis Ltd,MS,Management,93,2.62
E0754,S0196,"Davis, Harris and Bell",MS,IT,57,2.56
E0755,S0816,Rodriguez PLC,BS,IT,120,2.61
E0756,S0934,"Sutton, Leach and Jones",BS,Business,108,2.69
E0757,S0958,Curry and Sons,MS,Business,55,2.55
E0758,S0907,Wagner-Bray,MS,Computer Science,104,2.67
E0759,S0029,Oconnell-Watts,BS,IT,58,3.84
E0760,S0635,Bennett-Ballard,PhD,Business,51,3.12
E0761,S0898,"Wu, Smith and Copeland",MBA,Computer Science,101,3.1
E0762,S0327,Harris-Baldwin,PhD,Business,113,3.24
E0763,S0933,Brown PLC,BS,Management,51,2.54
E0764,S0073,"Lee, Aguirre and Ross",MS,Business,58,3.06
E0765,S0617,"Herrera, Jimenez and Rodriguez",PhD,Computer Science,43,3.64
E0766,S0232,White and Sons,BS,Business,69,3.29
E0767,S0440,"Sanchez, Jones and Gray",PhD,Computer Science,79,2.92
E0768,S0314,Martin-Castillo,MBA,Computer Science,40,2.56
E0769,S0893,Montes-Powell,MBA,Computer Science,88,2.74
E0770,S0875,Irwin-Cunningham,MBA,IT,108,3.34
E0771,S0689,Gordon LLC,MBA,Computer Science,64,3.61
E0772,S0763,Nicholson-Hall,PhD,Business,65,3.34
E0773,S0570,"Watkins, Walker and Ortiz",MS,Business,67,2.8
E0774,S0148,Mccoy Group,BS,IT,54,2.76
E0775,S0903,Benson-Walls,PhD,Business,54,2.94
E0776,S0065,Hogan-Webster,MBA,IT,37,2.68
E0777,S0208,Long Group,MBA,Management,99,3.21
E0778,S0990,Beltran-Oliver,PhD,Management,87,2.73
E0779,S0598,Santos-Rivera,PhD,Management,76,2.83
E0780,S0972,Hayes LLC,PhD,Management,39,3.76
E0781,S0990,Vaughan-Avila,MS,Computer Science,31,3.56
E0782,S0048,Garcia-Cordova,MS,Business,88,3.89
E0783,S0290,"Drake, Wiggins and Nelson",MBA,Management,96,2.51
E0784,S0971,Jenkins-Franklin,BS,IT,112,3.6
E0785,S0855,Clark-Wong,MS,IT,112,2.52
E0786,S0204,Gutierrez LLC,BS,Business,43,3.35
E0787,S0085,"Garza, Brown and Wise",BS,Management,96,2.64
E0788,S0213,"Carter, Hall and Hunter",BS,Business,103,3.97
E0789,S0403,Benitez Inc,PhD,Business,111,3.56
E0790,S0255,Hamilton-Dennis,PhD,Management,89,3.69
E0791,S0305,"Davidson, Wu and Patterson",MS,IT,87,3.43
E0792,S0401,Matthews Ltd,BS,Business,49,2.57
E0793,S0707,"Carr, Hayes and Baker",PhD,Management,94,3.42
E0794,S0071,Ruiz-Mccormick,PhD,Computer Science,57,2.63
E0795,S0898,"Nguyen, Mcclain and Hodges",PhD,Business,101,3.86
E0796,S0865,Martinez-Nelson,MBA,Management,107,3.88
E0797,S0826,Adams-Sanchez,MS,Business,104,3.82
E0798,S0131,Wilcox-Nicholson,MBA,Computer Science,95,3.08
E0799,S0918,Tyler-Gallegos,MS,Management,60,3.87
E0800,S0839,Jackson-Thomas,BS,Business,39,3.58
E0801,S0512,Buck Group,BS,IT,101,3.18
E0802,S0642,Lewis Group,MS,Business,88,3.92
E0803,S0585,"Lee, Banks and Boyd",MBA,Management,80,2.56
E0804,S0964,Medina Inc,BS,Management,91,3.78
E0805,S0727,"Lawrence, Anderson and Parsons",BS,IT,39,2.78
E0806,S0271,"Fleming, Yates and Munoz",BS,Management,87,3.03
E0807,S0236,"Wallace, Blair and Hall",MS,IT,79,3.02
E0808,S0605,Martin PLC,BS,IT,112,3.21
E0809,S0241,Guzman-Brown,MS,Computer Science,74,3.39
E0810,S0149,Ibarra-Nguyen,MS,Management,69,2.7
E0811,S0930,Nichols and Sons,MBA,Computer Science,43,3.53
E0812,S0564,Cohen LLC,MS,IT,117,3.58
E0813,S0149,"Thompson, Martinez and Murphy",MS,Business,116,3.0
E0814,S0670,Murphy-Paul,BS,Management,102,2.6
E0815,S0251,Mendez-Flowers,BS,Management,73,3.08
E0816,S0817,Walsh-Hudson,BS,Management,39,2.71
E0817,S0813,"Allen, Le and Meyers",MBA,Computer Science,119,2.82
E0818,S0947,Quinn LLC,MS,IT,117,2.67
E0819,S0952,Curtis-Ball,BS,Business,78,3.86
E0820,S0656,Savage-Hammond,BS,Business,31,2.72
E0821,S0157,Anderson and Sons,BS,IT,69,3.72
E0822,S0220,"Jones, Hodges and Kelley",BS,Computer Science,32,3.37
E0823,S0638,"Miller, Nelson and White",MS,Business,95,2.5
E0824,S0935,Scott-Anderson,BS,Business,87,2.73
E0825,S0338,Miller-Harris,MS,Computer Science,48,3.56
E0826,S0415,Chapman Group,PhD,Computer Science,39,3.21
E0827,S0293,Rhodes PLC,MS,Computer Science,101,3.46
E0828,S0588,"Douglas, Reynolds and Williams",BS,Computer Science,84,3.55
E0829,S0347,Richards PLC,MS,IT,61,3.72
E0830,S0544,Martinez-Lopez,MBA,Management,51,3.11
E0831,S0867,"Wiggins, Davis and Preston",MS,Business,46,2.69
E0832,S0802,"Phillips, Price and Richmond",MS,Business,71,2.75
E0833,S0006,Wright-Smith,PhD,Business,41,3.27
E0834,S0148,Cole Ltd,BS,Business,108,3.77
E0835,S0590,Taylor-Sullivan,PhD,Business,45,2.91
E0836,S0501,Reynolds LLC,PhD,IT,52,2.51
E0837,S0385,"Jones, Clay and Oneal",MBA,Business,100,2.95
E0838,S0388,"Wilson, Woods and Henderson",PhD,Business,37,2.65
E0839,S0431,"Perez, Simmons and Cochran",BS,Business,67,2.84
E0840,S0649,Lee-Nichols,BS,Management,81,3.54
E0841,S0803,Conway-Robinson,PhD,IT,95,2.7
E0842,S0599,"Campbell, Hart and Pittman",MS,Computer Science,88,3.53
E0843,S0798,"Davila, Taylor and Briggs",PhD,Computer Science,39,3.85
E0844,S0425,Wang-Morales,PhD,Management,86,3.53
E0845,S0136,Foster-Wilson,PhD,IT,33,3.31
E0846,S0983,Beck Inc,MS,IT,66,3.54
E0847,S0155,Meza-Kramer,MBA,IT,115,3.98
E0848,S0622,Vazquez and Sons,PhD,Management,91,3.93
E0849,S0439,Martinez-Pearson,MBA,Business,72,3.51
E0850,S0249,Patel Ltd,BS,Management,85,3.14
E0851,S0883,Scott-Lee,PhD,Business,81,2.87
E0852,S0487,Cole-Mcconnell,MBA,IT,44,3.46
E0853,S0186,Carter LLC,PhD,Computer Science,31,3.71
E0854,S0181,"Atkinson, Davis and Harrison",MBA,Business,51,3.83
E0855,S0432,"Miller, Gibson and Woods",MBA,Management,99,2.91
E0856,S0185,Ware-Cortez,PhD,Computer Science,97,3.01
E0857,S0934,Velez Inc,MS,Management,81,3.86
E0858,S0992,Rice and Sons,MS,Management,76,3.8
E0859,S0620,Jones Ltd,MBA,Management,83,3.18
E0860,S0015,Boyle-Clay,BS,IT,97,2.99
E0861,S0331,Davis and Sons,MBA,Management,70,3.66
E0862,S0769,"Williams, Perez and Johnson",MS,Business,41,3.17
E0863,S0218,Best-Gomez,BS,Management,57,3.97
E0864,S0366,Sanders-Mccann,MBA,Management,42,2.94
E0865,S0437,Calderon-Klein,MS,Management,64,3.28
E0866,S0054,Valencia-Morgan,MS,Management,118,3.91
E0867,S0504,"Graham, Gibbs and Hanson",PhD,Management,45,3.93
E0868,S0833,"Bray, Alvarado and Adams",MS,Business,30,2.99
E0869,S0364,"Taylor, Gonzales and Stevenson",MS,IT,73,3.8
E0870,S0541,Bell-Zuniga,MBA,Business,119,3.69
E0871,S0382,Martinez Ltd,BS,Business,63,2.68
E0872,S0441,"Bowman, Joseph and Hernandez",PhD,Computer Science,102,3.58
E0873,S0951,Daugherty-Vincent,MS,Business,43,3.19
E0874,S0662,Pierce Inc,MBA,Computer Science,113,2.93
E0875,S0021,Hardy-Smith,BS,Management,48,2.89
E0876,S0194,Rivera-Allen,MBA,Business,72,2.57
E0877,S0681,Allen Ltd,PhD,IT,65,2.82
E0878,S0369,Hayes-Perez,PhD,Business,70,3.72
E0879,S0440,Carrillo-Sawyer,BS,IT,34,3.33
E0880,S0437,Obrien-Ellis,MS,Computer Science,77,3.37
E0881,S0765,Shah-Martin,MS,IT,67,3.48
E0882,S0616,Baker-Hunt,MBA,IT,57,3.93
E0883,S0711,Nichols-Li,PhD,Management,50,2.81
E0884,S0659,Contreras-Pitts,BS,Business,59,3.51
E0885,S0169,Stewart LLC,BS,IT,56,3.21
E0886,S0416,"Friedman, Fernandez and Lucero",MBA,IT,71,3.14
E0887,S0828,Vargas-Long,BS,Business,117,3.37
E0888,S0575,Potter LLC,PhD,Management,56,2.55
E0889,S0431,"Kane, Gordon and Arnold",BS,Management,55,2.57
E0890,S0414,"Miller, Bean and Beck",BS,Computer Science,118,3.35
E0891,S0958,Higgins-Carter,PhD,Management,114,2.91
E0892,S0796,Nichols-Simmons,MS,Management,87,3.9
E0893,S0061,Johnson-Garcia,MBA,Business,61,2.98
E0894,S0212,Haas-Evans,BS,Business,82,3.28
E0895,S0995,"Watkins, Reyes and Reed",MS,IT,59,2.76
E0896,S0264,Richards-Wilson,PhD,Business,65,2.93
E0897,S0781,"Pearson, Williams and Ruiz",PhD,IT,56,3.39
E0898,S0307,"Wilson, Jackson and Jackson",PhD,Management,61,2.53
E0899,S0046,Davis-Davenport,BS,Business,33,3.52
E0900,S0737,Alexander PLC,PhD,IT,115,3.04
E0901,S0560,Stuart-Frey,MS,Computer Science,49,3.99
E0902,S0947,Cowan-Bond,PhD,Business,107,3.78
E0903,S0327,Walsh-Roth,MS,IT,104,3.53
E0904,S0462,Morse Inc,MBA,Management,41,3.54
E0905,S0743,Garcia-Mccall,BS,Management,82,3.77
E0906,S0883,"Figueroa, Parrish and Martin",MBA,Business,40,3.75
E0907,S0540,Hammond PLC,BS,Management,112,3.47
E0908,S0406,"Ross, Dawson and Newman",BS,Management,40,2.91
E0909,S0378,"Flynn, Cooke and Chandler",BS,Management,33,3.24
E0910,S0565,"Stewart, Conner and George",MS,Business,65,3.99
E0911,S0340,Houston-Moody,MS,Business,44,2.71
E0912,S0136,Anderson Group,MBA,Computer Science,79,3.58
E0913,S0188,Cuevas PLC,MBA,Business,54,3.1
E0914,S0694,Flynn PLC,MS,Computer Science,102,2.52
E0915,S0955,Duffy-Huang,MS,IT,115,3.21
E0916,S0349,"Boyd, Lowe and Richards",BS,IT,80,2.9
E0917,S0245,Hudson-Thornton,PhD,Management,111,3.66
E0918,S0022,Thompson-Cox,MS,Management,89,2.81
E0919,S0472,Bird Ltd,PhD,Computer Science,103,2.63
E0920,S0419,"Moore, Cain and Long",BS,Business,31,3.77
E0921,S0260,Taylor-Moss,MBA,Computer Science,47,3.31
E0922,S0076,"Wheeler, Henry and Morales",MS,Business,94,3.4
E0923,S0386,Fischer-Stewart,BS,Business,108,3.34
E0924,S0932,Mueller LLC,PhD,Computer Science,44,2.82
E0925,S0356,Murphy-Elliott,BS,Management,68,3.35
E0926,S0842,Phillips Inc,MBA,IT,97,2.61
E0927,S0045,Cordova LLC,BS,Business,50,3.31
E0928,S0263,Flores-Mitchell,BS,Management,57,3.46
E0929,S0574,Fry-Williamson,MS,Computer Science,86,3.84
E0930,S0153,Miller-Jackson,PhD,Computer Science,90,3.59
E0931,S0909,"Holt, Murphy and Orozco",PhD,Management,81,2.52
E0932,S0846,Reynolds-Maxwell,MBA,IT,104,3.66
E0933,S0522,"Edwards, Weaver and Soto",MBA,IT,34,3.25
E0934,S0160,Turner PLC,PhD,Management,56,3.87
E0935,S0376,Butler and Sons,BS,IT,70,2.67
E0936,S0967,Casey LLC,BS,Business,54,3.51
E0937,S0049,Murphy Group,PhD,Management,113,2.73
E0938,S0331,"Murphy, Wilson and Grimes",MBA,IT,33,3.44
E0939,S0111,Cook-Munoz,BS,Computer Science,115,3.34
E0940,S0854,"Roberts, Gonzalez and Carr",PhD,Computer Science,33,3.39
E0941,S0581,Reid Inc,MS,Business,100,3.32
E0942,S0806,Miller-Sanders,BS,IT,72,3.8
E0943,S0448,Wilson Ltd,BS,Business,53,3.65
E0944,S0556,Graves LLC,MS,Business,50,3.55
E0945,S0054,Flores-Carter,MBA,Business,51,3.41
E0946,S0517,"Mullins, Taylor and Rivera",MBA,IT,87,3.63
E0947,S0922,Weaver-Rush,BS,Management,111,3.5
E0948,S0136,"Carroll, Frank and Vazquez",BS,IT,75,3.21
E0949,S0520,Harvey-Garcia,PhD,Business,47,2.91
E0950,S0494,Jones-Johnson,PhD,IT,115,3.83
E0951,S0410,Skinner-Bush,PhD,Business,77,3.34
E0952,S0366,Lopez Inc,MBA,Computer Science,65,3.57
E0953,S0800,"Graham, Brown and Warren",MS,Computer Science,67,3.2
E0954,S0095,Kim Ltd,BS,Management,47,3.12
E0955,S0158,Lang Ltd,PhD,IT,48,2.87
E0956,S0816,Hoffman-Reyes,BS,IT,41,2.67
E0957,S0769,"Fisher, Schwartz and Douglas",MS,Business,78,2.66
E0958,S0024,Lopez Inc,PhD,Management,60,3.43
E0959,S0228,Sanchez LLC,PhD,IT,112,3.13
E0960,S0294,Hays-Holland,PhD,IT,106,2.95
E0961,S0561,"Rogers, Brown and Graves",PhD,IT,116,3.2
E0962,S0026,Davis Inc,BS,Business,36,3.89
E0963,S0842,Montgomery-Atkinson,PhD,Management,92,3.22
E0964,S0352,"Ward, Thompson and Savage",BS,IT,67,2.89
E0965,S0570,"Morgan, Montgomery and Moore",PhD,Business,48,3.65
E0966,S0577,"Smith, Fernandez and Carpenter",BS,Management,86,3.14
E0967,S0503,Mueller-Bowman,MBA,IT,32,2.52
E0968,S0595,"Alvarez, Flowers and Lawrence",PhD,Management,77,3.41
E0969,S0069,Jones-Evans,MS,Business,99,2.95
E0970,S0707,Adkins-Mcbride,BS,Business,43,3.65
E0971,S0640,Lester Inc,BS,Business,79,2.6
E0972,S0546,Berg-Walker,PhD,Management,63,3.84
E0973,S0409,Singleton Inc,BS,IT,82,2.79
E0974,S0665,Camacho and Sons,MS,IT,111,2.76
E0975,S0091,"Schneider, Patel and Cortez",MS,IT,60,3.62
E0976,S0642,Parker and Sons,MBA,Computer Science,119,3.3
E0977,S0432,"Harvey, Hill and Smith",BS,Computer Science,76,2.69
E0978,S0191,"Gibson, Myers and Mendoza",MBA,Management,102,2.8
E0979,S0032,"Colon, Ruiz and Flores",MBA,Business,59,3.41
E0980,S0257,Newman-Gray,BS,Business,59,3.39
E0981,S0101,Berry-Williams,BS,Business,74,2.96
E0982,S0320,Howard PLC,BS,IT,62,2.66
E0983,S0035,Petersen and Sons,MBA,Computer Science,57,3.65
E0984,S0253,"James, Rodgers and Jackson",MBA,Management,43,3.04
E0985,S0230,Lloyd-Allen,MS,Business,35,3.72
E0986,S0544,"Flores, Cohen and Williams",MBA,Management,106,3.74
E0987,S0515,"Stevens, Escobar and Mcdaniel",PhD,IT,41,3.84
E0988,S0475,Scott LLC,PhD,IT,48,3.18
E0989,S0846,Black-Bray,MBA,Computer Science,87,2.68
E0990,S0835,Kelly PLC,MS,Business,76,3.07
E0991,S0965,Rogers-Chavez,BS,Business,55,3.84
E0992,S0312,"Chase, Thompson and Pierce",PhD,Computer Science,61,3.74
E0993,S0173,Johnson PLC,PhD,Computer Science,109,3.07
E0994,S0392,"Garcia, Smith and Rios",MS,Management,34,3.57
E0995,S0376,Joyce Ltd,MBA,IT,65,3.61
E0996,S0803,West-Willis,MS,Management,39,3.87
E0997,S0449,Olson-Miller,PhD,Business,41,3.51
E0998,S0459,Bailey Inc,MBA,Business,46,3.76
E0999,S0243,Ortiz Group,BS,Management,97,2.56
E1000,S0555,Cruz PLC,MBA,Business,90,3.82
E1001,S0868,Aguilar PLC,BS,Business,46,2.97
E1002,S0609,"Glover, Edwards and Castro",MS,IT,69,3.43
E1003,S0655,"Warner, Graham and Mcclain",MS,IT,92,3.4
E1004,S0573,"King, Fowler and Benson",PhD,Business,54,2.71
E1005,S0245,"Chambers, Rogers and Huynh",BS,IT,43,2.54
E1006,S0677,"Patel, Ward and Davis",PhD,Business,93,2.73
E1007,S0558,Glass-Luna,BS,Management,52,2.6
E1008,S0647,Medina and Sons,BS,Computer Science,40,3.47
E1009,S0292,Hogan-Moreno,BS,Computer Science,83,3.45
E1010,S0705,"Merritt, Fletcher and Villa",MBA,Management,96,2.97
E1011,S0235,"Forbes, Thompson and Rodriguez",BS,Computer Science,48,3.02
E1012,S0208,Sutton PLC,MS,Business,61,2.98
E1013,S0979,"Grant, Patterson and Hinton",MS,IT,45,3.01
E1014,S0943,Lee-Flores,BS,Business,52,2.82
E1015,S0231,King Group,MS,Computer Science,55,3.5
E1016,S0894,Riddle Group,MS,Computer Science,90,3.27
E1017,S0095,"Reynolds, Brown and Snyder",BS,IT,72,3.82
E1018,S0228,Wilson LLC,MBA,IT,85,3.05
E1019,S0990,"Lee, Ritter and Roberts",BS,Management,119,3.24
E1020,S0742,"Jennings, Garcia and Petty",PhD,Computer Science,96,3.26
E1021,S0790,Chen-Wade,MS,IT,71,3.61
E1022,S0292,Caldwell-Eaton,MS,IT,63,2.63
E1023,S0853,Medina-Walker,MS,IT,79,3.69
E1024,S0644,Sanchez-Ramos,MS,Computer Science,41,3.07
E1025,S0051,"Smith, Holder and Thompson",MS,Computer Science,109,3.51
E1026,S0400,Beard-Boyd,BS,IT,34,3.06
E1027,S0267,"Banks, Cummings and Ellison",PhD,Computer Science,65,3.88
E1028,S0035,"Hughes, Blanchard and Hartman",MBA,Management,94,3.4
E1029,S0512,"Reed, Flores and Black",BS,Business,107,3.13
E1030,S0830,Knapp PLC,BS,Business,103,2.61
E1031,S0928,Reynolds-Smith,MBA,Business,74,2.97
E1032,S0969,Lee-Kelley,BS,Computer Science,100,3.1
E1033,S0922,"Martinez, Cummings and Allen",PhD,IT,57,3.84
E1034,S0522,"Simmons, Johnson and Austin",MS,Computer Science,76,3.53
E1035,S0383,Nelson PLC,MS,Management,103,3.43
E1036,S0837,Parsons LLC,MBA,Computer Science,41,3.01
E1037,S0108,Ramirez Inc,BS,Computer Science,118,3.89
E1038,S0536,Crawford LLC,MS,IT,80,3.46
E1039,S0904,"Anderson, Andrade and Fleming",PhD,Management,71,2.71
E1040,S0397,"Huerta, Harris and Cooper",MS,Management,43,3.72
E1041,S0993,Brown and Sons,PhD,Management,69,2.88
E1042,S0884,Jackson-Hart,BS,IT,92,2.9
E1043,S0307,Young LLC,PhD,Management,81,3.02
E1044,S0294,"Gordon, Barry and Garcia",BS,Computer Science,58,3.14
E1045,S0713,Leonard LLC,MS,IT,63,2.98
E1046,S0739,Smith LLC,PhD,Business,42,2.9
E1047,S0292,"Bush, Doyle and Robbins",BS,Business,93,2.87
E1048,S0453,Stein-Williams,MS,Business,53,3.46
E1049,S0962,"Acevedo, Braun and Jackson",MS,Business,103,3.26
E1050,S0399,Williams and Sons,MS,Business,101,3.9
E1051,S0757,Sherman-Barrett,PhD,Management,70,3.17
E1052,S0748,Ford-Martinez,BS,Business,32,3.06
E1053,S0862,Morris and Sons,MBA,Computer Science,62,3.94
E1054,S0209,Mcfarland PLC,MBA,Computer Science,77,2.64
E1055,S0471,"Keller, Sanders and Johnson",BS,Management,63,2.7
E1056,S0501,Steele-Decker,BS,Business,75,2.82
E1057,S0092,Weaver-Hall,BS,Computer Science,38,2.98
E1058,S0704,"Henderson, Shea and Preston",MS,Business,86,3.75
E1059,S0603,"Warren, Booth and Burns",BS,IT,44,2.81
E1060,S0455,Mclaughlin and Sons,BS,Management,34,2.97
E1061,S0626,"Henderson, Meyers and Robertson",MBA,IT,119,3.52
E1062,S0196,Long and Sons,MBA,IT,105,3.24
E1063,S0005,Luna PLC,MS,IT,54,2.72
E1064,S0001,"Thomas, Nunez and Cohen",MBA,Management,107,3.47
E1065,S0852,"Davidson, Weber and Buckley",BS,IT,77,3.53
E1066,S0980,Grimes Ltd,MS,IT,107,3.09
E1067,S0534,Barton-Willis,BS,IT,46,3.46
E1068,S0226,"Andrade, Dalton and Yates",BS,Business,109,3.8
E1069,S0967,Lewis-Lamb,BS,Computer Science,31,2.67
E1070,S0987,Davis Ltd,PhD,Computer Science,89,2.74
E1071,S0099,"Cooley, Ramos and Wells",MS,Business,66,2.9
E1072,S0630,Shaw-Parks,BS,Business,111,2.63
E1073,S0115,Morgan-Wolfe,BS,IT,65,3.97
E1074,S0819,"Acosta, Carlson and Hampton",MBA,Management,110,3.23
E1075,S0005,Woods-Mcdonald,MBA,IT,64,3.12
E1076,S0970,Burns LLC,MBA,IT,35,3.49
E1077,S0592,Boyd and Sons,BS,Management,99,3.07
E1078,S0126,Gutierrez-Moore,MBA,Computer Science,85,2.92
E1079,S0141,Brown Inc,MS,Computer Science,30,2.69
E1080,S0277,Browning Group,BS,Business,119,3.2
E1081,S0743,"Jones, Clarke and Mann",MBA,Management,57,2.74
E1082,S0863,"Walker, Jacobs and Bell",MS,IT,71,3.24
E1083,S0560,Bryan-Hayes,PhD,Business,114,3.89
E1084,S0252,"Mejia, Baker and Cook",MS,Computer Science,37,2.75
E1085,S0058,Meyer-Smith,BS,Computer Science,36,3.71
E1086,S0028,Simmons-Jones,MS,Management,62,2.63
E1087,S0210,Watkins Inc,MS,IT,65,3.33
E1088,S0974,Anderson-Ellis,PhD,Management,83,3.72
E1089,S0537,"Craig, Hughes and Norman",PhD,Computer Science,60,2.87
E1090,S0463,"Holden, Ramirez and Martin",MBA,Computer Science,87,3.05
E1091,S0172,Franklin LLC,BS,IT,72,3.52
E1092,S0722,Cruz-Mendoza,BS,IT,65,3.05
E1093,S0111,Warner-Fox,PhD,Management,49,3.47
E1094,S0245,"Ali, Walls and Neal",BS,Computer Science,74,3.25
E1095,S0647,Ramirez PLC,MS,IT,81,3.83
E1096,S0672,Hudson-Hall,PhD,Management,107,3.78
E1097,S0204,Williams LLC,MS,Business,92,2.68
E1098,S0581,"Mcdonald, Bean and Wilkerson",MS,IT,30,3.9
E1099,S0751,Young-Rosario,PhD,Computer Science,115,2.96
E1100,S0139,Espinoza PLC,MS,IT,114,2.59
E1101,S0665,Lane-Wilson,BS,IT,106,3.84
E1102,S0666,"Harrison, Garcia and Ferguson",MBA,Business,67,3.63
E1103,S0572,Casey-Dixon,MS,Management,101,3.23
E1104,S0212,"Ball, Sellers and Rodriguez",MS,Computer Science,113,3.19
E1105,S0362,Haynes-Reyes,PhD,Computer Science,30,3.08
E1106,S0529,Shaffer Group,BS,Business,99,2.66
E1107,S0784,Brown Ltd,PhD,Business,44,2.97
E1108,S0455,Ritter-Johnson,MS,IT,119,3.27
E1109,S0344,Moore-Sherman,PhD,IT,80,2.52
E1110,S0338,"Mcdonald, Lopez and Smith",PhD,IT,92,3.37
E1111,S0614,Suarez LLC,BS,Management,64,2.87
E1112,S0628,"Munoz, Martin and Green",MBA,Computer Science,93,3.01
E1113,S0797,Richard-Carey,MBA,Business,112,3.05
E1114,S0947,"Holt, Thompson and Kirby",BS,Management,79,2.66
E1115,S0125,Willis Ltd,MBA,Computer Science,51,3.67
E1116,S0595,Kelly-Harrison,MS,Management,102,3.34
E1117,S0263,Garcia Inc,MS,Business,100,2.69
E1118,S0646,Garrett-Bryant,BS,IT,53,2.77
E1119,S0071,Campos and Sons,MS,Business,38,2.74
E1120,S0435,Dawson-Mejia,MBA,Computer Science,45,3.42
E1121,S0787,"Guzman, Carroll and Blevins",MBA,Business,108,3.35
E1122,S0179,"Johnson, Johnson and Hanna",MS,Business,40,3.6
E1123,S0236,Church-Watts,MBA,Business,74,3.93
E1124,S0925,Miller PLC,BS,Management,31,3.79
E1125,S0301,"Burns, Irwin and Grant",BS,Management,98,2.76
E1126,S0886,Williams LLC,BS,Business,55,3.95
E1127,S0208,Mccarthy-Santos,MS,Business,42,3.6
E1128,S0795,Williams-Griffith,MS,Business,45,3.26
E1129,S0848,"Gonzales, Johnson and Cordova",MS,Management,85,3.45
E1130,S0131,Smith and Sons,BS,Management,88,3.9
E1131,S0003,"Duran, Blake and Miller",BS,Management,67,3.57
E1132,S0200,Brown Ltd,MBA,Management,41,3.03
E1133,S0507,Vincent-Smith,MBA,Business,106,3.73
E1134,S0124,"Tucker, Adams and Mitchell",BS,Business,82,2.94
E1135,S0985,Hancock-Dunn,PhD,Management,63,3.43
E1136,S0234,Walters Ltd,MS,Business,70,3.79
E1137,S0607,Sandoval-Barnes,PhD,IT,114,2.88
E1138,S0227,Ayers-Robertson,BS,Management,116,3.71
E1139,S0616,"Whitney, Campbell and Diaz",PhD,IT,110,3.85
E1140,S0426,"Rush, Huff and Brewer",MBA,Computer Science,55,3.7
E1141,S0079,Wilson PLC,MS,IT,100,2.77
E1142,S0037,Arias-Jones,PhD,Business,83,2.94
E1143,S0667,"Juarez, Gordon and Johnson",MS,Computer Science,115,3.42
E1144,S0186,"Ward, Chavez and Woods",MBA,Management,62,3.33
E1145,S0141,Larson and Sons,MBA,Business,50,3.84
E1146,S0035,"Black, Nunez and Warren",MS,Management,114,3.82
E1147,S0163,Rodriguez Inc,MBA,Business,46,3.88
E1148,S0196,"Goodwin, Allen and Wallace",PhD,IT,41,3.29
E1149,S0895,Greer-Perry,MBA,Computer Science,36,3.36
E1150,S0042,"Edwards, Robinson and Cunningham",BS,Management,97,2.89
E1151,S0673,"Price, Benjamin and Jones",BS,Computer Science,107,3.01
E1152,S0875,Kim-Dunn,MS,Management,94,2.79
E1153,S0241,Mcpherson-Kent,PhD,IT,74,2.78
E1154,S0136,Bridges-Chandler,MBA,Business,114,3.93
E1155,S0905,Kim Group,MBA,Computer Science,35,3.03
E1156,S0667,"Smith, Harper and Jones",MS,IT,93,3.62
E1157,S0020,Walker-Dennis,MBA,Business,88,3.14
E1158,S0885,Turner-Cruz,MBA,IT,105,3.3
E1159,S0888,Bennett-Ross,MBA,Management,115,3.9
E1160,S0394,Kim Group,BS,Computer Science,50,2.77
E1161,S0225,"May, Smith and Payne",MBA,IT,95,2.6
E1162,S0605,"Wells, Robinson and Anderson",MBA,IT,115,2.66
E1163,S0073,Perez-Morrow,BS,Management,105,3.74
E1164,S0546,Davis LLC,MBA,IT,43,2.66
E1165,S0020,"Johnson, Mullen and Weeks",PhD,Business,69,2.54
E1166,S0152,Freeman-Villarreal,MBA,IT,41,3.59
E1167,S0713,Ward-Gray,BS,Computer Science,95,3.44
E1168,S0127,"Wolfe, Norman and Bryant",PhD,Computer Science,59,3.53
E1169,S0413,"Hunter, Newton and Hurst",PhD,Management,47,3.49
E1170,S0519,Dalton Ltd,MS,IT,58,3.57
E1171,S0055,Kim LLC,MBA,IT,118,3.8
E1172,S0574,Hogan-Huerta,PhD,Business,48,3.65
E1173,S0275,Cooper-Turner,BS,Computer Science,89,3.47
E1174,S0414,"Vasquez, Perry and Foster",PhD,Management,44,3.62
E1175,S0833,"Bentley, Smith and Cooper",MBA,Business,98,3.5
E1176,S0832,Walker and Sons,PhD,IT,104,2.87
E1177,S0226,"Ward, Hall and Davila",PhD,IT,59,3.53
E1178,S0071,Taylor-Anderson,MS,Computer Science,109,2.88
E1179,S0910,Stewart-Jones,MS,Management,116,3.81
E1180,S0295,Johnson Inc,PhD,Management,90,3.86
E1181,S0489,"Ross, Palmer and Mcdaniel",PhD,IT,58,3.87
E1182,S0864,Howard-Houston,PhD,Business,79,2.66
E1183,S0016,"Combs, Duffy and Roberts",MBA,IT,36,2.64
E1184,S0004,"Fisher, Hodge and Wood",PhD,Computer Science,51,3.52
E1185,S0599,"Hunt, Sellers and Mcdonald",BS,Management,70,2.67
E1186,S0788,Walker-Bernard,MS,Business,75,2.63
E1187,S0103,Wright-Simon,MS,IT,57,3.07
E1188,S0426,Solis-Kane,PhD,Management,96,3.34
E1189,S0875,White Inc,MS,Management,49,2.81
E1190,S0986,Allen and Sons,BS,Computer Science,105,2.56
E1191,S0238,Lee-Cobb,MS,Computer Science,86,3.27
E1192,S0495,"Andrews, Jones and Calhoun",MS,IT,111,2.59
E1193,S0995,Delgado LLC,BS,IT,88,3.73
E1194,S0422,"Price, Wallace and Garrett",MBA,Management,113,3.04
E1195,S0269,"Sanchez, Avila and Ramirez",PhD,Management,72,3.27
E1196,S0878,"Adams, Green and Matthews",BS,Computer Science,30,3.45
E1197,S0854,Tapia LLC,PhD,Business,68,3.19
E1198,S0559,"Donovan, Jones and Thornton",MBA,IT,71,2.99
E1199,S0096,"Davis, Wagner and Paul",PhD,Management,63,2.99
