employee_id,zipcode,company_name,recruiting_manager,recruitment_text,industry,date_posted
EMP000,44417,"Andrews, Anderson and Romero",John Barber,Smile take then someone set away happen before.,IT,2024-07-19
EMP001,79211,"Ward, Hodge and Hall",Carol Oliver,Investment stage draw hot dream.,Management,2023-07-14
EMP002,31060,Long-Garcia,April Cole,Machine easy quickly situation keep fly behind.,IT,2024-06-21
EMP003,61269,Hicks PLC,Kimberly Moore,Glass paper under could easy others per.,Management,2023-11-05
EMP004,20246,Bailey-Chase,Laura Jackson,Environmental animal wish.,IT,2023-06-30
EMP005,35439,Tucker-Grant,Justin Lowery,Strong only five central strong.,Management,2024-07-20
EMP006,97037,Lopez-Dunn,Rachel Webb,Generation write budget action forget speech return.,IT,2023-08-28
EMP007,98083,"Spencer, Ward and Smith",Jessica Silva,International check toward third to different they.,Management,2024-06-02
EMP008,43343,Fitzgerald LLC,Neil Buckley II,Impact he act describe hold light view.,IT,2023-05-07
EMP009,41093,"Hurst, Stewart and Johnson",Daniel Simpson,Toward card person nice must exist.,IT,2024-11-26
EMP010,41504,Reeves-Mcknight,Shari Case,History chance task pattern admit middle.,IT,2024-04-25
EMP011,53200,"Reyes, Green and Floyd",Richard Gallegos,Image opportunity history.,Management,2024-08-07
EMP012,35879,Gilbert PLC,Holly Erickson,Bill red hand officer.,Management,2024-08-02
EMP013,43372,Cummings Inc,Victoria Contreras,Learn decide third age set.,IT,2023-02-20
EMP014,82138,Wise PLC,Lori Manning,List bit wind ground director.,IT,2023-09-08
EMP015,62877,Weber-Smith,Isaac Stevens,Employee American decide wait able month end.,IT,2024-08-18
EMP016,73238,Williams-Perez,Jose Carter,Yeah power add somebody remain.,Management,2023-01-27
EMP017,18693,Vargas Inc,Marvin Moses,Building so upon model address whole behavior.,IT,2024-02-01
EMP018,59843,Brown-Scott,Anthony Salazar,Treatment stuff to else stuff real director.,IT,2024-07-02
EMP019,65407,"Hayes, Morris and Mitchell",Tonya York,Of power attack wife.,Management,2024-11-05
EMP020,07144,Johnson Ltd,Kelli Manning,Major fly eight forward degree.,IT,2023-06-19
EMP021,94722,Nguyen-Williams,Robin Collins,Decade high this reach visit own behind less.,IT,2022-12-28
EMP022,48834,White-Ferguson,Natasha Ingram,Since soldier indicate picture job could.,IT,2024-04-06
EMP023,24599,Sherman-Simmons,Zachary Brooks,Rock entire weight.,IT,2024-04-13
EMP024,64062,"Martin, Mcmahon and Edwards",Grant Jackson,Gas become indeed throw.,IT,2023-01-20
EMP025,50600,Schwartz PLC,Chase Jackson,Hold child church marriage benefit Democrat sometimes.,Management,2023-12-25
EMP026,19737,Cohen-Baker,Ryan Cowan,Security start Mrs court.,IT,2024-11-02
EMP027,01810,Anderson PLC,Mark Anderson,Property by address Republican kind.,IT,2024-05-15
EMP028,06270,"Nicholson, King and Todd",Katie Mayo,Certain not reason myself cultural.,Management,2024-07-11
EMP029,70592,Jones Inc,Adam White,Customer manager room base.,IT,2024-11-30
EMP030,05124,Warner LLC,Thomas Roth,Seat heart ball indeed something.,Management,2023-04-26
EMP031,04971,Cruz-Arnold,Joanna Poole DVM,Individual describe end war we.,Management,2024-09-24
EMP032,53809,Ramsey LLC,Mrs. Jennifer Callahan,Someone base just may compare issue.,Management,2024-09-08
EMP033,46696,"Robinson, Wilcox and Peterson",Michelle Houston,Professional head try professional all trip.,IT,2023-01-25
EMP034,31248,"Miranda, Nicholson and Smith",Laurie Collins,Instead enter plan thought system near environmental.,IT,2023-11-10
EMP035,35598,Lopez Inc,Dana Medina,Probably break security office available suggest former data.,Management,2023-05-01
EMP036,04897,"Campbell, Reid and Holt",Frederick Harper,Into building never fight alone watch production.,IT,2024-05-17
EMP037,44784,Miller LLC,Elizabeth Richardson,Building common would outside age structure month.,Management,2024-01-11
EMP038,67889,"Anthony, Yang and Butler",Erin Holland,Within their environmental why quality challenge individual.,IT,2023-02-20
EMP039,49166,Spencer-Carter,Thomas Jones,Agree rich team like which possible.,Management,2024-08-09
EMP040,72165,Ross PLC,Charles Fischer,Firm them reflect foreign.,IT,2022-12-16
EMP041,65341,Huynh Inc,Christopher Johnson,Your often control indeed step.,IT,2022-12-10
EMP042,43377,"Graham, Aguirre and Walter",Paula Williams,Direction agency improve beyond see six concern.,IT,2023-03-18
EMP043,70195,Potter-Morrison,Larry Obrien,Pretty way by natural a lead conference.,Management,2024-11-10
EMP044,80708,Ramirez-Peterson,Richard Carson,Especially several lay community own.,Management,2023-08-12
EMP045,65281,Gomez-Rivas,Jessica Ortiz,Challenge all whole firm.,Management,2023-02-10
EMP046,17116,"Davis, Cook and Morris",Justin Parker,East herself people thousand sound.,Management,2024-02-27
EMP047,18302,Smith Inc,Tara Schneider,Describe mind quickly capital baby.,Management,2024-06-27
EMP048,34171,"Neal, Walker and Lowery",Jason Fuller,Moment least system leave ten act analysis hundred.,Management,2023-12-20
EMP049,25994,"Thomas, Hunter and Clark",Whitney Reed,Tough your memory hotel.,IT,2024-05-31
EMP050,52962,"Gilbert, Bolton and Fleming",Megan Hudson,Garden expert west cause.,Management,2024-11-25
EMP051,38507,Gonzalez Ltd,Brandy Rojas,Buy task political look parent something.,Management,2023-10-21
EMP052,01150,"Oconnell, Baker and Smith",Thomas Powell,Energy image hair.,Management,2023-06-02
EMP053,48776,Kelly Ltd,Troy Jordan,Off low stay check mind.,IT,2024-03-18
EMP054,08201,Thompson Inc,Patrick Patel,If teacher story fill.,Management,2024-09-17
EMP055,08243,"Flores, Drake and Jones",Patrick Thompson,Hot five now check.,Management,2024-12-01
EMP056,69524,Cochran LLC,Amy Green,While really she lot special.,Management,2024-03-31
EMP057,67944,Palmer-Sutton,Andrea Lowe,Player performance want.,IT,2023-07-11
EMP058,52648,"Nelson, Anderson and Terry",David Carpenter,American throw throughout deep owner sometimes trip.,Management,2024-04-01
EMP059,90817,"Fernandez, Schroeder and Parsons",Dwayne Brown,Allow yard effect detail.,IT,2023-05-23
EMP060,88631,Robinson Ltd,Anthony Day,Away include attorney mind guy billion finally low.,IT,2023-06-04
EMP061,80097,King-Mendoza,Jennifer Campbell,Worry structure none cost I method.,Management,2023-06-09
EMP062,54296,"Fernandez, Jones and Carlson",Andrew Clarke,How let challenge writer occur tax leader.,IT,2022-12-27
EMP063,85673,Roberts-Kelly,Jeffrey Wheeler,Population rise appear president be cultural determine.,Management,2024-11-12
EMP064,14006,Jordan LLC,Jennifer Griffin,Near may exist it response.,IT,2024-11-20
EMP065,82048,Shea Ltd,George Armstrong,Glass main case prepare young billion language.,IT,2024-08-26
EMP066,64383,Perry-Wilkins,Yvonne Kennedy,Occur majority another strategy cold.,Management,2023-09-21
EMP067,25716,Garcia-Monroe,Michael Wood,Under international do six international student assume.,IT,2023-11-18
EMP068,60182,Rodriguez-Jennings,Jeremy Young,Strong money war ready true.,IT,2023-03-24
EMP069,17352,Andrews-Wilson,Jeffrey Parker,Despite financial successful.,IT,2022-12-12
EMP070,04519,Adams-Douglas,John Kelley,Weight vote scientist true traditional.,Management,2023-10-12
EMP071,86020,Hamilton and Sons,John Keller,Why former reveal executive media enter blue PM.,Management,2024-04-10
EMP072,88450,Melendez-Davila,Stacey Parker,Hot since seek understand late quality.,Management,2023-11-26
EMP073,01979,Murphy-Parker,Keith Francis,Idea stage opportunity indicate.,Management,2024-02-02
EMP074,31989,Ramirez-Willis,Anthony Ortega,Hit on generation.,IT,2024-07-30
EMP075,31504,"Walker, Allen and Ross",Jesus Mosley,Most hand radio writer father risk.,Management,2024-08-21
EMP076,32487,Norton Group,Jeffrey Floyd,As what article suffer left official.,Management,2023-04-06
EMP077,36668,"Hall, Stephens and Clark",George Sheppard,During movie eye she politics improve drive.,IT,2023-08-10
EMP078,37953,"Wells, West and Fernandez",Jeffrey Bailey,Improve law wall manager bill represent statement movement.,IT,2023-04-26
EMP079,43755,Kemp and Sons,Thomas Silva,Yes wife whether win business outside include his.,Management,2024-01-24
EMP080,56229,Long-Jones,Karen Smith,Role challenge interesting purpose choice per.,IT,2023-05-10
EMP081,73072,Little-Molina,Timothy Simmons,Must suddenly official eat.,IT,2024-07-07
EMP082,08476,"Goodman, Allen and Lawson",Nicholas Hebert,Entire view skin many maintain return.,IT,2024-10-27
EMP083,61843,Taylor-Bryant,Willie Stone,Tough condition course source ever four measure.,Management,2024-04-02
EMP084,53793,Anderson-Williams,Connie Morales,Million hit prepare worker a.,Management,2023-12-28
EMP085,93336,Levy-Clark,Timothy Watson,Father grow while collection other.,IT,2024-03-06
EMP086,98121,"Watts, Smith and Miller",Nicholas Petty,Project bag century modern.,IT,2023-12-05
EMP087,81590,"Stevens, Smith and Rojas",Jasmine Rodriguez,According admit building financial wonder beat.,IT,2023-02-12
EMP088,86257,Wilson PLC,Donald Arnold,Face single process especially traditional.,Management,2023-10-23
EMP089,31135,Haynes-Duncan,William Mills,Best officer member charge.,Management,2022-12-04
EMP090,98869,Cole Group,Ralph Barnes,Nature matter stuff consumer require plant establish answer.,IT,2024-05-19
EMP091,07246,"Ramirez, Beck and Jackson",Kevin Reyes,Writer character resource paper.,Management,2023-05-24
EMP092,10012,Fernandez Inc,Dr. Sarah Stanley,Son worry reveal seem car measure onto.,IT,2023-11-09
EMP093,16909,Lewis and Sons,Kyle Conley,Not stock people kitchen throughout structure cup act.,Management,2024-08-29
EMP094,33109,Alexander Group,Michael Wheeler,Building hard only show occur.,IT,2023-08-21
EMP095,38786,Murillo and Sons,Paul Chapman,Simply theory memory rich heart eat image.,Management,2024-02-02
EMP096,47194,"Beltran, Delgado and Lewis",Jeffrey Stone,Shoulder set fall year hour special.,IT,2023-04-03
EMP097,48915,Parks-Long,James Gonzales,To word accept rather consider upon company.,IT,2024-05-21
EMP098,13637,"Watts, Becker and Benson",Morgan Hill,House what forward nature thus modern.,IT,2024-10-06
EMP099,67088,Jones-Adams,Derrick Bailey,Citizen hope girl support standard space direction.,Management,2023-04-11
