zipcode,city,state,country
68621,Christinemouth,Alabama,USA
21866,Jasmineshire,Ohio,USA
96641,Richardberg,Oregon,USA
52717,South Joshua,Ohio,USA
48140,Brownland,Iowa,USA
07239,East Mary,Maine,USA
91890,New Andrewberg,Mississippi,USA
54180,Watkinsbury,North Carolina,USA
60946,South Frankbury,North Dakota,USA
37663,Diazshire,South Carolina,USA
07903,New Erin,Delaware,USA
76710,Port Luke,South Dakota,USA
27993,North Robin,Minnesota,USA
85027,North Erikabury,Georgia,USA
23519,Gilbertmouth,South Carolina,USA
83120,West Lori,Nebraska,USA
75671,Marthashire,Nevada,USA
14308,Port Christopher,Illinois,USA
69307,Cooperstad,Missouri,USA
08643,North Larry,Iowa,USA
75341,Rhodesville,Texas,USA
71677,North Cassandra,New Jersey,USA
06867,West Tracyfort,Arkansas,USA
67030,Jonathanton,Hawaii,USA
32008,Amberview,Mississippi,USA
16736,South Matthewside,Georgia,USA
73659,Cainhaven,Texas,USA
82020,Gomezstad,Colorado,USA
57112,East Angelborough,New Hampshire,USA
30743,Fullerside,Connecticut,USA
69919,Lake Jeremy,Massachusetts,USA
89377,Matthewfurt,Alaska,USA
85595,Ryanbury,Kansas,USA
62880,Maryview,South Dakota,USA
48483,Ericburgh,Hawaii,USA
88794,New Kaitlynburgh,Texas,USA
69120,Stephenside,Oklahoma,USA
48225,Michaeltown,Nebraska,USA
92438,Roseton,Utah,USA
43208,Grimesside,Rhode Island,USA
11955,South Todd,Colorado,USA
91977,Paulaberg,Alabama,USA
82992,Lake Markhaven,Louisiana,USA
83931,Caseytown,Rhode Island,USA
89268,North Victor,Oregon,USA
74293,Michaelport,Montana,USA
11903,Lake Shane,New Jersey,USA
80947,East Elizabeth,Indiana,USA
36774,South Aaron,Indiana,USA
70559,Port Travis,Oregon,USA
27828,Ruthview,Oklahoma,USA
42681,East Randyfort,New Jersey,USA
70625,Barkerberg,California,USA
98306,West Michaelmouth,Oklahoma,USA
80391,Port Melissa,Montana,USA
81320,Owenmouth,Arkansas,USA
26643,Port Sandramouth,Hawaii,USA
61399,North Alexis,Hawaii,USA
13920,Port Lisachester,Missouri,USA
02872,South Jennifer,Massachusetts,USA
77593,Collinsfurt,Missouri,USA
09631,West Nicholasburgh,Idaho,USA
85111,Spencerhaven,Texas,USA
12807,West Sherry,North Carolina,USA
50826,Port Samanthabury,Nebraska,USA
24645,New Paul,Oklahoma,USA
32303,East Robertborough,Connecticut,USA
56161,Donnahaven,Montana,USA
37967,Manuelhaven,Florida,USA
46640,Priceview,Mississippi,USA
82276,North Ashley,Arizona,USA
32906,Hoffmanhaven,Virginia,USA
57817,New Johnbury,Oregon,USA
68999,Port Joanne,Pennsylvania,USA
79132,West Theresaborough,Kansas,USA
75866,Lake Scott,Oklahoma,USA
07081,Saraland,South Carolina,USA
56154,Chadburgh,Connecticut,USA
94041,South Michaelview,Indiana,USA
66982,Port Anthonyburgh,Maryland,USA
80855,East Stephanieville,Texas,USA
08872,East Cassidy,Virginia,USA
05863,Tonyborough,Delaware,USA
99026,Johnside,Arizona,USA
42433,Amandashire,Indiana,USA
03954,Howardton,Montana,USA
84266,Paulview,Oklahoma,USA
04310,West Timothyview,Montana,USA
16101,Lake Harryfort,Virginia,USA
21481,West Patrickview,Indiana,USA
05805,South Dennischester,Maryland,USA
58725,West Blake,North Dakota,USA
06570,Danielston,Louisiana,USA
14330,Lake Cody,Idaho,USA
83804,Teresachester,New York,USA
87723,Petersonmouth,Kentucky,USA
99824,Gomezborough,Oregon,USA
60333,East Jill,Maryland,USA
77543,New Jocelynshire,Colorado,USA
05964,Danielschester,New York,USA
35480,Lake David,Massachusetts,USA
89648,Kaitlynhaven,New Mexico,USA
98857,Port Chad,Texas,USA
15834,New Michaelside,California,USA
40455,Charleshaven,Mississippi,USA
84521,Perrystad,Tennessee,USA
06362,Martinezbury,Georgia,USA
09280,North Lindseyview,Massachusetts,USA
33164,Port Melissatown,West Virginia,USA
46943,Port Deborah,Wyoming,USA
15095,Tracyside,New Jersey,USA
09274,Conniebury,Arizona,USA
13185,Amyland,Ohio,USA
35083,Chavezview,Maine,USA
90915,Jasminview,South Dakota,USA
97887,Bowmanstad,Massachusetts,USA
93881,Davidville,Utah,USA
55641,West Ryanstad,Arizona,USA
36720,Joshuaberg,Louisiana,USA
63218,Matthewchester,North Dakota,USA
38599,New Spencerhaven,South Carolina,USA
21894,Christinemouth,New Jersey,USA
23409,North Christopher,Virginia,USA
33721,Michaeltown,Georgia,USA
89985,Adamberg,Florida,USA
46369,Markberg,Oregon,USA
75994,Elizabethstad,Texas,USA
39376,Fosterbury,Arizona,USA
78577,Johnnychester,Pennsylvania,USA
41494,Lake Michelle,Montana,USA
56561,Allisonton,New York,USA
97990,Smithfurt,Alaska,USA
69253,Port Ashleystad,Pennsylvania,USA
46855,Floydborough,Florida,USA
26814,Danielfort,Iowa,USA
98336,New Kathleenfort,Colorado,USA
47509,Smithtown,Ohio,USA
06505,Taraborough,Louisiana,USA
87054,Nashmouth,Tennessee,USA
82080,South Megan,Wyoming,USA
97462,Jamietown,Utah,USA
59623,South Katherine,Oklahoma,USA
00507,East Brian,Alaska,USA
33229,North Williammouth,Louisiana,USA
80343,Ellismouth,Virginia,USA
33424,Lake Ashleyside,Oklahoma,USA
42311,Harrisview,Indiana,USA
00575,Natashaton,Missouri,USA
21998,Proctorfurt,Virginia,USA
62894,East John,California,USA
37894,North Jason,New Mexico,USA
12316,New Stephenchester,South Dakota,USA
69852,Perezburgh,Washington,USA
66337,Gonzalezland,New Hampshire,USA
31814,West Robinfort,Virginia,USA
57579,Josephbury,Kentucky,USA
63911,Port Andreachester,Tennessee,USA
60275,Port Tammy,Ohio,USA
64442,East Albert,South Dakota,USA
14893,New Rachel,Indiana,USA
59833,Alberttown,Alaska,USA
26951,East Ashley,West Virginia,USA
27475,East Brandiland,Kentucky,USA
28210,New Patricia,Michigan,USA
46486,North Joyce,Idaho,USA
88711,Copelandfurt,Colorado,USA
18288,Lake Jeremyside,Florida,USA
56716,Paulahaven,Georgia,USA
90879,East Ricardoborough,Louisiana,USA
45506,New Joshuatown,Delaware,USA
51383,Melaniefurt,Wyoming,USA
59862,Matthewport,Hawaii,USA
49904,Michelleport,Arizona,USA
24380,South Lesliefort,Louisiana,USA
67080,Johnsonside,New Mexico,USA
28265,North Jeffreymouth,Ohio,USA
12029,Nicholsmouth,Wyoming,USA
34453,Dustinhaven,Oklahoma,USA
45543,Millerland,California,USA
76551,East Amy,North Carolina,USA
64240,New Kristinaview,South Dakota,USA
74880,Carlsonfort,Virginia,USA
02697,Edwardsshire,Alabama,USA
46152,Port Robertshire,Maine,USA
75108,Port Ericfurt,Maine,USA
18081,East Davidborough,Montana,USA
22684,Garciashire,Georgia,USA
61970,Whiteton,Idaho,USA
29509,Donaldton,Indiana,USA
33892,South Jessica,Illinois,USA
28136,South Anthony,Hawaii,USA
66066,West Teresa,Montana,USA
94823,Peterfurt,Maine,USA
08274,East Gary,Maine,USA
93096,Port Frank,Virginia,USA
64898,Robertostad,Pennsylvania,USA
58185,West Austin,New Jersey,USA
77794,West Juan,Vermont,USA
63304,West Michaelstad,South Dakota,USA
17473,Alanfort,Virginia,USA
77898,West Stephanieshire,Oregon,USA
64111,New Darlene,New Mexico,USA
56538,Jessicaburgh,Maryland,USA
69763,West Jennifertown,Illinois,USA
05503,Port Wesleyfurt,Michigan,USA
16158,Levinetown,Arkansas,USA
35684,South Nicoletown,Louisiana,USA
56183,Travismouth,Montana,USA
77820,New Nathanielfort,Tennessee,USA
49597,New Jessica,South Dakota,USA
39423,Smithfort,Idaho,USA
24970,Michaelville,Rhode Island,USA
61350,New Brian,Iowa,USA
94624,Nathanielhaven,Oklahoma,USA
51049,Port Shawn,New Jersey,USA
58459,Lake Peter,New York,USA
96382,New Danielville,Oregon,USA
03835,Lake Suzanneton,Wisconsin,USA
06762,Norrismouth,Nevada,USA
90807,East Suzanne,Michigan,USA
04957,Spencerburgh,New York,USA
22449,Hinesport,Maryland,USA
52466,West Angela,Iowa,USA
45355,Lake Sarahview,Michigan,USA
35675,Cooperville,Ohio,USA
37497,Nicholasview,West Virginia,USA
52492,New Jessica,Nevada,USA
15343,Leehaven,South Carolina,USA
86829,Brianhaven,Virginia,USA
92600,Lake Marystad,New York,USA
24100,East Mark,Ohio,USA
07562,Port Jessica,Ohio,USA
10640,Larrychester,Michigan,USA
75958,Lake Karen,Wisconsin,USA
89917,Jerryberg,Arkansas,USA
00937,Jamesland,Delaware,USA
87425,North Jennifer,Maine,USA
80858,Holmeston,Tennessee,USA
01928,East Katherineview,California,USA
16212,Ryantown,Illinois,USA
67552,West Veronicaburgh,New Mexico,USA
95037,Denisetown,Maine,USA
64239,Jonside,Kansas,USA
15686,Port Melissa,California,USA
14722,Timothyshire,New York,USA
65325,Suttonland,Virginia,USA
36487,Amandamouth,Washington,USA
84340,Sharonmouth,Kansas,USA
87588,Paultown,Virginia,USA
72704,Christophershire,Tennessee,USA
42944,Lake Anthony,New Jersey,USA
40789,Brianaburgh,Massachusetts,USA
68937,Port Gilbert,Kentucky,USA
61840,West Theresa,Texas,USA
11933,Morganview,Minnesota,USA
95943,West Vickieburgh,Idaho,USA
81507,South Jerry,Indiana,USA
94232,Angelaton,New Jersey,USA
13270,Jacksonmouth,Montana,USA
17067,Deborahstad,Texas,USA
63403,Carlaport,Alaska,USA
15823,Isaacmouth,New Mexico,USA
13034,Cynthiabury,Arizona,USA
85685,East Michellefurt,Louisiana,USA
99767,Barbaraburgh,Ohio,USA
31232,Mcculloughtown,Utah,USA
70727,North Amanda,Colorado,USA
94984,East Todd,Wisconsin,USA
19832,Brianfurt,North Dakota,USA
29948,Jameshaven,Connecticut,USA
56370,East Harry,Texas,USA
53015,Padillaview,South Carolina,USA
55577,South David,Kentucky,USA
48251,Williamhaven,North Carolina,USA
96671,South Casey,Connecticut,USA
08891,Carrollside,Iowa,USA
16112,Brewerchester,Montana,USA
34611,Frederickborough,New Jersey,USA
89133,Chadhaven,Virginia,USA
74808,Hannahmouth,Wisconsin,USA
56567,Ellisonstad,Minnesota,USA
27400,New James,South Carolina,USA
14560,Lake Katherinefort,Rhode Island,USA
93916,Port Jacob,Minnesota,USA
35807,Donaldmouth,Utah,USA
47130,West Zacharybury,Minnesota,USA
09619,Kimberlyton,Delaware,USA
89086,Port Kaitlyn,Tennessee,USA
49634,Raymondbury,California,USA
86729,Tracystad,Oklahoma,USA
26448,North Kelly,Utah,USA
24087,South Elizabethport,Oregon,USA
19162,South Christopher,Nebraska,USA
70785,Michaelmouth,Ohio,USA
47232,South James,California,USA
97664,New Erik,West Virginia,USA
74470,Port Devonborough,Louisiana,USA
36011,Campbellfort,Idaho,USA
68269,South Victor,Kentucky,USA
35657,Lake Larry,Minnesota,USA
70448,Port Kim,Georgia,USA
26506,Hectorburgh,California,USA
57700,Jordanburgh,Delaware,USA
08355,North Kyle,New Hampshire,USA
87164,Ricehaven,Tennessee,USA
04474,North Kristen,Oregon,USA
29163,Thompsonland,Indiana,USA
50747,Adamsside,Montana,USA
83020,Melodyhaven,Wisconsin,USA
40921,North Rodneytown,Oregon,USA
97753,Randolphburgh,Maine,USA
78871,North Morgan,Oklahoma,USA
76226,Lake Scott,Virginia,USA
05462,West Robertborough,North Dakota,USA
13186,Lake David,Montana,USA
86919,Emilyside,Rhode Island,USA
04080,Roseville,Tennessee,USA
91080,South Jessicahaven,Indiana,USA
13331,North Davidville,Iowa,USA
60585,Davidview,Oregon,USA
56749,Marcuschester,West Virginia,USA
25515,Nielsenton,Michigan,USA
12105,Devintown,Wyoming,USA
50682,Port Steven,California,USA
23914,Lake Lauren,New York,USA
08467,Suttonton,Virginia,USA
75773,Hernandezmouth,California,USA
24716,Port Rubenbury,Montana,USA
11836,Angelatown,Wyoming,USA
15906,Sanchezland,North Carolina,USA
57404,Port William,Texas,USA
64841,North Andrea,New York,USA
30140,Walshfort,Wisconsin,USA
69346,East Charles,Vermont,USA
22073,East Robert,Kentucky,USA
61063,South Briantown,Tennessee,USA
36495,West Heidi,Minnesota,USA
49335,Malonefurt,Virginia,USA
18184,Nicholasborough,Wisconsin,USA
47757,Philipmouth,Idaho,USA
33492,Martinborough,Maryland,USA
17145,Michaelmouth,Arizona,USA
16766,Haynesside,Florida,USA
17100,New Nicole,Iowa,USA
05037,Watersfort,Missouri,USA
25967,South Erinland,Wisconsin,USA
04899,New Teresa,Washington,USA
03998,North Michaelland,Nebraska,USA
92945,Skinnerton,Louisiana,USA
02548,Jessicachester,West Virginia,USA
09813,Brownchester,Oklahoma,USA
71251,Figueroaburgh,Nevada,USA
11551,Martinezstad,South Dakota,USA
71149,Johnmouth,Connecticut,USA
43472,Nelsonburgh,Ohio,USA
16168,Griffithbury,Colorado,USA
02882,East Jessica,Utah,USA
12394,Hernandezfort,Wyoming,USA
03024,East Larrybury,North Dakota,USA
66528,East Cathyberg,Oklahoma,USA
35898,South Angelastad,Louisiana,USA
90890,North Catherine,Delaware,USA
96657,Evanfurt,New Mexico,USA
46667,Port William,Wisconsin,USA
33254,East Wendyburgh,South Dakota,USA
94956,North Nicholas,Wyoming,USA
98755,Mitchellview,North Carolina,USA
20186,Fordview,Wyoming,USA
28049,North Anthonychester,Nevada,USA
64976,Jonesport,Illinois,USA
50719,Curtismouth,Oregon,USA
48657,East Garrett,Indiana,USA
37024,Seanfurt,West Virginia,USA
38481,Vincentside,Massachusetts,USA
02690,North Jessica,Montana,USA
63083,Herreratown,Iowa,USA
28136,West Elizabethfurt,Iowa,USA
18815,Amyhaven,Wyoming,USA
26832,Port Daniel,Wyoming,USA
31838,East Anthony,Florida,USA
39908,North Lisastad,Louisiana,USA
05511,Samanthamouth,Connecticut,USA
21395,Morganmouth,New Jersey,USA
09367,Harrismouth,Vermont,USA
17961,Danielleside,Tennessee,USA
35722,Leonfurt,Arizona,USA
22626,Port John,Ohio,USA
51434,West Rachel,New York,USA
47914,Ericside,New Jersey,USA
40190,North Raymondland,Alabama,USA
40111,New Rachelborough,Maine,USA
77530,Lake Alan,Georgia,USA
35514,Kennedyborough,Connecticut,USA
47906,Port Jessica,Oklahoma,USA
53207,East Rachelland,Vermont,USA
96003,Edwinville,Massachusetts,USA
75853,Lake Kimville,Ohio,USA
68077,Lake Jacob,Kansas,USA
37897,East Teresamouth,Delaware,USA
13589,Lake Samuelside,California,USA
05969,Arnoldstad,Montana,USA
39784,Taylorberg,Oregon,USA
76359,West Tammychester,Nebraska,USA
55130,New Joseph,Illinois,USA
82743,Baileyfurt,Arizona,USA
14100,Port Bobbymouth,North Dakota,USA
82377,West Timothy,Pennsylvania,USA
25106,Leahmouth,Nebraska,USA
12748,Christopherhaven,Wyoming,USA
26148,South Jamie,Massachusetts,USA
56316,Lake Jessicaburgh,Nebraska,USA
74586,New Laurenside,Florida,USA
39563,Port Michael,Washington,USA
48971,Rodneymouth,Ohio,USA
91093,North Tracymouth,Alabama,USA
81329,Rodriguezberg,Michigan,USA
96710,Lake Isabel,Louisiana,USA
61546,Dodsonport,Iowa,USA
31803,Cowanhaven,Tennessee,USA
00637,South Rodney,Tennessee,USA
10932,New Jeremyton,North Carolina,USA
91031,Campbellshire,Pennsylvania,USA
55908,Lake Denisetown,Missouri,USA
61947,Michaelberg,Massachusetts,USA
86994,Schmidtmouth,Nebraska,USA
91625,Morganstad,Arkansas,USA
48734,New Nancyview,Rhode Island,USA
65753,Jeremychester,Indiana,USA
57760,Susantown,Arizona,USA
27522,Lake Saraville,Oregon,USA
78064,East Kirsten,Louisiana,USA
42456,Codyborough,Missouri,USA
77330,Stevenberg,California,USA
97742,North Carrie,Indiana,USA
61374,Espinozashire,Maryland,USA
75247,North Nicholas,Maine,USA
75114,Knightbury,New Hampshire,USA
78311,South Teresa,Missouri,USA
57884,Johnborough,Wisconsin,USA
29902,West Markville,Ohio,USA
24653,Laurenside,Illinois,USA
12853,West Andrew,Wisconsin,USA
13057,Kristinaton,Georgia,USA
45349,Peterburgh,Idaho,USA
11755,West Loribury,Washington,USA
27093,Justinborough,Rhode Island,USA
54529,Port Troyville,North Carolina,USA
71679,Rubenland,Ohio,USA
98092,North Jasonland,California,USA
25065,New Pedroberg,Massachusetts,USA
24339,East Daniel,Illinois,USA
76973,Robertshire,Oklahoma,USA
05717,Gregorymouth,Montana,USA
20506,South Lisaton,Iowa,USA
85398,Lake Jessicaview,Nebraska,USA
54183,Johnsonborough,Kentucky,USA
30999,Millertown,Massachusetts,USA
79087,North Brittneyfort,North Carolina,USA
73844,Lake Douglasshire,Massachusetts,USA
64046,Pattersonland,Mississippi,USA
33657,Rodriguezbury,Montana,USA
43609,Benjaminchester,Kansas,USA
90231,South Jeremy,Alabama,USA
64301,Fletcherberg,Kansas,USA
42906,Briantown,Florida,USA
63851,Port Matthew,Hawaii,USA
32165,Matthewshire,Wyoming,USA
97535,Haydenmouth,Texas,USA
19377,Tylermouth,Indiana,USA
36740,North Dakotahaven,South Carolina,USA
23260,Millerport,North Dakota,USA
96558,Sotoland,Kentucky,USA
51027,East Anthonyfort,Indiana,USA
23583,North Mariomouth,North Dakota,USA
39929,Muellerton,Wyoming,USA
77624,Shannonport,New York,USA
44750,New Cherylstad,Maine,USA
01767,Seanside,Alabama,USA
14142,Phillipstad,Washington,USA
58152,Harrisshire,Arkansas,USA
59474,Elizabethberg,Georgia,USA
02801,Port Elizabethton,Illinois,USA
32990,Leeville,Connecticut,USA
12008,Port Lisa,Minnesota,USA
23725,Reedchester,Wyoming,USA
25011,West Cindy,Rhode Island,USA
93071,Port Sarah,Montana,USA
62404,South Miguelshire,Wisconsin,USA
17743,Caitlinmouth,Illinois,USA
13858,Wileyside,Georgia,USA
21995,New Peterstad,Montana,USA
89261,Lake John,Hawaii,USA
33474,Jennifermouth,Connecticut,USA
15129,New Carol,Utah,USA
10417,Marieberg,Delaware,USA
42258,Wilsonberg,Louisiana,USA
86857,Pearsonfurt,Hawaii,USA
71263,Angelicaberg,Utah,USA
89194,New Meghanmouth,Hawaii,USA
61068,North Richardbury,Kansas,USA
