job_title_id,job_title
1,Software Engineer
2,Full-Stack Developer
3,Front-End Developer
4,Back-End Developer
5,Mobile App Developer
6,Game Developer
7,Data Analyst
8,Data Scientist
9,Machine Learning Engineer
10,Artificial Intelligence Specialist
11,Cybersecurity Analyst
12,Information Security Manager
13,IT Support Specialist
14,Systems Administrator
15,Network Engineer
16,DevOps Engineer
17,Cloud Engineer
18,Blockchain Developer
19,Database Administrator
20,UI/UX Designer
21,Product Manager (Tech)
22,IT Project Manager
23,Web Developer
24,Digital Forensics Analyst
25,Embedded Systems Engineer
26,IT Auditor
27,Site Reliability Engineer (SRE)
28,VR/AR Developer
29,Mechanical Engineer
30,HVAC Engineer
31,Robotics Engineer
32,Electrical Engineer
33,Power Systems Engineer
34,Telecommunications Engineer
35,Electronics Engineer
36,Civil Engineer
37,Structural Engineer
38,Urban Planner
39,Geotechnical Engineer
40,Transportation Engineer
41,Process Engineer
42,Materials Scientist
43,Petrochemical Engineer
44,Aerospace Engineer
45,Automotive Engineer
46,Flight Systems Engineer
47,Biomedical Engineer
48,Chemical Engineer
49,Industrial Engineer
50,Environmental Engineer
51,Mechatronics Engineer
52,Nuclear Engineer
53,Marine Engineer
54,Optical Engineer
