keyword_id,keyword
1,Programming
2,Software Development
3,Agile Methodology
4,Object-Oriented Programming
5,JavaScript
6,React.js
7,Angular
8,Node.js
9,Python
10,Java
11,API Development
12,Front-End Development
13,Back-End Development
14,Responsive Design
15,Mobile Applications
16,Game Development
17,Unity
18,Unreal Engine
19,Full-Stack
20,Git/GitHub
21,Data Analytics
22,Data Science
23,Machine Learning
24,Deep Learning
25,Artificial Intelligence (AI)
26,Natural Language Processing (NLP)
27,Predictive Modeling
28,Data Visualization
29,Big Data
30,TensorFlow
31,PyTorch
32,SQL
33,Statistics
34,R Programming
35,Hadoop
36,Data Mining
37,Cybersecurity
38,Network Security
39,Ethical Hacking
40,Penetration Testing
41,Firewalls
42,Incident Response
43,Vulnerability Assessment
44,Threat Intelligence
45,Encryption
46,Forensics
47,ITIL
48,Information Security
49,Cloud Security
50,Risk Assessment
51,Network Engineering
52,System Administration
53,Active Directory
54,Linux/Unix
55,Virtualization
56,DNS Configuration
57,IT Support
58,Help Desk
59,Troubleshooting
60,Server Management
61,DevOps
62,Automation
63,Site Reliability
64,AWS
65,Azure
66,Kubernetes
67,Cloud Computing
68,Cloud Infrastructure
69,Google Cloud Platform (GCP)
70,Microsoft Azure
71,DevOps Practices
72,Continuous Integration/Deployment (CI/CD)
73,Docker
74,Kubernetes
75,Blockchain
76,Smart Contracts
77,UI/UX Design
78,Prototyping
79,Wireframing
80,Adobe XD
81,Figma
82,Usability Testing
83,Graphic Design
84,User Research
85,Interaction Design
86,Web Design
87,Accessibility
88,Mechanical Engineering
89,HVAC Design
90,Robotics
91,Electrical Engineering
92,Civil Engineering
93,Structural Design
94,Urban Planning
95,Geotechnical Analysis
96,Process Optimization
97,Petrochemical
98,Aerospace Systems
99,Automotive Engineering
100,Biomedical Devices
101,Chemical Processing
102,Industrial Systems
103,Environmental Impact
104,Nuclear Physics
105,Marine Technologies
106,Optical Systems
107,Project Management
108,Product Development
109,Scrum
110,Kanban
111,Agile
112,Team Leadership
113,Risk Management
114,Budgeting
115,Stakeholder Communication
116,Operations Analysis
117,Resource Planning
118,Digital Forensics
119,Embedded Systems
120,Telecommunications
121,Power Systems
122,Materials Science
123,Aerospace Systems
124,Virtual Reality (VR)
125,Augmented Reality (AR)
