job_id,work_auth_id,category_id,zipcode,job_title,employer_id,keyword_id,job_type,salary_range,perks_id,posted_on,expire_on
1,1,7,68661,Data Scientist,41,17,Full-Time,$77k-$128k,9,09-08-2024,21-11-2025
2,4,4,26994,Electronics Engineer,38,73,Part-Time,$70k-$188k,1,17-02-2024,19-05-2025
3,2,6,24334,Machine Learning Engineer,4,23,Contract,$87k-$157k,1,05-11-2024,04-10-2025
4,3,7,35723,VR/AR Developer,60,67,Part-Time,$100k-$146k,7,16-09-2024,18-02-2025
5,5,4,56305,Marine Engineer,39,42,Contract,$59k-$165k,2,29-12-2023,26-02-2025
6,5,9,50035,Cloud Engineer,11,42,Contract,$82k-$134k,8,26-07-2024,11-10-2025
7,4,4,64261,Cybersecurity Analyst,82,37,Contract,$116k-$199k,2,03-12-2023,04-02-2025
8,2,1,21583,Automotive Engineer,3,27,Contract,$114k-$134k,4,11-10-2024,29-07-2025
9,5,3,14332,Process Engineer,79,42,Part-Time,$120k-$125k,10,27-04-2024,29-09-2025
10,3,2,80029,Aerospace Engineer,30,67,Full-Time,$120k-$144k,4,08-11-2024,29-06-2025
11,1,4,93362,Nuclear Engineer,16,17,Contract,$115k-$136k,9,04-08-2024,09-11-2025
12,4,5,6986,Cloud Engineer,6,73,Part-Time,$89k-$162k,7,14-07-2024,18-05-2025
13,5,7,1820,Embedded Systems Engineer,42,119,Part-Time,$89k-$174k,10,12-11-2024,28-10-2025
14,4,1,53974,Nuclear Engineer,60,73,Part-Time,$64k-$161k,5,18-10-2024,05-09-2025
15,3,7,9433,Process Engineer,71,67,Contract,$92k-$159k,4,04-04-2024,29-07-2025
16,5,2,80496,Nuclear Engineer,61,42,Full-Time,$90k-$198k,5,14-04-2024,28-10-2025
17,2,8,41425,Power Systems Engineer,42,121,Part-Time,$50k-$129k,5,25-01-2024,24-03-2025
18,2,5,12303,Back-End Developer,7,27,Full-Time,$92k-$184k,9,27-11-2024,12-06-2025
19,1,4,57639,Front-End Developer,39,17,Contract,$108k-$162k,5,12-03-2024,12-08-2025
20,1,4,65387,IT Support Specialist,63,57,Contract,$83k-$161k,8,21-09-2024,12-04-2025
21,1,8,51254,Transportation Engineer,98,17,Full-Time,$87k-$154k,4,07-01-2024,09-04-2025
22,2,5,7113,VR/AR Developer,79,27,Contract,$104k-$200k,6,30-07-2024,27-06-2025
23,2,8,40407,Robotics Engineer,18,90,Contract,$117k-$197k,6,07-11-2024,12-04-2025
24,3,9,26632,Optical Engineer,51,67,Full-Time,$51k-$199k,4,14-12-2023,29-09-2025
25,2,5,20754,Artificial Intelligence Specialist,40,27,Full-Time,$98k-$165k,9,03-02-2024,03-09-2025
26,5,4,93739,Marine Engineer,62,42,Full-Time,$110k-$156k,3,16-06-2024,13-12-2024
27,2,6,61243,Cloud Engineer,96,27,Contract,$116k-$172k,6,13-09-2024,31-12-2024
28,4,3,62768,Biomedical Engineer,70,73,Contract,$67k-$168k,10,16-01-2024,15-07-2025
29,5,5,32413,Database Administrator,25,42,Contract,$61k-$141k,7,02-12-2023,12-11-2025
30,4,2,70945,Embedded Systems Engineer,6,119,Contract,$89k-$156k,1,04-02-2024,08-07-2025
31,1,3,36366,Optical Engineer,23,17,Part-Time,$113k-$143k,4,12-03-2024,27-08-2025
32,1,1,40882,Nuclear Engineer,76,17,Contract,$119k-$167k,2,05-03-2024,13-01-2025
33,3,5,78901,Automotive Engineer,84,67,Contract,$114k-$176k,4,08-12-2023,18-07-2025
34,4,4,9694,Transportation Engineer,72,73,Contract,$111k-$145k,10,23-09-2024,03-01-2025
35,4,4,47981,Systems Administrator,69,73,Part-Time,$107k-$159k,1,09-04-2024,11-10-2025
36,2,4,47694,Game Developer,62,27,Contract,$61k-$131k,8,06-12-2023,24-07-2025
37,2,9,37372,Aerospace Engineer,81,27,Full-Time,$60k-$176k,8,01-09-2024,18-06-2025
38,1,8,4702,Industrial Engineer,4,17,Contract,$65k-$157k,2,15-01-2024,04-01-2025
39,2,1,18506,Systems Administrator,40,27,Full-Time,$100k-$156k,9,23-02-2024,15-03-2025
40,5,4,97619,Biomedical Engineer,70,42,Contract,$86k-$150k,5,15-09-2024,06-04-2025
41,3,4,57076,Data Analyst,43,67,Part-Time,$94k-$173k,7,14-06-2024,18-10-2025
42,1,6,19878,Mobile App Developer,96,17,Part-Time,$94k-$199k,3,03-01-2024,04-06-2025
43,1,5,95790,Back-End Developer,20,17,Contract,$114k-$142k,5,12-05-2024,08-09-2025
44,4,10,23876,Cybersecurity Analyst,75,37,Part-Time,$111k-$193k,4,08-05-2024,17-09-2025
45,2,10,23113,IT Project Manager,99,27,Full-Time,$51k-$158k,1,27-12-2023,31-10-2025
46,4,1,98413,Optical Engineer,27,73,Part-Time,$75k-$193k,5,30-05-2024,17-04-2025
47,3,3,6397,IT Project Manager,12,67,Part-Time,$79k-$193k,5,20-09-2024,05-12-2024
48,5,5,73728,Geotechnical Engineer,1,42,Part-Time,$72k-$156k,6,18-11-2024,20-11-2025
49,3,8,80307,Electronics Engineer,53,67,Part-Time,$85k-$176k,4,10-11-2024,02-02-2025
50,3,1,88891,Front-End Developer,58,67,Full-Time,$83k-$158k,6,03-06-2024,28-10-2025
51,5,9,66846,Systems Administrator,66,42,Full-Time,$96k-$131k,8,12-07-2024,08-04-2025
52,4,2,9599,Chemical Engineer,32,73,Part-Time,$70k-$198k,4,30-12-2023,24-10-2025
53,2,9,14189,Marine Engineer,3,27,Contract,$63k-$147k,7,11-07-2024,23-10-2025
54,3,5,77835,IT Project Manager,93,67,Contract,$56k-$191k,2,13-03-2024,09-07-2025
55,2,7,94277,Software Engineer,23,27,Part-Time,$68k-$151k,8,07-05-2024,03-05-2025
56,3,5,5786,Electronics Engineer,25,67,Full-Time,$75k-$170k,2,17-09-2024,08-08-2025
57,4,9,14511,Optical Engineer,83,73,Contract,$73k-$151k,1,01-06-2024,21-10-2025
58,4,9,30365,Systems Administrator,43,73,Contract,$104k-$155k,9,26-03-2024,28-10-2025
59,1,7,77127,Flight Systems Engineer,36,17,Contract,$111k-$186k,4,25-06-2024,04-12-2024
60,1,9,30864,Marine Engineer,6,17,Contract,$91k-$174k,2,07-02-2024,08-08-2025
61,5,7,6938,IT Auditor,22,42,Full-Time,$80k-$128k,1,26-02-2024,04-01-2025
62,5,9,17140,Blockchain Developer,12,75,Contract,$85k-$162k,8,17-08-2024,15-01-2025
63,3,9,81830,Front-End Developer,42,67,Contract,$77k-$186k,9,05-10-2024,21-03-2025
64,1,7,24792,Front-End Developer,48,17,Part-Time,$57k-$152k,5,10-06-2024,23-02-2025
65,2,10,21452,Information Security Manager,88,48,Full-Time,$80k-$122k,1,30-03-2024,15-02-2025
66,1,3,76800,Structural Engineer,96,17,Full-Time,$84k-$199k,2,28-02-2024,15-01-2025
67,3,8,57801,Data Scientist,37,67,Full-Time,$94k-$139k,6,03-04-2024,04-10-2025
68,5,3,19430,Front-End Developer,91,42,Full-Time,$69k-$192k,10,22-10-2024,27-05-2025
69,2,2,36628,UI/UX Designer,97,77,Part-Time,$74k-$143k,6,15-12-2023,23-08-2025
70,3,9,80419,Full-Stack Developer,79,19,Part-Time,$81k-$188k,9,27-11-2024,14-04-2025
71,5,6,89129,Front-End Developer,10,42,Full-Time,$118k-$195k,3,17-01-2024,13-06-2025
72,5,9,2845,DevOps Engineer,100,61,Part-Time,$56k-$165k,3,10-11-2024,09-02-2025
73,3,9,34020,Power Systems Engineer,92,121,Full-Time,$114k-$153k,3,18-08-2024,13-12-2024
74,2,10,33221,Game Developer,34,27,Part-Time,$52k-$179k,5,11-06-2024,14-08-2025
75,4,6,5591,Power Systems Engineer,76,121,Contract,$95k-$156k,6,26-09-2024,11-03-2025
76,4,3,8355,Digital Forensics Analyst,22,46,Part-Time,$106k-$165k,10,24-01-2024,29-12-2024
77,4,9,89907,Urban Planner,30,73,Contract,$113k-$142k,2,13-11-2024,04-04-2025
78,4,4,13855,IT Project Manager,22,73,Full-Time,$78k-$200k,2,28-11-2024,06-05-2025
79,3,6,20188,HVAC Engineer,58,67,Contract,$83k-$121k,3,27-11-2024,14-09-2025
80,4,5,67896,Urban Planner,67,73,Contract,$97k-$129k,3,30-01-2024,05-09-2025
81,2,2,798,Chemical Engineer,84,27,Part-Time,$93k-$188k,3,17-08-2024,17-04-2025
82,1,4,55080,Software Engineer,5,17,Full-Time,$102k-$183k,1,31-07-2024,29-10-2025
83,4,3,23923,Nuclear Engineer,97,73,Contract,$107k-$128k,9,06-11-2024,20-04-2025
84,2,10,11135,Automotive Engineer,10,27,Full-Time,$88k-$167k,4,25-02-2024,20-05-2025
85,2,10,91416,Cloud Engineer,97,27,Contract,$56k-$174k,8,15-03-2024,19-10-2025
86,1,6,67424,Marine Engineer,55,17,Part-Time,$59k-$124k,2,08-11-2024,28-11-2025
87,5,4,62194,IT Auditor,30,42,Full-Time,$55k-$147k,10,25-03-2024,20-10-2025
88,2,6,11099,Structural Engineer,8,27,Part-Time,$119k-$158k,1,06-10-2024,16-07-2025
89,1,1,10558,Systems Administrator,97,17,Contract,$56k-$186k,6,05-11-2024,24-01-2025
90,3,6,26147,Structural Engineer,83,67,Contract,$60k-$185k,2,30-11-2024,05-03-2025
91,3,7,99267,Marine Engineer,22,67,Contract,$117k-$171k,3,14-03-2024,07-05-2025
92,5,9,48226,Electronics Engineer,10,42,Full-Time,$66k-$187k,8,05-08-2024,20-06-2025
93,2,5,2073,Back-End Developer,95,27,Full-Time,$51k-$172k,6,10-06-2024,14-10-2025
94,1,3,93391,Materials Scientist,85,17,Contract,$102k-$150k,4,05-04-2024,18-02-2025
95,1,10,46290,Power Systems Engineer,82,121,Full-Time,$87k-$145k,4,23-05-2024,19-11-2025
96,1,3,84773,Materials Scientist,58,17,Part-Time,$85k-$131k,9,18-04-2024,05-02-2025
97,3,9,13517,Machine Learning Engineer,7,23,Part-Time,$95k-$171k,4,05-11-2024,21-07-2025
98,2,3,98581,Telecommunications Engineer,12,120,Full-Time,$104k-$136k,5,13-12-2023,12-10-2025
99,4,10,44884,Artificial Intelligence Specialist,28,73,Part-Time,$74k-$180k,1,23-03-2024,25-09-2025
100,1,8,89441,IT Project Manager,93,17,Full-Time,$84k-$162k,2,29-06-2024,01-02-2025
101,3,4,70123,Information Security Manager,73,48,Part-Time,$69k-$162k,1,09-12-2023,13-09-2025
102,3,6,44292,Biomedical Engineer,89,67,Contract,$115k-$126k,3,24-11-2024,29-01-2025
103,2,1,48056,Electronics Engineer,94,27,Full-Time,$72k-$194k,3,12-03-2024,05-05-2025
104,5,9,76862,Industrial Engineer,23,42,Contract,$50k-$183k,2,05-03-2024,27-09-2025
105,4,10,36797,Cybersecurity Analyst,41,37,Part-Time,$119k-$124k,10,04-11-2024,31-10-2025
106,5,1,21000,IT Auditor,88,42,Part-Time,$55k-$139k,5,17-02-2024,09-06-2025
107,2,6,41375,Power Systems Engineer,65,121,Full-Time,$71k-$121k,2,01-08-2024,05-11-2025
108,2,3,62605,HVAC Engineer,39,27,Part-Time,$110k-$174k,1,28-06-2024,01-03-2025
109,5,9,6467,Web Developer,22,42,Full-Time,$92k-$193k,8,17-04-2024,29-01-2025
110,3,4,31685,Mobile App Developer,86,67,Contract,$73k-$139k,2,24-07-2024,31-03-2025
111,1,1,89001,Information Security Manager,40,48,Contract,$115k-$194k,6,14-08-2024,23-09-2025
112,4,10,93126,Digital Forensics Analyst,84,46,Full-Time,$80k-$150k,7,24-07-2024,28-11-2025
113,5,5,29849,Data Analyst,3,42,Part-Time,$80k-$176k,5,01-07-2024,15-06-2025
114,4,6,17019,Data Scientist,60,73,Part-Time,$113k-$132k,6,26-07-2024,14-12-2024
115,2,9,47448,Petrochemical Engineer,39,97,Contract,$114k-$193k,6,01-05-2024,31-01-2025
116,2,10,94382,Cybersecurity Analyst,25,37,Full-Time,$117k-$129k,7,14-06-2024,15-10-2025
117,3,2,82751,Aerospace Engineer,90,67,Contract,$115k-$164k,5,22-02-2024,28-08-2025
118,3,7,25191,Power Systems Engineer,65,121,Part-Time,$62k-$176k,2,24-06-2024,28-12-2024
119,3,5,49887,Game Developer,12,67,Part-Time,$116k-$184k,1,29-03-2024,08-09-2025
120,5,8,33117,Blockchain Developer,82,75,Contract,$87k-$172k,10,14-01-2024,22-08-2025
121,4,4,45132,DevOps Engineer,21,61,Full-Time,$109k-$166k,10,23-08-2024,20-09-2025
122,1,1,30174,Marine Engineer,64,17,Part-Time,$92k-$200k,2,30-10-2024,03-10-2025
123,1,3,44731,Software Engineer,89,17,Contract,$68k-$145k,4,16-03-2024,31-07-2025
124,5,7,26435,Biomedical Engineer,56,42,Full-Time,$84k-$126k,10,28-09-2024,17-03-2025
125,5,5,80431,Materials Scientist,19,42,Full-Time,$51k-$146k,3,19-09-2024,21-05-2025
126,1,7,69082,Information Security Manager,82,48,Full-Time,$60k-$197k,7,19-07-2024,19-12-2024
127,1,6,21113,HVAC Engineer,56,17,Part-Time,$100k-$121k,2,09-05-2024,16-01-2025
128,2,9,25350,Process Engineer,21,27,Part-Time,$95k-$177k,7,20-12-2023,22-10-2025
129,4,6,93791,Biomedical Engineer,35,73,Part-Time,$99k-$125k,1,09-09-2024,09-12-2024
130,1,4,19199,Mobile App Developer,31,17,Contract,$69k-$142k,1,01-11-2024,09-12-2024
131,2,4,89642,Software Engineer,83,27,Full-Time,$90k-$163k,2,29-06-2024,05-06-2025
132,1,7,41724,Materials Scientist,71,17,Full-Time,$89k-$135k,3,26-05-2024,14-11-2025
133,2,6,14009,Electronics Engineer,47,27,Full-Time,$94k-$135k,6,06-12-2023,16-06-2025
134,3,7,13270,Blockchain Developer,9,75,Contract,$69k-$173k,8,09-07-2024,01-01-2025
135,1,9,68805,Blockchain Developer,55,75,Part-Time,$106k-$170k,3,07-06-2024,18-01-2025
136,1,5,97307,Environmental Engineer,59,17,Part-Time,$118k-$135k,10,09-04-2024,16-09-2025
137,4,5,49118,Power Systems Engineer,18,121,Full-Time,$115k-$171k,7,18-10-2024,16-09-2025
138,5,8,24596,Data Analyst,41,42,Part-Time,$111k-$198k,10,23-12-2023,31-08-2025
139,3,6,96203,Blockchain Developer,18,75,Full-Time,$107k-$192k,10,08-12-2023,25-02-2025
140,5,3,72616,Cybersecurity Analyst,24,37,Full-Time,$89k-$139k,3,06-06-2024,04-05-2025
141,5,10,48566,Systems Administrator,21,42,Full-Time,$76k-$173k,2,21-01-2024,09-10-2025
142,5,2,66692,Urban Planner,26,42,Contract,$116k-$169k,7,04-03-2024,13-01-2025
143,5,3,45427,Aerospace Engineer,54,42,Part-Time,$105k-$179k,9,16-03-2024,14-01-2025
144,4,7,98673,Nuclear Engineer,52,73,Full-Time,$94k-$163k,6,01-06-2024,07-07-2025
145,1,6,74713,IT Support Specialist,37,57,Contract,$88k-$198k,3,20-12-2023,08-02-2025
146,5,8,22952,Front-End Developer,62,42,Contract,$97k-$128k,5,19-10-2024,02-05-2025
147,4,8,32364,Robotics Engineer,20,90,Full-Time,$78k-$141k,2,02-12-2023,20-12-2024
148,2,9,61382,Network Engineer,67,27,Contract,$70k-$147k,6,30-05-2024,06-07-2025
149,1,8,13486,Mechatronics Engineer,17,17,Part-Time,$74k-$124k,2,10-07-2024,03-08-2025
150,1,6,90532,IT Auditor,86,17,Full-Time,$113k-$197k,4,17-08-2024,01-01-2025
151,3,9,76499,Mobile App Developer,93,67,Contract,$75k-$125k,2,28-11-2024,16-03-2025
152,3,4,50586,Software Engineer,2,67,Contract,$83k-$165k,9,20-09-2024,25-08-2025
153,1,3,14238,Materials Scientist,22,17,Full-Time,$72k-$185k,7,12-11-2024,13-12-2024
154,1,4,19826,Transportation Engineer,64,17,Full-Time,$120k-$136k,8,28-10-2024,22-01-2025
155,4,1,90662,IT Auditor,83,73,Part-Time,$106k-$124k,3,18-05-2024,18-10-2025
156,1,2,70940,Biomedical Engineer,67,17,Part-Time,$71k-$195k,5,05-02-2024,26-12-2024
157,2,4,3282,VR/AR Developer,89,27,Full-Time,$77k-$160k,7,15-09-2024,15-01-2025
158,2,10,28401,IT Project Manager,91,27,Part-Time,$86k-$127k,6,13-09-2024,29-03-2025
159,1,1,87286,VR/AR Developer,46,17,Contract,$84k-$157k,8,29-09-2024,29-01-2025
160,3,10,17839,Artificial Intelligence Specialist,14,67,Full-Time,$82k-$153k,6,18-08-2024,12-08-2025
161,1,7,24772,Urban Planner,79,17,Contract,$117k-$197k,2,25-02-2024,20-02-2025
162,3,3,24796,UI/UX Designer,86,77,Full-Time,$69k-$150k,7,14-09-2024,08-01-2025
163,1,9,94611,Back-End Developer,15,17,Full-Time,$120k-$145k,9,23-11-2024,28-07-2025
164,5,4,33570,Automotive Engineer,14,42,Part-Time,$106k-$150k,5,10-10-2024,02-11-2025
165,3,6,71448,Petrochemical Engineer,49,97,Part-Time,$67k-$135k,1,12-01-2024,30-09-2025
166,3,3,22084,Biomedical Engineer,57,67,Contract,$93k-$135k,6,08-12-2023,19-07-2025
167,2,10,91803,Full-Stack Developer,89,19,Full-Time,$71k-$143k,6,24-07-2024,08-03-2025
168,5,2,25079,DevOps Engineer,89,61,Contract,$93k-$155k,2,06-03-2024,23-02-2025
169,2,5,82880,Petrochemical Engineer,41,97,Part-Time,$92k-$150k,5,07-05-2024,30-06-2025
170,3,8,2386,Geotechnical Engineer,44,67,Full-Time,$104k-$184k,2,18-04-2024,24-02-2025
171,4,6,91892,Environmental Engineer,87,73,Full-Time,$74k-$168k,6,30-09-2024,04-07-2025
172,2,2,46746,Machine Learning Engineer,27,23,Part-Time,$70k-$175k,2,29-11-2024,10-01-2025
173,5,4,54458,Optical Engineer,89,42,Part-Time,$89k-$182k,3,13-10-2024,22-02-2025
174,2,5,3469,HVAC Engineer,76,33,Contract,$95k-$133k,1,08-03-2024,06-04-2025
175,5,10,74871,Software Engineer,59,42,Contract,$52k-$197k,7,18-12-2023,19-03-2025
176,3,5,80619,Front-End Developer,68,67,Contract,$112k-$127k,8,21-02-2024,26-01-2025
177,5,1,85133,Robotics Engineer,55,90,Part-Time,$102k-$173k,3,15-06-2024,18-07-2025
178,1,1,1170,Transportation Engineer,78,17,Full-Time,$119k-$192k,2,31-07-2024,10-09-2025
179,2,10,54042,Cybersecurity Analyst,94,37,Part-Time,$86k-$127k,8,23-10-2024,05-08-2025
180,1,1,60893,Database Administrator,91,17,Contract,$88k-$181k,2,05-09-2024,31-12-2024
181,2,5,10480,Database Administrator,31,33,Contract,$73k-$155k,6,11-11-2024,28-04-2025
182,2,2,6480,Biomedical Engineer,72,33,Contract,$86k-$130k,7,15-04-2024,23-11-2025
183,1,4,67465,IT Project Manager,9,17,Part-Time,$97k-$137k,9,29-10-2024,25-04-2025
184,5,3,21039,Environmental Engineer,4,42,Part-Time,$65k-$140k,3,01-07-2024,04-06-2025
185,5,6,70702,Machine Learning Engineer,78,23,Full-Time,$84k-$193k,6,21-09-2024,08-10-2025
186,1,1,99741,UI/UX Designer,12,77,Part-Time,$75k-$127k,8,26-10-2024,08-11-2025
187,4,10,49732,Nuclear Engineer,2,73,Part-Time,$114k-$192k,3,05-08-2024,23-02-2025
188,2,9,21517,Process Engineer,63,33,Full-Time,$75k-$133k,5,28-06-2024,02-02-2025
189,4,8,47902,Structural Engineer,48,73,Part-Time,$116k-$198k,8,27-10-2024,06-01-2025
190,5,4,46850,Civil Engineer,8,42,Full-Time,$83k-$128k,8,04-06-2024,29-12-2024
191,5,7,49158,Aerospace Engineer,32,42,Part-Time,$95k-$172k,10,03-05-2024,01-09-2025
192,1,5,82114,IT Auditor,4,17,Contract,$114k-$180k,8,21-01-2024,20-12-2024
193,4,9,33737,IT Project Manager,32,73,Full-Time,$94k-$181k,7,16-01-2024,05-11-2025
194,4,3,30868,Industrial Engineer,11,73,Part-Time,$86k-$182k,3,01-04-2024,09-12-2024
195,1,8,24902,Civil Engineer,18,17,Part-Time,$92k-$169k,9,30-05-2024,23-08-2025
196,3,5,50702,Software Engineer,34,67,Part-Time,$98k-$179k,9,22-01-2024,22-02-2025
197,2,7,95702,Web Developer,11,33,Part-Time,$52k-$179k,5,25-02-2024,17-01-2025
198,3,2,2488,Electronics Engineer,56,67,Full-Time,$79k-$188k,3,17-12-2023,07-10-2025
199,3,5,81066,Web Developer,71,67,Part-Time,$76k-$168k,9,18-08-2024,02-06-2025
200,4,6,38419,Web Developer,74,73,Contract,$94k-$161k,8,29-01-2024,27-09-2025
201,5,4,13202,Database Administrator,70,7,Contract,$56k-$175k,6,15-08-2024,03-08-2025
202,4,3,87156,Network Engineer,38,73,Contract,$109k-$141k,8,28-03-2024,26-06-2025
203,1,10,78917,Software Engineer,18,17,Part-Time,$119k-$188k,8,25-11-2024,08-11-2025
204,1,5,87052,Industrial Engineer,15,17,Part-Time,$109k-$189k,4,14-06-2024,20-03-2025
205,3,2,17893,Game Developer,6,67,Full-Time,$104k-$179k,8,08-01-2024,03-07-2025
206,2,10,40746,Data Analyst,84,33,Full-Time,$85k-$178k,10,28-12-2023,15-12-2024
207,1,1,55232,IT Support Specialist,15,57,Full-Time,$107k-$196k,9,18-11-2024,26-01-2025
208,2,8,18867,Structural Engineer,59,33,Part-Time,$66k-$140k,4,09-06-2024,14-08-2025
209,2,2,10085,Mechatronics Engineer,34,33,Contract,$104k-$197k,8,12-03-2024,09-08-2025
210,5,2,20869,Structural Engineer,58,7,Contract,$111k-$141k,6,14-07-2024,21-04-2025
211,4,10,46440,Marine Engineer,88,73,Contract,$95k-$184k,7,24-12-2023,14-05-2025
212,2,3,82841,Marine Engineer,25,33,Contract,$72k-$178k,4,20-07-2024,03-07-2025
213,5,4,57235,IT Project Manager,90,7,Full-Time,$65k-$152k,2,19-05-2024,03-02-2025
214,3,6,87353,HVAC Engineer,44,67,Contract,$116k-$128k,1,04-04-2024,06-04-2025
215,1,9,2594,Process Engineer,37,17,Part-Time,$72k-$188k,5,21-05-2024,29-12-2024
216,3,8,62682,Power Systems Engineer,10,121,Contract,$92k-$200k,9,16-07-2024,27-06-2025
217,3,2,17366,Information Security Manager,73,48,Contract,$118k-$193k,7,26-08-2024,25-03-2025
218,5,3,53799,Marine Engineer,76,7,Full-Time,$74k-$199k,6,17-10-2024,11-07-2025
219,2,2,7449,Web Developer,36,33,Contract,$51k-$129k,9,12-03-2024,10-01-2025
220,3,9,86226,Transportation Engineer,96,67,Part-Time,$111k-$176k,4,03-06-2024,08-06-2025
221,1,3,24193,Petrochemical Engineer,66,97,Contract,$54k-$173k,6,21-04-2024,13-03-2025
222,1,4,34925,Chemical Engineer,29,17,Full-Time,$104k-$146k,10,25-07-2024,27-03-2025
223,3,5,80744,Machine Learning Engineer,38,23,Full-Time,$120k-$164k,4,31-01-2024,23-11-2025
224,3,4,24804,Geotechnical Engineer,40,67,Part-Time,$111k-$151k,4,13-07-2024,07-07-2025
225,5,9,7797,Materials Scientist,37,7,Part-Time,$67k-$163k,9,08-05-2024,08-10-2025
226,2,8,3019,Biomedical Engineer,55,33,Part-Time,$66k-$151k,10,23-10-2024,03-05-2025
227,5,6,71780,Cloud Engineer,6,7,Part-Time,$89k-$178k,9,24-11-2024,26-06-2025
228,4,4,1099,Aerospace Engineer,80,73,Part-Time,$78k-$185k,6,27-09-2024,14-10-2025
229,5,7,28092,Web Developer,88,7,Part-Time,$114k-$134k,3,18-04-2024,17-11-2025
230,5,4,17372,Network Engineer,24,7,Contract,$107k-$129k,10,07-08-2024,26-11-2025
231,1,5,71021,Systems Administrator,17,17,Full-Time,$93k-$125k,6,07-08-2024,16-09-2025
232,2,9,70828,VR/AR Developer,25,33,Contract,$65k-$145k,9,24-03-2024,02-10-2025
233,1,10,28120,Embedded Systems Engineer,55,119,Contract,$88k-$160k,9,18-04-2024,28-12-2024
234,4,5,69846,IT Support Specialist,84,57,Full-Time,$106k-$174k,4,27-05-2024,22-06-2025
235,3,2,27731,Machine Learning Engineer,19,23,Part-Time,$62k-$167k,7,12-09-2024,13-04-2025
236,3,5,69034,Embedded Systems Engineer,36,119,Full-Time,$62k-$180k,9,13-08-2024,07-12-2024
237,5,4,9146,Automotive Engineer,46,7,Full-Time,$104k-$158k,5,11-06-2024,25-01-2025
238,2,9,52404,Product Manager (Tech),20,33,Contract,$57k-$133k,8,20-07-2024,28-08-2025
239,5,1,8948,VR/AR Developer,75,7,Contract,$102k-$169k,10,23-02-2024,04-02-2025
240,2,8,3971,Mechanical Engineer,10,33,Contract,$108k-$185k,9,25-03-2024,08-12-2024
241,1,3,29175,Product Manager (Tech),28,17,Contract,$55k-$158k,6,30-10-2024,17-05-2025
242,4,7,2110,Information Security Manager,3,48,Part-Time,$77k-$181k,9,16-07-2024,30-01-2025
243,3,7,67823,Chemical Engineer,3,67,Contract,$113k-$121k,3,08-04-2024,19-12-2024
244,2,10,45665,Automotive Engineer,64,33,Part-Time,$72k-$137k,1,10-03-2024,07-09-2025
245,5,6,40455,Urban Planner,39,7,Full-Time,$89k-$176k,1,02-09-2024,07-07-2025
246,4,10,34653,Data Scientist,82,73,Full-Time,$84k-$160k,9,10-05-2024,09-11-2025
247,3,3,41857,Mechatronics Engineer,12,67,Contract,$102k-$165k,2,10-10-2024,31-12-2024
248,1,6,92333,Embedded Systems Engineer,69,119,Part-Time,$87k-$161k,9,16-04-2024,30-04-2025
249,2,9,22919,Biomedical Engineer,76,33,Part-Time,$51k-$181k,6,14-11-2024,18-04-2025
250,2,8,15064,Environmental Engineer,52,33,Part-Time,$108k-$161k,8,31-08-2024,21-08-2025
251,1,1,25935,Transportation Engineer,97,17,Full-Time,$56k-$141k,4,15-12-2023,24-07-2025
252,1,8,38068,Site Reliability Engineer (SRE),47,63,Full-Time,$82k-$192k,5,24-10-2024,03-02-2025
253,3,1,68604,Power Systems Engineer,3,121,Full-Time,$62k-$177k,7,16-10-2024,03-03-2025
254,3,2,84075,Front-End Developer,58,67,Contract,$70k-$133k,1,08-07-2024,29-04-2025
255,1,10,55069,Site Reliability Engineer (SRE),60,63,Contract,$61k-$163k,9,01-12-2023,03-10-2025
256,2,4,85971,Front-End Developer,59,33,Full-Time,$93k-$165k,8,24-06-2024,24-08-2025
257,3,5,38189,Full-Stack Developer,78,19,Full-Time,$77k-$192k,4,18-03-2024,23-03-2025
258,2,8,97399,Environmental Engineer,67,33,Full-Time,$93k-$128k,1,08-04-2024,25-05-2025
259,3,7,26356,Nuclear Engineer,36,67,Contract,$86k-$121k,1,20-09-2024,26-04-2025
260,5,7,13892,Environmental Engineer,84,7,Part-Time,$88k-$182k,7,20-04-2024,22-10-2025
261,5,10,97924,Front-End Developer,33,7,Full-Time,$113k-$193k,7,01-07-2024,14-05-2025
262,4,6,92571,Nuclear Engineer,81,73,Full-Time,$85k-$177k,1,28-07-2024,11-04-2025
263,3,1,26121,Database Administrator,54,67,Contract,$72k-$177k,4,06-03-2024,24-09-2025
264,5,2,51095,Front-End Developer,18,7,Part-Time,$51k-$160k,4,28-12-2023,23-11-2025
265,2,10,49027,Network Engineer,34,33,Part-Time,$114k-$172k,7,28-06-2024,03-06-2025
266,2,10,85212,IT Auditor,57,41,Contract,$111k-$190k,8,17-03-2024,06-09-2025
267,4,9,11436,Industrial Engineer,28,73,Part-Time,$85k-$151k,5,10-08-2024,05-01-2025
268,1,6,29038,Flight Systems Engineer,41,17,Full-Time,$110k-$159k,9,10-05-2024,13-10-2025
269,2,2,31046,Nuclear Engineer,22,41,Contract,$96k-$200k,7,14-05-2024,26-02-2025
270,3,6,29420,Petrochemical Engineer,19,97,Contract,$76k-$183k,9,30-11-2024,16-05-2025
271,2,4,76540,Flight Systems Engineer,26,41,Contract,$75k-$189k,5,07-04-2024,09-04-2025
272,2,10,65697,Blockchain Developer,30,75,Contract,$100k-$146k,10,05-09-2024,14-12-2024
273,4,2,85381,Civil Engineer,69,73,Part-Time,$80k-$150k,6,29-04-2024,29-05-2025
274,4,7,79882,Game Developer,48,73,Part-Time,$69k-$122k,2,19-07-2024,29-07-2025
275,5,6,93088,IT Project Manager,50,7,Contract,$54k-$183k,8,10-01-2024,26-12-2024
276,2,5,24494,IT Project Manager,19,41,Part-Time,$97k-$187k,1,25-02-2024,26-03-2025
277,5,6,93002,Transportation Engineer,18,7,Part-Time,$119k-$177k,6,02-03-2024,06-04-2025
278,4,1,32661,Systems Administrator,26,73,Part-Time,$92k-$122k,6,17-04-2024,06-03-2025
279,4,5,87161,Mechatronics Engineer,85,73,Full-Time,$114k-$171k,8,22-11-2024,21-11-2025
280,5,3,12097,Telecommunications Engineer,10,120,Part-Time,$58k-$187k,3,16-02-2024,09-07-2025
281,1,10,96156,Aerospace Engineer,19,17,Contract,$93k-$183k,5,22-08-2024,12-04-2025
282,2,6,74781,Chemical Engineer,24,41,Contract,$90k-$138k,5,24-11-2024,25-06-2025
283,4,8,72608,Geotechnical Engineer,13,73,Contract,$91k-$172k,6,31-12-2023,02-12-2024
284,3,5,36050,Environmental Engineer,66,67,Contract,$55k-$168k,7,02-04-2024,19-01-2025
285,5,10,71390,IT Auditor,19,7,Full-Time,$68k-$191k,7,18-10-2024,01-02-2025
286,5,4,81221,Embedded Systems Engineer,79,119,Full-Time,$61k-$125k,5,25-06-2024,29-05-2025
287,1,4,31941,Cybersecurity Analyst,72,37,Part-Time,$108k-$172k,2,07-10-2024,07-11-2025
288,5,10,77783,Civil Engineer,94,7,Contract,$111k-$128k,3,14-09-2024,11-12-2024
289,2,10,585,Game Developer,62,41,Part-Time,$59k-$136k,1,27-01-2024,04-07-2025
290,2,7,16573,Data Scientist,95,41,Full-Time,$79k-$163k,4,06-05-2024,08-02-2025
291,3,8,16076,Embedded Systems Engineer,35,119,Contract,$108k-$123k,3,01-01-2024,25-12-2024
292,3,10,3885,Power Systems Engineer,32,121,Contract,$105k-$123k,5,06-02-2024,24-08-2025
293,2,5,25802,Back-End Developer,53,41,Full-Time,$69k-$168k,9,24-06-2024,17-01-2025
294,3,4,41752,Blockchain Developer,13,75,Full-Time,$67k-$121k,5,15-02-2024,11-06-2025
295,5,6,46228,Automotive Engineer,77,7,Contract,$96k-$195k,6,13-09-2024,09-03-2025
296,3,7,12901,IT Auditor,45,67,Part-Time,$86k-$162k,2,27-07-2024,22-02-2025
297,1,8,15413,Nuclear Engineer,32,17,Part-Time,$118k-$174k,7,03-06-2024,06-11-2025
298,5,1,44415,Site Reliability Engineer (SRE),81,63,Part-Time,$52k-$155k,2,07-03-2024,21-07-2025
299,1,10,2396,Aerospace Engineer,8,17,Contract,$73k-$140k,2,20-11-2024,24-02-2025
300,3,9,49959,Front-End Developer,27,67,Part-Time,$93k-$131k,10,22-04-2024,01-08-2025
301,3,4,77046,Petrochemical Engineer,27,97,Contract,$108k-$161k,2,05-09-2024,15-07-2025
302,4,2,80718,UI/UX Designer,59,77,Part-Time,$107k-$166k,3,29-08-2024,28-12-2024
303,1,4,34824,Game Developer,60,17,Part-Time,$52k-$191k,5,02-07-2024,25-07-2025
304,3,6,78499,Cybersecurity Analyst,43,37,Part-Time,$107k-$168k,9,20-08-2024,31-10-2025
305,1,9,86070,Nuclear Engineer,85,17,Contract,$109k-$131k,6,23-01-2024,04-01-2025
306,1,4,68830,Chemical Engineer,46,17,Part-Time,$69k-$145k,2,14-09-2024,12-04-2025
307,4,3,88309,Urban Planner,11,56,Full-Time,$53k-$152k,6,17-12-2023,17-01-2025
308,5,2,32575,Network Engineer,7,7,Contract,$99k-$124k,9,18-08-2024,23-12-2024
309,4,2,87645,Web Developer,77,56,Part-Time,$52k-$129k,3,16-10-2024,08-03-2025
310,3,6,58653,IT Project Manager,79,67,Part-Time,$73k-$186k,5,01-03-2024,28-04-2025
311,1,4,50420,Machine Learning Engineer,100,23,Part-Time,$92k-$141k,3,13-06-2024,26-09-2025
312,5,9,55835,Aerospace Engineer,34,7,Full-Time,$75k-$141k,10,11-07-2024,09-03-2025
313,5,8,79317,Geotechnical Engineer,46,7,Full-Time,$109k-$130k,10,21-08-2024,10-08-2025
314,2,8,98751,Machine Learning Engineer,34,23,Full-Time,$83k-$145k,8,30-04-2024,22-05-2025
315,2,6,94475,Urban Planner,48,41,Contract,$82k-$198k,9,01-11-2024,29-06-2025
316,2,9,86532,Transportation Engineer,34,41,Contract,$120k-$124k,8,29-02-2024,16-09-2025
317,4,10,42638,IT Project Manager,8,56,Full-Time,$56k-$182k,3,16-01-2024,12-03-2025
318,1,3,61264,Machine Learning Engineer,90,23,Contract,$68k-$159k,8,26-03-2024,13-04-2025
319,5,8,54377,Transportation Engineer,8,7,Part-Time,$113k-$130k,6,05-05-2024,01-02-2025
320,2,6,7349,Robotics Engineer,42,90,Part-Time,$54k-$160k,2,01-03-2024,24-12-2024
321,2,10,11841,Materials Scientist,6,41,Part-Time,$90k-$180k,10,29-10-2024,16-09-2025
322,1,9,67599,DevOps Engineer,37,61,Part-Time,$105k-$178k,7,30-01-2024,10-04-2025
323,5,5,24094,Urban Planner,36,7,Full-Time,$88k-$200k,1,14-08-2024,13-03-2025
324,2,3,51596,Network Engineer,95,41,Contract,$62k-$144k,8,23-10-2024,13-01-2025
325,4,5,52745,Software Engineer,96,56,Part-Time,$112k-$182k,9,28-12-2023,28-09-2025
326,2,1,9433,Electrical Engineer,56,41,Full-Time,$86k-$190k,5,07-04-2024,12-07-2025
327,2,2,31737,Systems Administrator,7,41,Full-Time,$110k-$130k,8,17-03-2024,20-01-2025
328,3,7,54635,VR/AR Developer,97,67,Full-Time,$112k-$138k,3,18-10-2024,30-06-2025
329,5,6,90107,Machine Learning Engineer,26,23,Full-Time,$80k-$153k,3,11-09-2024,19-08-2025
330,4,10,82981,Digital Forensics Analyst,57,46,Contract,$93k-$170k,7,27-01-2024,28-12-2024
331,4,2,8318,Optical Engineer,39,56,Part-Time,$54k-$197k,4,08-07-2024,03-07-2025
332,4,9,13880,Aerospace Engineer,11,56,Full-Time,$55k-$143k,3,13-10-2024,24-10-2025
333,2,1,97049,Full-Stack Developer,28,19,Contract,$62k-$143k,1,25-12-2023,29-11-2025
334,2,5,70121,Transportation Engineer,1,41,Full-Time,$58k-$187k,4,15-01-2024,07-08-2025
335,5,10,98744,Blockchain Developer,89,75,Full-Time,$101k-$194k,3,27-03-2024,27-01-2025
336,4,1,85143,Robotics Engineer,85,90,Part-Time,$75k-$171k,7,27-07-2024,28-08-2025
337,3,3,53536,Biomedical Engineer,77,67,Part-Time,$113k-$186k,1,19-04-2024,18-08-2025
338,1,1,25992,Front-End Developer,71,17,Part-Time,$54k-$160k,5,14-01-2024,29-11-2025
339,5,8,55256,Optical Engineer,37,7,Contract,$73k-$149k,9,28-11-2024,28-04-2025
340,5,10,66786,Flight Systems Engineer,26,7,Full-Time,$111k-$149k,2,18-03-2024,24-02-2025
341,3,5,19821,Systems Administrator,75,84,Contract,$86k-$135k,6,28-09-2024,21-08-2025
342,5,10,6162,Electrical Engineer,7,7,Full-Time,$105k-$157k,1,21-12-2023,21-06-2025
343,2,10,34130,Embedded Systems Engineer,52,119,Part-Time,$55k-$185k,2,22-06-2024,02-10-2025
344,3,10,12300,Blockchain Developer,92,75,Part-Time,$88k-$132k,9,08-08-2024,04-10-2025
345,5,7,6884,Machine Learning Engineer,41,23,Contract,$101k-$183k,9,13-03-2024,21-10-2025
346,5,5,96068,Geotechnical Engineer,71,7,Full-Time,$112k-$144k,1,05-10-2024,13-02-2025
347,3,3,46105,Process Engineer,100,84,Contract,$111k-$195k,9,04-02-2024,24-12-2024
348,5,6,77526,Civil Engineer,29,69,Part-Time,$100k-$179k,1,12-04-2024,13-03-2025
349,2,2,93682,Blockchain Developer,24,75,Full-Time,$102k-$131k,2,19-03-2024,15-08-2025
350,5,6,40376,Robotics Engineer,20,90,Full-Time,$111k-$162k,9,03-05-2024,28-07-2025
351,1,10,31866,Web Developer,98,17,Part-Time,$80k-$163k,6,30-08-2024,23-01-2025
352,1,3,39080,Mobile App Developer,26,17,Full-Time,$62k-$193k,6,03-03-2024,25-10-2025
353,5,2,69776,Nuclear Engineer,74,69,Full-Time,$76k-$169k,4,24-12-2023,16-11-2025
354,1,10,24818,Mobile App Developer,36,17,Full-Time,$93k-$194k,10,24-08-2024,10-12-2024
355,1,1,96475,Geotechnical Engineer,77,17,Part-Time,$50k-$137k,6,22-03-2024,14-05-2025
356,2,1,43210,Industrial Engineer,7,41,Full-Time,$55k-$139k,1,17-01-2024,06-12-2024
357,4,8,41134,Database Administrator,29,56,Part-Time,$105k-$183k,7,12-10-2024,04-12-2024
358,2,2,61078,Geotechnical Engineer,66,41,Contract,$76k-$191k,9,16-04-2024,10-07-2025
359,3,7,70941,Artificial Intelligence Specialist,92,84,Part-Time,$107k-$156k,5,26-12-2023,03-07-2025
360,5,7,93993,Artificial Intelligence Specialist,41,69,Part-Time,$91k-$183k,7,25-03-2024,05-02-2025
361,3,5,13375,Automotive Engineer,3,84,Part-Time,$82k-$200k,8,12-07-2024,08-08-2025
362,1,6,87515,Systems Administrator,18,17,Contract,$108k-$123k,9,10-03-2024,02-04-2025
363,4,6,33571,Software Engineer,48,56,Full-Time,$60k-$121k,3,30-08-2024,29-07-2025
364,5,10,24197,IT Support Specialist,96,57,Contract,$102k-$144k,8,12-05-2024,10-07-2025
365,5,3,70274,Machine Learning Engineer,69,23,Part-Time,$119k-$132k,8,25-05-2024,10-02-2025
366,5,7,13437,Software Engineer,54,69,Part-Time,$81k-$169k,8,30-12-2023,01-11-2025
367,3,4,56274,Environmental Engineer,41,84,Contract,$64k-$182k,5,21-01-2024,09-06-2025
368,1,5,94917,Optical Engineer,34,17,Part-Time,$50k-$167k,9,13-01-2024,28-10-2025
369,4,6,52589,Electrical Engineer,90,56,Part-Time,$83k-$149k,8,30-04-2024,06-12-2024
370,1,5,63273,Robotics Engineer,54,90,Part-Time,$101k-$182k,7,24-09-2024,18-11-2025
371,1,4,20019,Materials Scientist,43,17,Full-Time,$82k-$165k,4,21-02-2024,29-06-2025
372,1,1,31881,Electrical Engineer,61,17,Contract,$107k-$143k,10,31-01-2024,03-06-2025
373,3,2,76206,Web Developer,96,84,Full-Time,$59k-$129k,6,05-11-2024,13-07-2025
374,2,10,44267,HVAC Engineer,9,41,Full-Time,$112k-$136k,5,13-02-2024,30-08-2025
375,1,3,79225,Nuclear Engineer,97,17,Contract,$75k-$197k,3,26-11-2024,16-02-2025
376,5,8,53687,Blockchain Developer,46,75,Contract,$97k-$142k,5,26-11-2024,26-04-2025
377,5,1,30236,Petrochemical Engineer,79,97,Full-Time,$79k-$132k,8,11-09-2024,28-01-2025
378,5,9,25593,Data Scientist,21,69,Contract,$117k-$178k,4,10-01-2024,25-12-2024
379,4,10,79964,Machine Learning Engineer,31,23,Part-Time,$77k-$170k,10,16-12-2023,11-09-2025
380,1,10,93532,IT Auditor,44,17,Part-Time,$89k-$132k,10,22-05-2024,13-10-2025
381,3,7,99738,IT Project Manager,95,84,Part-Time,$114k-$138k,2,08-09-2024,08-10-2025
382,4,9,50434,Systems Administrator,85,56,Part-Time,$98k-$129k,1,18-01-2024,16-05-2025
383,3,7,53924,Product Manager (Tech),11,84,Contract,$81k-$122k,4,12-03-2024,27-12-2024
384,2,3,66500,Urban Planner,65,41,Full-Time,$101k-$153k,9,02-01-2024,07-10-2025
385,3,7,49732,Materials Scientist,7,84,Full-Time,$66k-$146k,5,26-02-2024,12-01-2025
386,5,10,29649,Civil Engineer,64,69,Contract,$65k-$185k,9,02-08-2024,15-02-2025
387,3,9,93199,Mechanical Engineer,58,84,Part-Time,$90k-$177k,3,26-10-2024,28-03-2025
388,5,5,3998,Urban Planner,9,69,Part-Time,$55k-$180k,9,18-12-2023,04-01-2025
389,3,3,31870,IT Project Manager,99,84,Full-Time,$118k-$173k,8,25-12-2023,26-09-2025
390,4,10,43839,Data Scientist,60,56,Part-Time,$50k-$123k,2,14-07-2024,19-03-2025
391,2,9,53561,DevOps Engineer,32,61,Part-Time,$118k-$165k,3,26-09-2024,25-12-2024
392,5,1,17720,Back-End Developer,71,69,Contract,$92k-$154k,8,09-03-2024,01-10-2025
393,2,10,50434,Marine Engineer,54,41,Full-Time,$102k-$160k,4,21-06-2024,10-03-2025
394,3,2,50532,Full-Stack Developer,5,19,Contract,$76k-$128k,4,05-05-2024,20-05-2025
395,4,9,26438,Machine Learning Engineer,61,23,Part-Time,$56k-$125k,3,03-02-2024,22-05-2025
396,5,10,52792,Back-End Developer,46,69,Part-Time,$76k-$188k,6,30-12-2023,18-05-2025
397,1,5,60452,Full-Stack Developer,53,19,Contract,$93k-$188k,6,29-06-2024,11-05-2025
398,3,10,71916,Civil Engineer,15,84,Part-Time,$86k-$185k,5,17-07-2024,31-07-2025
399,4,9,40477,Geotechnical Engineer,97,56,Contract,$76k-$145k,7,25-03-2024,02-04-2025
400,5,9,43343,Machine Learning Engineer,98,23,Contract,$82k-$121k,10,10-03-2024,23-09-2025
401,4,9,26302,UI/UX Designer,46,77,Part-Time,$107k-$172k,6,18-11-2024,27-11-2025
402,5,3,857,Systems Administrator,63,69,Contract,$77k-$156k,5,01-01-2024,23-06-2025
403,5,5,68186,Electronics Engineer,39,69,Contract,$51k-$177k,2,02-01-2024,13-02-2025
404,2,9,93494,Data Analyst,27,41,Contract,$104k-$164k,5,16-06-2024,15-01-2025
405,1,9,87622,IT Auditor,7,17,Full-Time,$101k-$129k,10,19-11-2024,14-06-2025
406,5,5,58771,Robotics Engineer,26,90,Part-Time,$70k-$188k,8,16-08-2024,23-06-2025
407,1,1,20985,Cloud Engineer,83,17,Part-Time,$51k-$165k,1,05-04-2024,23-08-2025
408,5,1,15132,IT Support Specialist,64,57,Contract,$56k-$148k,10,29-01-2024,13-02-2025
409,2,6,53694,Biomedical Engineer,33,41,Contract,$80k-$151k,9,19-08-2024,21-10-2025
410,4,5,55674,Urban Planner,7,56,Part-Time,$112k-$153k,7,03-02-2024,08-06-2025
411,4,4,87038,Database Administrator,45,56,Full-Time,$66k-$167k,1,14-08-2024,27-06-2025
412,5,6,67323,Data Scientist,13,69,Part-Time,$77k-$163k,9,07-06-2024,07-09-2025
413,4,4,94181,Civil Engineer,96,56,Full-Time,$97k-$187k,9,24-09-2024,26-03-2025
414,3,2,40450,Geotechnical Engineer,27,84,Contract,$115k-$181k,4,27-07-2024,19-11-2025
415,4,10,82778,IT Auditor,26,56,Full-Time,$108k-$143k,6,17-11-2024,23-04-2025
416,1,10,69623,Cybersecurity Analyst,34,37,Full-Time,$95k-$192k,1,20-08-2024,09-10-2025
417,5,7,34100,Electrical Engineer,47,69,Part-Time,$119k-$180k,4,29-06-2024,25-01-2025
418,4,3,91863,Information Security Manager,23,48,Full-Time,$120k-$193k,3,22-11-2024,13-07-2025
419,2,9,57122,Front-End Developer,65,41,Contract,$61k-$129k,7,11-07-2024,15-01-2025
420,3,8,83991,Civil Engineer,66,84,Part-Time,$65k-$141k,3,06-11-2024,25-06-2025
421,2,5,51310,Transportation Engineer,12,41,Contract,$70k-$184k,6,22-04-2024,29-10-2025
422,1,10,18856,Product Manager (Tech),24,17,Full-Time,$65k-$130k,7,06-05-2024,10-12-2024
423,5,1,33145,Back-End Developer,49,69,Contract,$115k-$188k,3,13-10-2024,12-04-2025
424,5,1,84218,Electrical Engineer,82,69,Full-Time,$72k-$122k,6,18-12-2023,09-08-2025
425,5,3,97219,Transportation Engineer,55,69,Part-Time,$119k-$121k,4,09-06-2024,04-10-2025
426,5,9,68051,Network Engineer,6,69,Contract,$98k-$126k,3,26-09-2024,10-03-2025
427,2,10,36895,IT Project Manager,99,41,Full-Time,$119k-$131k,3,15-02-2024,11-01-2025
428,2,9,43834,Aerospace Engineer,13,41,Full-Time,$111k-$149k,1,09-12-2023,14-10-2025
429,5,2,57463,UI/UX Designer,51,77,Part-Time,$81k-$149k,5,10-11-2024,14-02-2025
430,4,3,60882,Marine Engineer,2,56,Full-Time,$103k-$175k,1,01-03-2024,06-12-2024
431,5,8,6176,Transportation Engineer,38,69,Contract,$67k-$123k,3,16-01-2024,28-12-2024
432,1,5,41890,DevOps Engineer,24,61,Full-Time,$115k-$150k,8,08-03-2024,04-07-2025
433,3,1,64183,Flight Systems Engineer,64,84,Contract,$90k-$136k,9,29-12-2023,26-09-2025
434,3,1,64981,Data Analyst,90,84,Full-Time,$76k-$189k,5,22-07-2024,05-10-2025
435,4,6,40621,Mechatronics Engineer,83,56,Part-Time,$90k-$154k,6,22-07-2024,12-06-2025
436,2,5,26928,DevOps Engineer,47,61,Contract,$100k-$138k,7,23-06-2024,11-06-2025
437,1,2,46369,IT Project Manager,26,17,Part-Time,$118k-$178k,8,14-08-2024,09-03-2025
438,1,3,39645,Machine Learning Engineer,29,23,Full-Time,$112k-$132k,8,05-04-2024,18-01-2025
439,2,9,82825,IT Auditor,31,41,Full-Time,$54k-$182k,1,05-01-2024,28-10-2025
440,1,2,43041,Aerospace Engineer,94,17,Part-Time,$78k-$126k,8,13-02-2024,03-06-2025
441,5,2,24616,VR/AR Developer,66,47,Full-Time,$70k-$142k,4,30-10-2024,05-10-2025
442,3,3,26964,Telecommunications Engineer,16,120,Part-Time,$73k-$134k,9,02-11-2024,15-12-2024
443,5,9,84265,Database Administrator,87,47,Full-Time,$81k-$178k,9,06-11-2024,27-04-2025
444,2,6,88811,Optical Engineer,47,41,Part-Time,$69k-$179k,10,15-09-2024,16-09-2025
445,5,6,64451,Software Engineer,42,47,Part-Time,$88k-$168k,7,24-05-2024,30-08-2025
446,3,8,13738,Aerospace Engineer,99,84,Part-Time,$86k-$178k,8,13-01-2024,15-10-2025
447,2,3,23859,Structural Engineer,9,41,Contract,$80k-$163k,7,23-09-2024,14-04-2025
448,4,4,40703,Mobile App Developer,100,56,Part-Time,$86k-$143k,10,07-02-2024,23-02-2025
449,5,9,85869,Civil Engineer,48,47,Contract,$62k-$160k,8,11-02-2024,20-09-2025
450,1,2,49980,Electrical Engineer,86,17,Full-Time,$105k-$147k,4,29-08-2024,09-06-2025
451,2,7,26572,Data Scientist,13,41,Part-Time,$61k-$141k,4,15-03-2024,12-08-2025
452,2,10,37571,Information Security Manager,81,48,Part-Time,$81k-$126k,6,31-08-2024,07-11-2025
453,2,3,94179,DevOps Engineer,97,61,Full-Time,$95k-$139k,7,28-05-2024,15-11-2025
454,1,5,53490,Aerospace Engineer,31,17,Full-Time,$101k-$155k,8,14-02-2024,07-12-2024
455,2,2,30886,HVAC Engineer,46,41,Part-Time,$61k-$163k,7,18-05-2024,29-12-2024
456,4,7,71443,Data Analyst,58,56,Contract,$73k-$135k,1,13-09-2024,19-05-2025
457,1,5,31726,Chemical Engineer,66,17,Contract,$98k-$187k,3,15-11-2024,09-11-2025
458,4,5,40649,Product Manager (Tech),3,56,Full-Time,$51k-$134k,5,17-08-2024,13-03-2025
459,2,5,80380,Mobile App Developer,17,41,Full-Time,$115k-$122k,9,16-09-2024,01-10-2025
460,2,1,92276,Mobile App Developer,14,41,Part-Time,$107k-$172k,10,15-07-2024,22-01-2025
461,2,8,65751,Web Developer,4,41,Contract,$113k-$182k,2,21-06-2024,23-04-2025
462,5,8,62327,Flight Systems Engineer,49,47,Full-Time,$77k-$159k,10,23-05-2024,22-03-2025
463,3,2,85474,Power Systems Engineer,81,121,Part-Time,$83k-$173k,2,28-07-2024,12-09-2025
464,1,10,79721,Software Engineer,39,17,Full-Time,$101k-$173k,9,06-05-2024,26-12-2024
465,2,4,39737,Chemical Engineer,65,41,Part-Time,$59k-$187k,8,25-08-2024,30-10-2025
466,2,3,47328,Back-End Developer,32,41,Part-Time,$93k-$145k,7,06-03-2024,13-12-2024
467,5,5,32522,HVAC Engineer,56,47,Part-Time,$93k-$163k,1,14-12-2023,30-10-2025
468,5,9,88647,Full-Stack Developer,6,19,Contract,$114k-$150k,7,18-07-2024,08-04-2025
469,4,9,17646,Mechatronics Engineer,10,56,Full-Time,$103k-$163k,3,19-09-2024,23-03-2025
470,2,4,788,Nuclear Engineer,39,41,Contract,$83k-$144k,3,11-10-2024,27-07-2025
471,5,5,46001,Electrical Engineer,37,47,Full-Time,$96k-$182k,6,20-03-2024,18-11-2025
472,4,1,59499,Materials Scientist,48,56,Contract,$79k-$153k,1,01-03-2024,17-08-2025
473,3,8,17816,Mechanical Engineer,21,84,Contract,$104k-$176k,1,09-02-2024,23-09-2025
474,5,7,31712,Civil Engineer,81,47,Part-Time,$57k-$132k,8,07-10-2024,23-10-2025
475,1,5,54037,Industrial Engineer,34,17,Full-Time,$81k-$122k,5,12-03-2024,10-03-2025
476,5,3,9483,Mechatronics Engineer,71,47,Contract,$63k-$154k,4,10-12-2023,26-05-2025
477,4,9,94400,Embedded Systems Engineer,21,119,Part-Time,$54k-$131k,7,04-12-2023,30-04-2025
478,2,4,14640,Transportation Engineer,17,41,Contract,$50k-$129k,7,18-07-2024,08-12-2024
479,4,1,22423,Full-Stack Developer,28,19,Full-Time,$102k-$128k,1,25-01-2024,19-10-2025
480,1,1,54732,Cloud Engineer,13,17,Part-Time,$105k-$125k,1,15-07-2024,17-12-2024
481,3,2,10573,Electronics Engineer,50,84,Full-Time,$104k-$154k,8,15-10-2024,03-11-2025
482,4,6,59254,IT Project Manager,72,56,Contract,$94k-$159k,5,18-04-2024,20-12-2024
483,3,9,21873,Biomedical Engineer,53,84,Part-Time,$116k-$179k,6,23-02-2024,03-09-2025
484,4,6,87819,Blockchain Developer,67,75,Part-Time,$101k-$189k,2,02-10-2024,29-01-2025
485,4,5,69818,Machine Learning Engineer,49,23,Part-Time,$118k-$188k,5,07-04-2024,13-06-2025
486,5,4,27107,IT Support Specialist,95,57,Contract,$114k-$169k,2,04-11-2024,29-07-2025
487,4,9,83157,Machine Learning Engineer,90,23,Full-Time,$108k-$153k,8,16-02-2024,16-11-2025
488,1,8,95890,Site Reliability Engineer (SRE),96,63,Full-Time,$83k-$181k,1,10-12-2023,11-06-2025
489,4,1,55266,Environmental Engineer,25,56,Part-Time,$96k-$134k,5,04-03-2024,26-06-2025
490,5,1,39814,IT Project Manager,33,47,Contract,$93k-$184k,3,28-05-2024,09-12-2024
491,2,1,61713,Geotechnical Engineer,41,41,Part-Time,$87k-$148k,3,13-04-2024,04-02-2025
492,2,2,85120,Marine Engineer,69,41,Full-Time,$102k-$125k,5,04-07-2024,06-01-2025
493,1,9,89651,Chemical Engineer,72,17,Full-Time,$108k-$196k,5,04-02-2024,02-08-2025
494,1,8,50244,Materials Scientist,23,17,Part-Time,$71k-$128k,1,13-04-2024,10-11-2025
495,5,9,17814,Telecommunications Engineer,31,120,Part-Time,$94k-$164k,7,03-06-2024,22-06-2025
496,3,2,93038,Electronics Engineer,43,84,Part-Time,$85k-$160k,1,08-08-2024,16-05-2025
497,2,10,21157,Electronics Engineer,77,41,Contract,$65k-$179k,2,04-08-2024,05-01-2025
498,3,9,68598,Site Reliability Engineer (SRE),66,63,Part-Time,$72k-$145k,6,03-09-2024,19-04-2025
499,4,10,61638,Artificial Intelligence Specialist,58,56,Part-Time,$95k-$180k,7,17-10-2024,23-06-2025
500,3,9,1741,Geotechnical Engineer,91,84,Full-Time,$114k-$160k,4,04-12-2023,11-10-2025
501,3,4,57503,Information Security Manager,39,48,Full-Time,$115k-$161k,1,27-05-2024,05-10-2025
502,5,9,71579,Database Administrator,7,47,Contract,$57k-$145k,7,22-04-2024,12-09-2025
503,4,6,74072,Electrical Engineer,41,56,Full-Time,$112k-$129k,2,27-05-2024,16-03-2025
504,1,10,87769,Cybersecurity Analyst,23,37,Part-Time,$66k-$180k,4,13-03-2024,25-04-2025
505,1,1,10443,Biomedical Engineer,90,17,Full-Time,$53k-$181k,5,17-08-2024,01-09-2025
506,5,6,22948,Civil Engineer,13,47,Contract,$74k-$138k,10,30-08-2024,01-06-2025
507,3,5,92131,Front-End Developer,46,84,Part-Time,$104k-$181k,10,10-06-2024,18-03-2025
508,1,7,82549,Blockchain Developer,80,75,Full-Time,$84k-$177k,9,20-10-2024,25-03-2025
509,4,5,84626,Optical Engineer,62,56,Full-Time,$97k-$127k,9,07-08-2024,08-06-2025
510,3,9,96473,Petrochemical Engineer,94,97,Contract,$61k-$170k,1,03-02-2024,16-10-2025
511,5,10,5434,Software Engineer,23,47,Part-Time,$64k-$182k,2,15-11-2024,04-04-2025
512,4,5,47806,Digital Forensics Analyst,19,46,Contract,$118k-$195k,9,07-04-2024,22-09-2025
513,5,4,31187,Industrial Engineer,61,47,Full-Time,$56k-$145k,6,22-04-2024,11-03-2025
514,2,4,59944,IT Support Specialist,18,57,Part-Time,$71k-$171k,10,08-02-2024,21-11-2025
515,3,5,45243,Digital Forensics Analyst,2,46,Full-Time,$74k-$142k,2,27-05-2024,26-05-2025
516,2,4,65164,Electrical Engineer,89,41,Full-Time,$75k-$177k,7,03-10-2024,05-12-2024
517,1,4,40918,Embedded Systems Engineer,95,119,Contract,$99k-$179k,4,25-10-2024,20-12-2024
518,5,3,29533,Site Reliability Engineer (SRE),57,63,Part-Time,$115k-$182k,1,13-09-2024,28-01-2025
519,5,9,8541,IT Support Specialist,29,57,Contract,$110k-$157k,10,12-04-2024,27-09-2025
520,2,8,67648,Cloud Engineer,44,41,Part-Time,$86k-$180k,3,27-06-2024,27-12-2024
521,2,6,42072,IT Auditor,51,41,Full-Time,$108k-$130k,6,05-01-2024,07-12-2024
522,5,5,14365,Automotive Engineer,100,47,Full-Time,$69k-$121k,3,21-06-2024,17-03-2025
523,3,3,91932,Web Developer,74,84,Full-Time,$63k-$141k,9,04-03-2024,24-06-2025
524,3,1,98725,Optical Engineer,21,84,Part-Time,$71k-$162k,7,21-04-2024,16-02-2025
525,1,4,3841,Process Engineer,55,17,Full-Time,$71k-$154k,5,24-08-2024,16-05-2025
526,3,2,20140,Transportation Engineer,67,84,Full-Time,$58k-$147k,4,03-08-2024,27-05-2025
527,1,5,71320,Cybersecurity Analyst,40,37,Contract,$118k-$153k,2,07-06-2024,19-12-2024
528,4,6,32618,VR/AR Developer,50,56,Contract,$51k-$173k,3,25-11-2024,08-11-2025
529,5,2,67016,Chemical Engineer,73,47,Contract,$50k-$184k,7,09-05-2024,23-09-2025
530,3,10,23804,Data Scientist,92,84,Contract,$50k-$126k,4,22-08-2024,01-01-2025
531,1,6,67184,IT Support Specialist,80,57,Full-Time,$55k-$195k,4,29-08-2024,10-06-2025
532,2,7,83929,Mechatronics Engineer,13,41,Contract,$64k-$128k,6,09-07-2024,09-06-2025
533,4,10,68853,Product Manager (Tech),57,56,Full-Time,$79k-$184k,10,30-12-2023,15-04-2025
534,1,4,62093,Civil Engineer,40,17,Full-Time,$63k-$143k,6,03-01-2024,03-08-2025
535,3,6,43400,Cloud Engineer,3,84,Contract,$69k-$153k,9,17-01-2024,29-09-2025
536,5,8,71934,VR/AR Developer,79,47,Full-Time,$58k-$171k,9,16-12-2023,27-09-2025
537,1,10,17539,HVAC Engineer,96,17,Contract,$66k-$129k,3,17-11-2024,15-04-2025
538,3,9,16097,VR/AR Developer,53,84,Contract,$119k-$187k,5,16-04-2024,23-11-2025
539,3,7,70420,Data Analyst,14,84,Part-Time,$85k-$182k,3,12-04-2024,14-10-2025
540,1,2,47822,Process Engineer,39,17,Contract,$58k-$141k,5,14-12-2023,16-03-2025
541,1,7,86484,Embedded Systems Engineer,71,119,Part-Time,$87k-$121k,10,08-02-2024,27-11-2025
542,5,7,60554,Site Reliability Engineer (SRE),72,63,Part-Time,$116k-$197k,2,27-11-2024,23-07-2025
543,4,10,53034,Urban Planner,40,56,Part-Time,$56k-$155k,2,29-06-2024,03-09-2025
544,3,7,35531,Flight Systems Engineer,62,84,Full-Time,$54k-$168k,8,29-04-2024,10-10-2025
545,1,10,2032,Process Engineer,13,17,Full-Time,$113k-$181k,6,06-10-2024,02-10-2025
546,5,4,8609,Site Reliability Engineer (SRE),75,63,Part-Time,$111k-$175k,7,26-03-2024,15-02-2025
547,1,10,13775,Structural Engineer,59,17,Contract,$91k-$197k,6,11-01-2024,20-09-2025
548,3,8,99178,Transportation Engineer,23,84,Part-Time,$54k-$159k,1,04-01-2024,05-07-2025
549,3,8,63764,Cybersecurity Analyst,100,37,Part-Time,$119k-$136k,2,11-10-2024,07-03-2025
550,5,2,43737,Game Developer,10,47,Part-Time,$90k-$175k,5,11-04-2024,02-04-2025
551,4,5,15622,Materials Scientist,79,56,Part-Time,$55k-$197k,3,19-05-2024,24-06-2025
552,5,1,12661,HVAC Engineer,8,47,Part-Time,$55k-$158k,4,20-05-2024,19-09-2025
553,2,3,29635,Full-Stack Developer,14,19,Contract,$115k-$129k,3,25-03-2024,04-10-2025
554,5,7,49476,Chemical Engineer,88,47,Full-Time,$106k-$200k,1,23-07-2024,06-10-2025
555,3,5,71556,Flight Systems Engineer,45,84,Full-Time,$113k-$127k,10,14-11-2024,07-02-2025
556,3,10,16258,Power Systems Engineer,55,121,Full-Time,$108k-$122k,9,12-11-2024,19-07-2025
557,4,8,45932,Materials Scientist,63,56,Full-Time,$73k-$148k,10,07-02-2024,04-01-2025
558,5,7,71903,Systems Administrator,7,47,Contract,$64k-$132k,8,08-02-2024,01-09-2025
559,3,7,82326,Product Manager (Tech),29,84,Contract,$65k-$191k,9,12-01-2024,13-10-2025
560,1,7,72097,Aerospace Engineer,68,17,Part-Time,$107k-$186k,1,31-08-2024,28-04-2025
561,2,10,40915,Mobile App Developer,22,41,Part-Time,$81k-$145k,10,20-02-2024,22-05-2025
562,1,2,29485,Product Manager (Tech),83,17,Full-Time,$84k-$200k,4,26-04-2024,12-03-2025
563,2,2,61463,Full-Stack Developer,15,19,Contract,$82k-$138k,6,19-01-2024,05-10-2025
564,3,7,5027,Process Engineer,45,84,Full-Time,$73k-$161k,1,10-10-2024,20-01-2025
565,1,10,84046,Information Security Manager,29,48,Part-Time,$71k-$195k,5,17-01-2024,25-01-2025
566,1,2,16119,Electrical Engineer,77,17,Part-Time,$63k-$185k,9,25-06-2024,12-02-2025
567,3,7,87681,Mobile App Developer,52,84,Part-Time,$80k-$177k,2,30-03-2024,25-07-2025
568,5,8,90240,Petrochemical Engineer,29,97,Contract,$114k-$168k,5,06-03-2024,03-01-2025
569,3,6,4190,Environmental Engineer,19,84,Full-Time,$67k-$186k,8,27-05-2024,06-08-2025
570,5,10,9239,Web Developer,82,47,Contract,$96k-$182k,7,21-08-2024,24-11-2025
571,4,2,59963,Aerospace Engineer,73,56,Part-Time,$81k-$179k,8,28-07-2024,20-03-2025
572,2,5,42734,Cybersecurity Analyst,37,37,Contract,$92k-$128k,4,17-05-2024,10-07-2025
573,2,6,65930,Data Scientist,73,41,Part-Time,$67k-$148k,7,14-06-2024,20-01-2025
574,4,9,59120,Data Scientist,10,56,Contract,$54k-$190k,9,16-03-2024,20-06-2025
575,3,3,30152,Flight Systems Engineer,53,84,Contract,$71k-$156k,9,10-10-2024,12-07-2025
576,3,5,70969,Urban Planner,8,84,Full-Time,$120k-$178k,10,17-08-2024,26-10-2025
577,3,10,78326,Civil Engineer,10,84,Full-Time,$68k-$200k,8,04-12-2023,31-08-2025
578,1,3,54769,Structural Engineer,10,17,Part-Time,$65k-$161k,10,04-09-2024,14-12-2024
579,5,8,11170,IT Auditor,2,47,Contract,$88k-$179k,7,25-09-2024,14-03-2025
580,5,6,3703,IT Project Manager,98,47,Contract,$74k-$199k,4,14-02-2024,23-10-2025
581,2,10,52454,Telecommunications Engineer,63,120,Part-Time,$66k-$145k,9,07-11-2024,06-10-2025
582,1,2,97273,Cybersecurity Analyst,29,37,Part-Time,$69k-$129k,8,09-06-2024,14-09-2025
583,5,4,91754,Artificial Intelligence Specialist,39,47,Part-Time,$87k-$150k,6,06-09-2024,25-01-2025
584,4,1,63730,Blockchain Developer,7,75,Part-Time,$109k-$156k,6,22-05-2024,14-12-2024
585,4,9,43964,Environmental Engineer,67,56,Part-Time,$55k-$166k,6,08-03-2024,22-09-2025
586,5,7,27162,Telecommunications Engineer,94,120,Part-Time,$116k-$123k,2,09-05-2024,01-11-2025
587,3,2,26967,Flight Systems Engineer,17,84,Full-Time,$69k-$146k,5,16-05-2024,23-07-2025
588,1,1,78939,Product Manager (Tech),6,17,Full-Time,$115k-$134k,3,20-12-2023,27-08-2025
589,1,7,49080,IT Project Manager,64,17,Contract,$120k-$187k,10,26-12-2023,08-12-2024
590,2,2,9323,Telecommunications Engineer,18,120,Full-Time,$107k-$147k,2,24-12-2023,14-06-2025
591,4,10,25795,Industrial Engineer,46,56,Part-Time,$111k-$189k,7,21-07-2024,27-07-2025
592,5,2,4747,Systems Administrator,35,47,Part-Time,$87k-$197k,7,14-07-2024,26-03-2025
593,4,6,69181,Telecommunications Engineer,6,120,Full-Time,$116k-$146k,1,07-05-2024,22-12-2024
594,3,1,38515,Telecommunications Engineer,20,120,Contract,$54k-$194k,10,15-09-2024,11-05-2025
595,1,1,19492,Artificial Intelligence Specialist,20,17,Part-Time,$107k-$138k,8,22-10-2024,04-07-2025
596,4,5,59914,Transportation Engineer,16,97,Full-Time,$118k-$175k,3,07-06-2024,01-11-2025
597,5,9,57125,Industrial Engineer,19,47,Part-Time,$73k-$182k,9,28-06-2024,24-03-2025
598,2,9,97085,Biomedical Engineer,13,41,Part-Time,$105k-$125k,8,08-04-2024,21-04-2025
599,3,4,73108,Materials Scientist,17,84,Full-Time,$93k-$156k,4,08-09-2024,26-03-2025
600,4,8,60333,Mechatronics Engineer,30,97,Part-Time,$96k-$159k,2,10-04-2024,01-05-2025
601,5,7,71754,Geotechnical Engineer,68,47,Contract,$118k-$122k,5,20-03-2024,06-12-2024
602,5,9,19984,Information Security Manager,44,48,Part-Time,$101k-$122k,8,08-05-2024,30-03-2025
603,2,2,86463,Blockchain Developer,44,75,Full-Time,$94k-$151k,5,28-01-2024,15-03-2025
604,4,4,42770,Urban Planner,96,97,Contract,$120k-$123k,4,24-12-2023,26-03-2025
605,1,6,60325,Geotechnical Engineer,33,17,Part-Time,$100k-$164k,10,11-03-2024,14-02-2025
606,2,4,80637,Data Analyst,84,41,Contract,$94k-$157k,1,27-10-2024,14-07-2025
607,1,7,43137,Digital Forensics Analyst,93,46,Contract,$50k-$141k,1,06-03-2024,09-05-2025
608,4,6,91041,Network Engineer,96,97,Full-Time,$85k-$172k,1,02-12-2023,18-01-2025
609,1,6,95851,Game Developer,26,17,Part-Time,$112k-$123k,2,13-08-2024,13-08-2025
610,3,2,77693,Information Security Manager,41,48,Part-Time,$106k-$152k,2,17-08-2024,20-06-2025
611,1,5,26509,Flight Systems Engineer,76,17,Full-Time,$56k-$163k,8,14-09-2024,10-01-2025
612,1,4,44347,Marine Engineer,23,17,Part-Time,$55k-$145k,5,10-02-2024,28-12-2024
613,5,7,59066,Mechatronics Engineer,76,47,Full-Time,$78k-$144k,9,28-12-2023,28-08-2025
614,5,5,15903,Nuclear Engineer,43,47,Full-Time,$65k-$182k,6,26-04-2024,23-07-2025
615,1,6,77507,Robotics Engineer,64,90,Part-Time,$81k-$151k,4,16-06-2024,31-01-2025
616,2,8,56629,Urban Planner,69,41,Full-Time,$93k-$154k,1,04-12-2023,26-03-2025
617,3,9,96354,Materials Scientist,75,84,Part-Time,$64k-$126k,5,15-07-2024,07-03-2025
618,4,6,8054,Machine Learning Engineer,100,23,Part-Time,$61k-$189k,6,14-06-2024,19-11-2025
619,3,9,94414,Site Reliability Engineer (SRE),99,63,Contract,$114k-$177k,3,04-01-2024,25-01-2025
620,1,6,37303,Game Developer,57,17,Full-Time,$86k-$197k,6,30-01-2024,16-07-2025
621,3,2,7762,Marine Engineer,62,84,Part-Time,$101k-$158k,1,22-04-2024,21-12-2024
622,2,9,76186,Mobile App Developer,9,41,Part-Time,$53k-$126k,6,22-07-2024,23-05-2025
623,4,1,69933,Industrial Engineer,47,97,Part-Time,$72k-$153k,6,13-01-2024,03-05-2025
624,3,3,37594,Aerospace Engineer,73,84,Contract,$62k-$134k,4,05-11-2024,26-04-2025
625,2,10,40747,Automotive Engineer,78,41,Contract,$89k-$161k,5,06-01-2024,15-12-2024
626,4,9,44317,Cybersecurity Analyst,97,37,Full-Time,$120k-$153k,6,15-11-2024,30-06-2025
627,4,1,16999,Site Reliability Engineer (SRE),63,63,Part-Time,$73k-$153k,10,11-06-2024,09-08-2025
628,3,9,49549,Biomedical Engineer,27,84,Contract,$51k-$124k,5,05-10-2024,18-10-2025
629,1,8,78733,Game Developer,19,17,Part-Time,$61k-$198k,3,01-03-2024,17-10-2025
630,4,6,95883,Front-End Developer,36,97,Full-Time,$81k-$157k,9,23-04-2024,06-11-2025
631,4,9,64973,Structural Engineer,33,97,Contract,$119k-$154k,2,15-02-2024,23-12-2024
632,1,8,41369,Marine Engineer,74,17,Contract,$111k-$122k,1,19-04-2024,27-05-2025
633,2,5,10854,Machine Learning Engineer,1,23,Part-Time,$116k-$164k,9,16-01-2024,30-10-2025
634,3,10,43379,IT Auditor,90,84,Contract,$92k-$156k,4,17-05-2024,31-07-2025
635,4,10,73196,Machine Learning Engineer,15,23,Part-Time,$73k-$126k,6,12-07-2024,29-05-2025
636,2,10,17455,Electrical Engineer,40,41,Contract,$87k-$187k,2,24-02-2024,25-05-2025
637,1,1,26766,Mechanical Engineer,93,17,Contract,$54k-$194k,6,20-05-2024,25-01-2025
638,3,1,55332,UI/UX Designer,33,77,Contract,$51k-$137k,5,02-01-2024,23-07-2025
639,1,1,70212,Marine Engineer,97,17,Part-Time,$104k-$192k,10,17-04-2024,11-12-2024
640,3,6,59077,Power Systems Engineer,21,121,Part-Time,$55k-$183k,9,23-04-2024,18-08-2025
641,5,9,907,Telecommunications Engineer,90,120,Part-Time,$51k-$127k,6,03-04-2024,23-03-2025
642,2,6,90480,Geotechnical Engineer,81,41,Full-Time,$92k-$144k,7,10-05-2024,24-02-2025
643,3,10,64200,Cybersecurity Analyst,81,37,Full-Time,$88k-$160k,7,24-08-2024,08-08-2025
644,5,9,2074,Site Reliability Engineer (SRE),90,63,Full-Time,$119k-$134k,9,24-06-2024,18-09-2025
645,5,5,28679,Machine Learning Engineer,26,23,Contract,$51k-$135k,1,19-01-2024,23-11-2025
646,5,3,53058,IT Support Specialist,77,57,Contract,$106k-$135k,2,27-02-2024,08-06-2025
647,4,2,89925,Cybersecurity Analyst,65,37,Part-Time,$71k-$123k,5,06-02-2024,11-06-2025
648,2,3,11639,Data Analyst,67,41,Contract,$92k-$128k,8,14-06-2024,15-06-2025
649,3,5,10898,Biomedical Engineer,98,84,Contract,$97k-$157k,9,04-01-2024,28-01-2025
650,1,8,8601,Civil Engineer,64,17,Full-Time,$86k-$177k,2,07-01-2024,28-07-2025
651,3,5,50096,Cybersecurity Analyst,95,37,Part-Time,$77k-$161k,6,13-01-2024,08-01-2025
652,3,1,56353,UI/UX Designer,44,77,Contract,$67k-$170k,6,09-04-2024,16-12-2024
653,2,8,34788,Transportation Engineer,5,41,Full-Time,$95k-$182k,8,07-01-2024,16-02-2025
654,1,10,25820,Back-End Developer,75,17,Part-Time,$71k-$193k,8,16-01-2024,04-09-2025
655,4,9,83837,Embedded Systems Engineer,51,119,Full-Time,$88k-$195k,10,28-09-2024,13-01-2025
656,2,10,14200,Urban Planner,22,41,Part-Time,$89k-$153k,9,02-08-2024,18-10-2025
657,5,5,99044,Robotics Engineer,24,90,Full-Time,$108k-$124k,3,11-12-2023,15-04-2025
658,3,6,80380,Front-End Developer,31,84,Part-Time,$119k-$159k,4,04-07-2024,09-12-2024
659,5,3,27741,VR/AR Developer,86,47,Full-Time,$114k-$166k,8,22-03-2024,25-08-2025
660,2,10,81625,Telecommunications Engineer,20,120,Part-Time,$110k-$138k,9,15-06-2024,17-09-2025
661,5,8,31389,Back-End Developer,12,47,Contract,$110k-$133k,1,11-05-2024,21-07-2025
662,1,2,12502,Back-End Developer,7,17,Full-Time,$79k-$161k,9,15-06-2024,14-09-2025
663,3,3,74848,Machine Learning Engineer,71,23,Contract,$65k-$192k,6,29-02-2024,22-03-2025
664,5,4,3740,VR/AR Developer,96,47,Contract,$77k-$147k,1,25-05-2024,25-07-2025
665,3,4,31422,Electronics Engineer,42,84,Full-Time,$107k-$159k,3,09-01-2024,26-09-2025
666,1,5,9320,Civil Engineer,78,17,Full-Time,$86k-$134k,3,26-12-2023,21-12-2024
667,4,2,96916,Front-End Developer,48,97,Part-Time,$64k-$147k,4,06-01-2024,15-09-2025
668,3,3,12282,Embedded Systems Engineer,21,119,Full-Time,$118k-$156k,4,05-09-2024,16-07-2025
669,2,7,72614,Civil Engineer,93,41,Contract,$118k-$150k,10,24-07-2024,09-09-2025
670,4,7,21153,Flight Systems Engineer,7,97,Full-Time,$65k-$181k,10,17-06-2024,03-04-2025
671,2,8,5267,DevOps Engineer,99,61,Contract,$114k-$195k,10,23-10-2024,26-06-2025
672,4,9,2922,Mobile App Developer,87,97,Contract,$66k-$148k,4,30-08-2024,13-01-2025
673,4,3,26178,Back-End Developer,71,97,Part-Time,$76k-$137k,9,27-03-2024,20-12-2024
674,2,10,84169,Back-End Developer,29,41,Part-Time,$93k-$123k,3,07-11-2024,11-04-2025
675,5,5,79231,Biomedical Engineer,77,47,Contract,$85k-$179k,10,02-08-2024,09-10-2025
676,5,7,25990,Geotechnical Engineer,13,47,Contract,$112k-$184k,8,14-08-2024,18-04-2025
677,5,1,45556,Geotechnical Engineer,26,47,Full-Time,$106k-$129k,8,28-06-2024,10-08-2025
678,5,9,53522,Robotics Engineer,51,90,Full-Time,$75k-$170k,4,31-07-2024,29-08-2025
679,2,3,99602,IT Project Manager,85,11,Contract,$56k-$155k,9,07-09-2024,02-10-2025
680,5,6,44819,Industrial Engineer,10,47,Full-Time,$67k-$176k,7,22-08-2024,15-12-2024
681,2,9,77099,Full-Stack Developer,27,19,Part-Time,$57k-$200k,4,14-07-2024,11-07-2025
682,2,7,89345,Aerospace Engineer,43,11,Full-Time,$118k-$163k,9,30-06-2024,18-10-2025
683,4,2,52697,Robotics Engineer,41,90,Contract,$112k-$159k,9,08-08-2024,08-06-2025
684,4,7,36024,Urban Planner,38,97,Contract,$52k-$147k,4,30-03-2024,03-08-2025
685,4,10,61788,Mechatronics Engineer,2,97,Part-Time,$57k-$173k,10,26-02-2024,01-06-2025
686,3,6,6005,Site Reliability Engineer (SRE),97,63,Contract,$116k-$190k,9,16-08-2024,10-10-2025
687,3,10,54691,Data Analyst,5,84,Full-Time,$91k-$183k,10,04-10-2024,10-12-2024
688,2,4,61945,VR/AR Developer,35,11,Part-Time,$84k-$147k,1,22-10-2024,10-02-2025
689,4,4,46738,IT Support Specialist,40,57,Contract,$114k-$168k,1,29-08-2024,17-12-2024
690,3,9,43808,DevOps Engineer,83,61,Contract,$117k-$153k,6,29-05-2024,16-10-2025
691,1,1,30149,IT Support Specialist,23,57,Part-Time,$62k-$134k,6,29-07-2024,19-01-2025
692,5,2,37298,Petrochemical Engineer,27,97,Part-Time,$78k-$174k,6,16-05-2024,05-05-2025
693,5,10,36467,Nuclear Engineer,39,47,Full-Time,$98k-$173k,6,03-06-2024,02-12-2024
694,2,10,69914,Automotive Engineer,13,11,Part-Time,$75k-$182k,8,05-08-2024,27-01-2025
695,2,9,82652,Data Analyst,98,11,Contract,$53k-$126k,6,12-10-2024,18-11-2025
696,3,10,57153,Mechanical Engineer,87,84,Contract,$108k-$196k,1,04-04-2024,30-04-2025
697,2,10,3601,Cybersecurity Analyst,49,37,Part-Time,$107k-$191k,2,13-10-2024,06-10-2025
698,4,2,30699,Industrial Engineer,85,97,Contract,$70k-$138k,3,25-01-2024,19-03-2025
699,1,9,72069,VR/AR Developer,96,17,Contract,$111k-$177k,10,22-07-2024,18-07-2025
700,1,2,36332,Database Administrator,50,17,Full-Time,$74k-$179k,8,26-05-2024,21-12-2024
701,3,8,22055,Flight Systems Engineer,90,84,Contract,$62k-$188k,3,18-12-2023,04-12-2024
702,4,8,66277,Digital Forensics Analyst,50,46,Full-Time,$116k-$154k,5,06-01-2024,25-10-2025
703,4,8,77720,Machine Learning Engineer,80,23,Contract,$93k-$164k,1,13-03-2024,13-05-2025
704,3,10,84739,Digital Forensics Analyst,16,46,Part-Time,$83k-$149k,2,16-06-2024,03-08-2025
705,1,10,8821,Aerospace Engineer,31,17,Part-Time,$104k-$195k,2,06-07-2024,14-04-2025
706,5,4,27970,Site Reliability Engineer (SRE),63,63,Contract,$80k-$164k,4,06-01-2024,10-11-2025
707,5,10,56769,DevOps Engineer,30,61,Full-Time,$110k-$185k,10,10-06-2024,27-07-2025
708,3,6,5746,Chemical Engineer,85,84,Part-Time,$70k-$186k,3,06-10-2024,28-05-2025
709,2,9,19520,Database Administrator,70,11,Full-Time,$83k-$147k,1,28-08-2024,15-02-2025
710,1,3,73328,Mechatronics Engineer,12,17,Contract,$100k-$174k,6,04-11-2024,05-12-2024
711,3,6,86313,Telecommunications Engineer,69,120,Full-Time,$81k-$161k,8,27-04-2024,24-09-2025
712,3,4,62262,IT Auditor,48,84,Full-Time,$50k-$160k,8,04-10-2024,28-12-2024
713,5,8,61506,Data Analyst,70,86,Part-Time,$107k-$128k,4,30-10-2024,02-08-2025
714,1,6,39962,Flight Systems Engineer,13,17,Contract,$116k-$178k,5,01-05-2024,03-04-2025
715,2,5,63575,Electrical Engineer,89,11,Contract,$70k-$138k,10,18-05-2024,15-01-2025
716,2,10,27341,Network Engineer,100,11,Contract,$67k-$171k,2,28-11-2024,03-04-2025
717,2,7,24879,Mechatronics Engineer,14,11,Part-Time,$104k-$137k,2,12-05-2024,21-11-2025
718,5,6,56605,Cloud Engineer,44,86,Part-Time,$53k-$128k,2,06-03-2024,22-06-2025
719,4,2,74870,Mechanical Engineer,42,97,Contract,$82k-$196k,6,14-03-2024,28-11-2025
720,1,9,18472,Systems Administrator,10,17,Part-Time,$66k-$128k,3,25-10-2024,15-01-2025
721,2,6,81520,Electronics Engineer,88,11,Part-Time,$59k-$183k,7,26-09-2024,08-10-2025
722,4,6,27956,IT Support Specialist,74,57,Full-Time,$57k-$149k,7,04-05-2024,07-09-2025
723,3,9,51697,Digital Forensics Analyst,57,46,Contract,$104k-$124k,10,29-06-2024,14-09-2025
724,3,9,29811,Process Engineer,22,84,Contract,$85k-$174k,2,08-10-2024,30-10-2025
725,5,4,34647,Artificial Intelligence Specialist,64,86,Contract,$76k-$145k,1,21-12-2023,25-10-2025
726,5,6,34577,IT Support Specialist,13,57,Contract,$87k-$169k,5,01-06-2024,24-08-2025
727,3,2,88620,Telecommunications Engineer,61,120,Part-Time,$92k-$158k,6,15-08-2024,19-11-2025
728,4,4,52915,Site Reliability Engineer (SRE),1,63,Part-Time,$114k-$194k,7,12-09-2024,24-01-2025
729,2,6,68118,Industrial Engineer,47,11,Contract,$109k-$191k,5,18-05-2024,24-12-2024
730,4,2,35271,Chemical Engineer,99,97,Full-Time,$104k-$172k,5,18-09-2024,06-04-2025
731,2,4,90949,IT Support Specialist,53,57,Part-Time,$71k-$140k,1,22-11-2024,15-01-2025
732,5,7,7627,Cybersecurity Analyst,77,37,Part-Time,$61k-$173k,5,01-09-2024,26-11-2025
733,1,10,27184,Aerospace Engineer,93,17,Full-Time,$97k-$185k,9,28-06-2024,01-07-2025
734,1,4,81280,Cybersecurity Analyst,46,37,Part-Time,$82k-$168k,5,08-04-2024,27-09-2025
735,4,2,38458,Geotechnical Engineer,6,97,Full-Time,$55k-$199k,7,13-02-2024,12-04-2025
736,5,8,18211,Mobile App Developer,52,86,Contract,$68k-$177k,5,16-05-2024,10-12-2024
737,5,8,75814,Optical Engineer,60,86,Contract,$59k-$121k,9,22-09-2024,15-11-2025
738,4,9,54261,Data Analyst,70,97,Contract,$79k-$139k,9,24-12-2023,02-09-2025
739,2,6,60566,Game Developer,5,11,Contract,$89k-$195k,5,17-01-2024,15-08-2025
740,4,2,20257,Information Security Manager,69,48,Part-Time,$52k-$129k,4,31-10-2024,06-02-2025
741,1,1,86193,Materials Scientist,60,17,Full-Time,$107k-$167k,8,20-06-2024,03-01-2025
742,5,5,762,Machine Learning Engineer,82,23,Part-Time,$100k-$153k,3,13-06-2024,01-02-2025
743,5,8,6415,Back-End Developer,69,86,Contract,$56k-$129k,9,15-04-2024,14-02-2025
744,1,10,81330,IT Support Specialist,89,57,Contract,$65k-$187k,5,23-05-2024,04-07-2025
745,2,1,34395,Marine Engineer,18,11,Full-Time,$117k-$188k,10,21-10-2024,14-02-2025
746,4,2,58513,Telecommunications Engineer,93,120,Full-Time,$62k-$153k,2,08-02-2024,17-05-2025
747,1,5,73692,Mechatronics Engineer,6,17,Contract,$104k-$133k,8,13-07-2024,02-10-2025
748,1,7,23123,Robotics Engineer,51,90,Full-Time,$93k-$145k,2,25-04-2024,30-11-2025
749,3,9,50680,Front-End Developer,57,84,Full-Time,$93k-$175k,7,27-01-2024,02-12-2024
750,3,10,81479,Systems Administrator,49,84,Full-Time,$83k-$121k,8,12-05-2024,26-11-2025
751,4,6,57180,Web Developer,29,97,Part-Time,$66k-$130k,5,08-08-2024,14-03-2025
752,2,3,10760,Structural Engineer,39,11,Part-Time,$109k-$158k,1,31-05-2024,19-09-2025
753,5,10,11835,Automotive Engineer,55,86,Full-Time,$52k-$172k,1,08-02-2024,25-01-2025
754,4,2,2242,Cloud Engineer,20,97,Part-Time,$50k-$197k,1,29-03-2024,14-06-2025
755,1,3,20976,Cloud Engineer,31,17,Contract,$53k-$151k,10,12-09-2024,20-02-2025
756,5,5,11574,DevOps Engineer,4,61,Contract,$55k-$157k,3,18-01-2024,08-03-2025
757,2,5,38870,HVAC Engineer,12,11,Full-Time,$70k-$128k,4,05-04-2024,26-01-2025
758,1,7,9727,Site Reliability Engineer (SRE),58,63,Full-Time,$112k-$141k,7,25-02-2024,26-06-2025
759,3,10,91436,Transportation Engineer,66,23,Full-Time,$103k-$134k,6,25-08-2024,11-10-2025
760,5,2,38474,Materials Scientist,43,86,Contract,$100k-$187k,8,20-08-2024,31-05-2025
761,1,1,30416,Systems Administrator,11,17,Full-Time,$73k-$126k,7,01-02-2024,06-11-2025
762,4,9,28194,Electronics Engineer,85,97,Part-Time,$50k-$160k,7,18-02-2024,30-07-2025
763,1,9,44270,Mechanical Engineer,41,17,Full-Time,$85k-$136k,3,21-12-2023,17-04-2025
764,3,6,85884,Product Manager (Tech),14,23,Full-Time,$84k-$163k,8,23-02-2024,17-05-2025
765,1,4,95113,Biomedical Engineer,42,17,Part-Time,$120k-$166k,2,20-01-2024,28-11-2025
766,2,9,98394,Systems Administrator,36,11,Full-Time,$104k-$159k,10,22-02-2024,01-06-2025
767,2,3,49231,Urban Planner,79,11,Part-Time,$84k-$187k,4,05-02-2024,13-05-2025
768,4,3,18732,Automotive Engineer,69,97,Part-Time,$95k-$138k,8,10-01-2024,17-07-2025
769,4,10,29922,Product Manager (Tech),56,97,Full-Time,$70k-$168k,6,13-09-2024,14-10-2025
770,2,2,73421,Information Security Manager,27,48,Contract,$64k-$165k,9,01-07-2024,05-03-2025
771,5,10,95953,Biomedical Engineer,98,86,Full-Time,$75k-$167k,8,25-02-2024,16-04-2025
772,5,10,75313,Systems Administrator,28,86,Contract,$61k-$123k,5,20-03-2024,05-03-2025
773,4,10,2237,Mechatronics Engineer,93,97,Part-Time,$89k-$149k,4,04-06-2024,17-06-2025
774,5,4,22156,Software Engineer,67,86,Part-Time,$104k-$124k,7,19-12-2023,01-09-2025
775,1,2,12061,UI/UX Designer,50,77,Contract,$82k-$177k,1,16-04-2024,20-03-2025
776,4,9,53803,Robotics Engineer,69,90,Contract,$92k-$193k,2,25-02-2024,29-04-2025
777,3,2,85541,VR/AR Developer,67,23,Contract,$104k-$180k,1,10-02-2024,30-08-2025
778,4,2,56717,Software Engineer,43,97,Full-Time,$119k-$163k,6,13-09-2024,30-01-2025
779,2,9,72297,Robotics Engineer,90,90,Part-Time,$72k-$183k,7,24-03-2024,18-10-2025
780,4,7,78011,Full-Stack Developer,54,19,Full-Time,$75k-$171k,7,23-06-2024,24-08-2025
781,1,9,9526,Urban Planner,31,17,Contract,$75k-$163k,5,03-06-2024,20-03-2025
782,2,6,52279,IT Support Specialist,55,57,Part-Time,$70k-$126k,8,17-06-2024,10-01-2025
783,1,7,86450,Product Manager (Tech),14,17,Part-Time,$88k-$176k,10,10-05-2024,04-09-2025
784,5,4,49104,Electronics Engineer,75,86,Full-Time,$58k-$138k,5,25-06-2024,22-09-2025
785,3,4,63584,Machine Learning Engineer,25,23,Part-Time,$63k-$162k,2,02-11-2024,26-04-2025
786,2,8,5160,Game Developer,24,11,Full-Time,$100k-$187k,6,14-04-2024,31-08-2025
787,5,1,91743,Urban Planner,99,86,Contract,$93k-$171k,5,27-04-2024,27-08-2025
788,5,6,20387,Flight Systems Engineer,33,86,Part-Time,$100k-$153k,7,13-05-2024,28-05-2025
789,3,7,71305,Power Systems Engineer,62,121,Full-Time,$104k-$130k,10,06-09-2024,25-04-2025
790,4,8,65218,Data Scientist,69,97,Contract,$57k-$126k,6,29-07-2024,27-05-2025
791,2,1,89927,Civil Engineer,84,11,Full-Time,$99k-$181k,5,09-08-2024,13-05-2025
792,2,4,69260,Geotechnical Engineer,99,11,Contract,$100k-$168k,1,16-01-2024,23-12-2024
793,4,5,76439,Environmental Engineer,37,97,Part-Time,$93k-$147k,3,19-12-2023,28-12-2024
794,1,10,17001,Marine Engineer,5,17,Contract,$107k-$169k,7,19-04-2024,15-08-2025
795,4,4,33774,Civil Engineer,29,97,Part-Time,$115k-$128k,3,01-06-2024,13-09-2025
796,2,2,54915,Urban Planner,7,11,Part-Time,$72k-$193k,2,05-10-2024,14-04-2025
797,1,5,61002,Data Scientist,92,17,Contract,$113k-$137k,6,02-03-2024,20-06-2025
798,1,7,9936,Telecommunications Engineer,13,120,Part-Time,$89k-$184k,8,06-11-2024,18-06-2025
799,3,4,6068,Systems Administrator,6,23,Contract,$118k-$167k,7,15-11-2024,05-07-2025
800,4,7,42641,Process Engineer,5,97,Contract,$68k-$169k,6,19-08-2024,12-06-2025
801,5,4,73328,Blockchain Developer,27,75,Full-Time,$77k-$168k,1,30-10-2024,06-07-2025
802,4,6,72579,Civil Engineer,77,97,Part-Time,$61k-$198k,4,15-10-2024,25-09-2025
803,3,5,4950,Digital Forensics Analyst,43,46,Contract,$99k-$138k,1,06-06-2024,10-04-2025
804,3,10,35675,Telecommunications Engineer,22,120,Full-Time,$116k-$129k,2,02-10-2024,16-04-2025
805,5,7,39158,Cloud Engineer,25,86,Part-Time,$99k-$151k,5,26-04-2024,12-02-2025
806,4,6,49767,Back-End Developer,50,97,Full-Time,$52k-$162k,5,28-01-2024,03-01-2025
807,4,7,2089,Transportation Engineer,15,97,Part-Time,$75k-$189k,8,24-09-2024,14-06-2025
808,1,1,78653,Digital Forensics Analyst,71,46,Contract,$77k-$141k,9,23-12-2023,29-12-2024
809,3,10,30048,Data Analyst,54,23,Part-Time,$54k-$137k,10,01-11-2024,03-02-2025
810,3,2,35761,Optical Engineer,21,23,Part-Time,$61k-$155k,6,06-08-2024,09-02-2025
811,4,10,42908,Software Engineer,90,97,Contract,$53k-$127k,9,07-10-2024,05-07-2025
812,2,4,2924,Geotechnical Engineer,48,11,Contract,$68k-$152k,2,20-03-2024,01-12-2024
813,5,9,12399,Telecommunications Engineer,30,120,Full-Time,$56k-$122k,3,28-04-2024,03-02-2025
814,3,9,2035,Electrical Engineer,27,23,Part-Time,$65k-$161k,4,10-05-2024,12-10-2025
815,3,3,23450,Structural Engineer,69,23,Full-Time,$91k-$163k,5,01-05-2024,24-01-2025
816,4,8,20553,Software Engineer,37,97,Full-Time,$120k-$200k,4,16-11-2024,20-07-2025
817,4,8,42366,Biomedical Engineer,55,97,Full-Time,$80k-$160k,4,09-08-2024,17-02-2025
818,2,7,15855,Artificial Intelligence Specialist,99,11,Full-Time,$118k-$196k,5,10-09-2024,01-09-2025
819,5,1,73542,IT Support Specialist,3,57,Full-Time,$108k-$154k,6,09-06-2024,13-02-2025
820,5,3,7711,Chemical Engineer,65,86,Part-Time,$107k-$164k,1,15-09-2024,03-03-2025
821,4,10,44109,Materials Scientist,58,97,Full-Time,$88k-$126k,3,19-05-2024,28-02-2025
822,2,2,88588,Power Systems Engineer,68,121,Contract,$116k-$146k,3,02-12-2023,07-10-2025
823,1,5,86346,Data Analyst,48,17,Part-Time,$91k-$176k,8,30-01-2024,12-02-2025
824,3,2,1079,Back-End Developer,96,23,Contract,$76k-$173k,4,31-03-2024,09-06-2025
825,4,5,95165,Mobile App Developer,93,9,Full-Time,$57k-$194k,10,09-07-2024,08-06-2025
826,5,6,71631,Marine Engineer,66,86,Full-Time,$71k-$169k,4,31-12-2023,30-07-2025
827,4,3,68470,IT Auditor,91,9,Part-Time,$69k-$158k,6,02-04-2024,14-09-2025
828,3,5,35921,Full-Stack Developer,92,19,Part-Time,$68k-$164k,7,26-12-2023,15-11-2025
829,4,4,14805,Front-End Developer,1,9,Contract,$98k-$198k,10,15-09-2024,21-09-2025
830,4,10,60405,IT Auditor,22,9,Full-Time,$50k-$151k,3,21-04-2024,25-12-2024
831,2,2,4578,Product Manager (Tech),67,11,Part-Time,$119k-$148k,6,11-08-2024,27-07-2025
832,4,1,95805,Petrochemical Engineer,77,97,Contract,$62k-$122k,6,23-12-2023,08-04-2025
833,1,5,7397,Digital Forensics Analyst,97,46,Contract,$57k-$123k,2,20-05-2024,12-08-2025
834,2,7,90547,Robotics Engineer,54,90,Full-Time,$69k-$178k,5,15-06-2024,26-10-2025
835,2,10,84614,Full-Stack Developer,6,19,Part-Time,$117k-$132k,6,08-06-2024,13-04-2025
836,2,3,65965,Marine Engineer,70,11,Contract,$95k-$154k,7,26-08-2024,08-12-2024
837,3,2,41293,Mobile App Developer,96,23,Full-Time,$66k-$168k,8,27-09-2024,19-12-2024
838,4,1,35243,Industrial Engineer,72,9,Contract,$93k-$164k,4,22-04-2024,15-10-2025
839,3,6,31555,Back-End Developer,5,23,Part-Time,$84k-$198k,6,06-09-2024,21-05-2025
840,3,4,64649,Urban Planner,2,23,Part-Time,$51k-$125k,7,24-09-2024,12-01-2025
841,2,3,97324,Mechanical Engineer,79,11,Full-Time,$53k-$194k,2,17-06-2024,21-04-2025
842,2,8,85063,Materials Scientist,26,11,Part-Time,$78k-$135k,4,24-09-2024,16-12-2024
843,2,9,37137,Civil Engineer,78,11,Contract,$84k-$172k,6,30-05-2024,05-11-2025
844,5,9,43027,IT Auditor,26,86,Full-Time,$55k-$124k,7,15-06-2024,31-01-2025
845,4,6,88086,Web Developer,26,9,Part-Time,$77k-$122k,4,13-01-2024,01-01-2025
846,2,4,53531,Mechanical Engineer,32,11,Full-Time,$116k-$130k,6,10-02-2024,28-12-2024
847,2,8,93840,Structural Engineer,61,11,Contract,$53k-$131k,2,05-01-2024,04-01-2025
848,3,6,35576,Mobile App Developer,61,23,Part-Time,$113k-$158k,10,04-06-2024,03-11-2025
849,1,6,74085,Artificial Intelligence Specialist,44,17,Part-Time,$110k-$147k,3,06-04-2024,26-08-2025
850,5,1,36955,Systems Administrator,64,86,Part-Time,$81k-$128k,4,28-08-2024,19-03-2025
851,5,7,60777,Database Administrator,97,86,Full-Time,$86k-$190k,9,16-04-2024,22-06-2025
852,3,4,54890,Environmental Engineer,60,23,Part-Time,$83k-$189k,7,09-06-2024,26-03-2025
853,4,9,8866,Transportation Engineer,41,9,Part-Time,$88k-$124k,2,11-04-2024,16-11-2025
854,3,5,27773,VR/AR Developer,6,23,Part-Time,$108k-$174k,3,16-04-2024,30-11-2025
855,1,1,75853,Full-Stack Developer,7,19,Part-Time,$109k-$197k,5,28-02-2024,15-07-2025
856,4,6,72434,Marine Engineer,7,9,Full-Time,$63k-$194k,4,09-04-2024,09-12-2024
857,5,7,57357,Full-Stack Developer,56,19,Part-Time,$67k-$193k,3,01-12-2023,22-02-2025
858,2,7,13249,Materials Scientist,1,11,Contract,$88k-$148k,10,13-07-2024,12-11-2025
859,1,8,5080,VR/AR Developer,79,17,Contract,$58k-$188k,7,28-09-2024,25-05-2025
860,2,10,67469,Product Manager (Tech),20,11,Full-Time,$82k-$161k,10,12-04-2024,14-02-2025
861,4,5,8193,Process Engineer,60,9,Full-Time,$90k-$199k,5,17-03-2024,18-07-2025
862,5,1,43724,Data Scientist,17,86,Contract,$69k-$135k,10,06-11-2024,23-07-2025
863,2,2,28016,Database Administrator,34,11,Part-Time,$57k-$136k,2,17-03-2024,27-03-2025
864,3,9,41594,Robotics Engineer,20,90,Part-Time,$95k-$186k,7,13-09-2024,14-01-2025
865,2,9,89200,Embedded Systems Engineer,16,119,Contract,$114k-$127k,3,24-02-2024,19-12-2024
866,2,4,17292,Digital Forensics Analyst,57,46,Contract,$78k-$130k,4,21-03-2024,05-08-2025
867,3,5,75323,Full-Stack Developer,87,19,Part-Time,$71k-$196k,4,02-12-2023,25-08-2025
868,5,9,75045,Structural Engineer,71,86,Contract,$88k-$139k,7,23-02-2024,21-11-2025
869,1,6,6899,Database Administrator,31,17,Full-Time,$103k-$157k,2,01-08-2024,10-04-2025
870,5,5,58027,Biomedical Engineer,74,86,Contract,$116k-$164k,9,12-02-2024,11-08-2025
871,5,7,78884,VR/AR Developer,99,86,Part-Time,$82k-$198k,4,27-06-2024,04-11-2025
872,3,5,9759,Digital Forensics Analyst,21,46,Contract,$103k-$166k,1,26-11-2024,12-05-2025
873,1,10,61422,Mobile App Developer,82,17,Part-Time,$70k-$185k,2,17-09-2024,13-08-2025
874,3,2,51575,Materials Scientist,18,23,Part-Time,$86k-$183k,4,24-05-2024,15-07-2025
875,1,7,57854,Biomedical Engineer,27,17,Contract,$85k-$179k,2,24-05-2024,28-12-2024
876,4,8,29091,Telecommunications Engineer,33,120,Full-Time,$95k-$186k,7,13-08-2024,12-12-2024
877,1,9,3788,Network Engineer,17,17,Contract,$73k-$123k,10,29-06-2024,17-08-2025
878,5,7,91500,Marine Engineer,42,86,Full-Time,$64k-$146k,2,15-12-2023,30-10-2025
879,3,7,44924,Civil Engineer,52,23,Contract,$65k-$154k,3,18-01-2024,19-07-2025
880,5,8,75424,Biomedical Engineer,4,86,Contract,$82k-$143k,1,27-08-2024,13-07-2025
881,2,3,3196,IT Support Specialist,11,57,Part-Time,$120k-$182k,2,04-01-2024,20-05-2025
882,1,8,97344,Back-End Developer,6,17,Full-Time,$50k-$128k,1,30-01-2024,12-07-2025
883,2,10,20546,Front-End Developer,63,11,Part-Time,$103k-$193k,6,07-09-2024,09-12-2024
884,3,9,54878,Mechatronics Engineer,28,23,Contract,$106k-$171k,2,05-01-2024,20-08-2025
885,3,10,1680,Web Developer,75,23,Full-Time,$113k-$149k,10,26-12-2023,04-12-2024
886,1,1,45572,Information Security Manager,95,48,Contract,$63k-$152k,8,13-04-2024,18-12-2024
887,1,1,28727,Cybersecurity Analyst,33,37,Part-Time,$104k-$161k,5,11-05-2024,30-12-2024
888,2,6,56177,IT Auditor,65,11,Full-Time,$81k-$125k,8,26-09-2024,22-05-2025
889,5,2,45595,Cloud Engineer,2,86,Full-Time,$62k-$130k,9,02-08-2024,13-12-2024
890,3,3,82564,Web Developer,82,23,Part-Time,$64k-$154k,4,26-02-2024,10-02-2025
891,2,1,54326,DevOps Engineer,58,61,Contract,$89k-$167k,4,19-11-2024,29-07-2025
892,4,9,83723,HVAC Engineer,90,9,Part-Time,$51k-$193k,5,08-10-2024,20-02-2025
893,5,3,25596,Industrial Engineer,13,86,Part-Time,$72k-$123k,5,14-04-2024,23-02-2025
894,3,10,38502,Mechanical Engineer,88,23,Part-Time,$62k-$129k,2,04-11-2024,07-05-2025
895,3,7,17737,Artificial Intelligence Specialist,96,23,Part-Time,$53k-$175k,6,18-12-2023,08-01-2025
896,5,3,71263,Site Reliability Engineer (SRE),15,63,Part-Time,$99k-$144k,6,25-11-2024,04-05-2025
897,2,10,89776,Chemical Engineer,72,11,Contract,$114k-$194k,4,30-08-2024,21-09-2025
898,2,6,28586,Civil Engineer,24,11,Contract,$101k-$195k,8,23-09-2024,08-12-2024
899,1,9,68604,Cloud Engineer,67,17,Part-Time,$120k-$168k,2,20-04-2024,05-01-2025
900,3,6,25407,Robotics Engineer,38,90,Contract,$66k-$144k,2,08-05-2024,20-09-2025
901,4,5,34511,Structural Engineer,33,9,Full-Time,$70k-$161k,3,06-10-2024,20-10-2025
902,1,4,48035,Process Engineer,3,17,Full-Time,$59k-$156k,5,28-06-2024,19-10-2025
903,2,4,28778,Mobile App Developer,11,11,Part-Time,$66k-$192k,8,18-06-2024,18-01-2025
904,2,3,35365,Back-End Developer,93,11,Part-Time,$100k-$179k,3,19-12-2023,22-12-2024
905,5,10,94809,Cloud Engineer,55,86,Part-Time,$93k-$127k,10,18-12-2023,18-08-2025
906,5,9,73208,UI/UX Designer,57,77,Part-Time,$86k-$188k,8,05-11-2024,25-02-2025
907,1,3,65280,IT Support Specialist,84,57,Part-Time,$88k-$149k,8,07-08-2024,30-12-2024
908,2,10,41745,Information Security Manager,9,48,Contract,$82k-$155k,10,22-03-2024,12-04-2025
909,2,10,82670,Game Developer,64,11,Contract,$69k-$191k,3,10-05-2024,22-03-2025
910,3,7,91726,VR/AR Developer,16,23,Full-Time,$93k-$145k,7,16-05-2024,20-11-2025
911,1,2,60109,Mechanical Engineer,79,17,Part-Time,$80k-$194k,9,30-09-2024,20-11-2025
912,2,10,45622,Marine Engineer,52,11,Contract,$84k-$135k,4,13-05-2024,27-11-2025
913,1,4,65381,Blockchain Developer,9,75,Part-Time,$58k-$183k,4,27-06-2024,25-06-2025
914,1,7,89064,IT Auditor,76,17,Full-Time,$57k-$199k,8,27-03-2024,12-01-2025
915,4,8,75416,DevOps Engineer,49,61,Full-Time,$105k-$180k,3,13-02-2024,12-03-2025
916,5,8,23690,Nuclear Engineer,39,86,Part-Time,$51k-$183k,1,12-01-2024,18-05-2025
917,3,4,80465,Mechanical Engineer,17,23,Full-Time,$91k-$193k,7,16-07-2024,20-03-2025
918,5,4,29713,Electrical Engineer,59,86,Full-Time,$81k-$165k,3,27-05-2024,07-12-2024
919,5,4,82872,Civil Engineer,99,86,Full-Time,$107k-$160k,1,09-07-2024,22-06-2025
920,1,4,91914,Data Scientist,20,17,Part-Time,$106k-$121k,7,20-07-2024,07-12-2024
921,3,3,86940,Back-End Developer,25,23,Full-Time,$118k-$147k,4,10-05-2024,29-12-2024
922,1,9,57183,Systems Administrator,51,17,Contract,$89k-$163k,7,16-09-2024,30-06-2025
923,4,7,21306,Civil Engineer,84,9,Contract,$50k-$194k,7,08-04-2024,10-06-2025
924,3,1,8648,Nuclear Engineer,17,23,Full-Time,$84k-$164k,3,21-05-2024,21-09-2025
925,5,7,94072,Biomedical Engineer,32,86,Contract,$90k-$123k,3,24-08-2024,02-07-2025
926,5,9,48506,Industrial Engineer,91,86,Part-Time,$97k-$179k,3,30-07-2024,22-03-2025
927,2,1,48057,DevOps Engineer,16,61,Contract,$109k-$146k,1,24-03-2024,29-01-2025
928,1,8,34539,DevOps Engineer,69,61,Full-Time,$62k-$151k,1,17-02-2024,04-04-2025
929,4,7,7980,Mechatronics Engineer,58,9,Part-Time,$72k-$173k,2,21-07-2024,21-05-2025
930,1,1,99190,UI/UX Designer,34,77,Part-Time,$105k-$130k,10,29-10-2024,02-04-2025
931,2,2,21536,Mobile App Developer,43,11,Full-Time,$95k-$171k,6,04-01-2024,12-03-2025
932,3,7,83227,Industrial Engineer,13,23,Contract,$90k-$188k,4,12-10-2024,17-01-2025
933,4,5,42940,Network Engineer,81,9,Part-Time,$116k-$130k,2,04-01-2024,20-02-2025
934,1,10,71872,Biomedical Engineer,58,17,Full-Time,$112k-$156k,9,30-12-2023,24-08-2025
935,5,3,10955,Mechatronics Engineer,36,86,Part-Time,$87k-$169k,1,12-03-2024,03-04-2025
936,4,9,93534,Machine Learning Engineer,16,23,Full-Time,$101k-$151k,9,05-10-2024,15-08-2025
937,4,10,75733,Full-Stack Developer,40,19,Full-Time,$81k-$144k,5,24-02-2024,08-11-2025
938,4,5,74049,Cybersecurity Analyst,51,37,Contract,$82k-$174k,2,10-08-2024,10-09-2025
939,3,2,43124,Urban Planner,95,23,Part-Time,$105k-$133k,10,04-09-2024,19-02-2025
940,1,2,23739,Mechatronics Engineer,43,17,Part-Time,$80k-$153k,8,20-01-2024,18-02-2025
941,5,1,41006,Database Administrator,20,86,Contract,$104k-$174k,10,02-03-2024,18-01-2025
942,2,3,52273,Petrochemical Engineer,35,97,Full-Time,$111k-$197k,8,17-10-2024,12-03-2025
943,1,4,79490,Industrial Engineer,80,17,Contract,$80k-$187k,9,13-05-2024,02-01-2025
944,4,9,19936,Full-Stack Developer,44,19,Full-Time,$86k-$163k,10,03-06-2024,05-10-2025
945,1,9,56234,Game Developer,4,17,Full-Time,$62k-$179k,2,05-12-2023,19-05-2025
946,3,6,48868,Geotechnical Engineer,91,23,Part-Time,$55k-$126k,5,31-01-2024,29-12-2024
947,1,9,22919,Structural Engineer,61,17,Contract,$92k-$125k,4,03-06-2024,11-06-2025
948,3,8,70458,Mechatronics Engineer,45,23,Contract,$62k-$180k,10,10-12-2023,16-11-2025
949,4,4,22796,Aerospace Engineer,79,9,Full-Time,$109k-$148k,7,27-01-2024,21-02-2025
950,4,5,39785,Artificial Intelligence Specialist,72,9,Full-Time,$88k-$178k,3,22-05-2024,03-03-2025
951,2,1,96424,Artificial Intelligence Specialist,9,11,Full-Time,$103k-$157k,3,09-04-2024,19-08-2025
952,4,8,53836,Geotechnical Engineer,62,9,Part-Time,$61k-$184k,7,15-01-2024,11-03-2025
953,4,10,37226,Back-End Developer,59,9,Contract,$119k-$153k,8,26-12-2023,06-10-2025
954,4,2,25710,Blockchain Developer,91,75,Contract,$112k-$152k,1,25-10-2024,18-09-2025
955,1,7,36717,Civil Engineer,25,17,Part-Time,$80k-$141k,5,05-08-2024,12-09-2025
956,3,6,68106,Geotechnical Engineer,33,23,Contract,$95k-$179k,5,13-02-2024,23-05-2025
957,2,10,36955,Artificial Intelligence Specialist,37,11,Part-Time,$58k-$126k,10,23-04-2024,23-12-2024
958,1,8,14523,Digital Forensics Analyst,93,46,Part-Time,$95k-$166k,4,06-10-2024,21-05-2025
959,3,8,44607,Embedded Systems Engineer,22,119,Contract,$70k-$166k,5,18-06-2024,01-03-2025
960,4,1,46495,Urban Planner,40,9,Full-Time,$82k-$199k,6,24-09-2024,31-10-2025
961,1,7,66840,IT Auditor,29,17,Part-Time,$113k-$193k,5,04-02-2024,21-03-2025
962,3,7,28271,Civil Engineer,42,23,Full-Time,$74k-$185k,3,29-05-2024,24-07-2025
963,5,6,8371,Machine Learning Engineer,43,23,Full-Time,$90k-$179k,4,15-03-2024,15-12-2024
964,5,6,61802,Mechatronics Engineer,62,86,Part-Time,$79k-$177k,7,02-09-2024,15-09-2025
965,5,3,7806,Telecommunications Engineer,52,120,Contract,$69k-$163k,4,19-04-2024,01-09-2025
966,2,8,94178,Nuclear Engineer,67,11,Full-Time,$59k-$186k,4,22-09-2024,08-08-2025
967,2,7,916,Mechatronics Engineer,43,11,Part-Time,$99k-$161k,6,20-03-2024,20-08-2025
968,3,4,79238,Telecommunications Engineer,56,120,Full-Time,$65k-$158k,10,13-05-2024,08-06-2025
969,4,4,21168,Machine Learning Engineer,72,23,Contract,$78k-$150k,3,31-03-2024,22-02-2025
970,5,5,32260,Artificial Intelligence Specialist,15,86,Part-Time,$61k-$140k,2,08-01-2024,29-04-2025
971,2,1,84445,Machine Learning Engineer,83,23,Full-Time,$91k-$196k,7,18-01-2024,08-11-2025
972,2,2,9807,Nuclear Engineer,96,11,Full-Time,$97k-$178k,6,06-05-2024,12-03-2025
973,4,3,54770,Mechatronics Engineer,12,9,Contract,$87k-$134k,3,08-09-2024,16-01-2025
974,3,6,29202,Robotics Engineer,11,90,Full-Time,$114k-$172k,9,23-11-2024,12-06-2025
975,5,10,40078,Electronics Engineer,42,86,Full-Time,$94k-$161k,8,03-09-2024,02-10-2025
976,1,5,55612,Structural Engineer,84,17,Part-Time,$65k-$152k,8,15-12-2023,01-05-2025
977,2,8,81398,Transportation Engineer,13,11,Full-Time,$84k-$147k,9,09-09-2024,15-11-2025
978,1,3,92347,Biomedical Engineer,4,17,Contract,$101k-$174k,7,09-05-2024,07-12-2024
979,5,6,36187,Embedded Systems Engineer,82,119,Contract,$60k-$123k,1,12-03-2024,24-11-2025
980,4,10,76364,Electrical Engineer,91,9,Contract,$116k-$158k,6,10-02-2024,24-07-2025
981,2,8,42110,Nuclear Engineer,45,11,Contract,$82k-$169k,10,05-02-2024,08-02-2025
982,5,4,86942,UI/UX Designer,11,77,Contract,$65k-$140k,1,22-03-2024,31-03-2025
983,5,10,70574,Telecommunications Engineer,36,120,Contract,$63k-$182k,4,17-01-2024,22-03-2025
984,1,5,11202,Back-End Developer,49,17,Contract,$93k-$168k,4,21-01-2024,19-10-2025
985,5,9,65137,VR/AR Developer,74,86,Part-Time,$98k-$163k,5,23-10-2024,09-02-2025
986,3,9,49539,Geotechnical Engineer,73,23,Contract,$52k-$141k,1,26-12-2023,31-03-2025
987,2,4,25209,Mechanical Engineer,89,11,Part-Time,$85k-$140k,1,16-02-2024,23-07-2025
988,5,6,69567,VR/AR Developer,65,86,Contract,$84k-$128k,4,06-06-2024,06-12-2024
989,2,8,58016,Information Security Manager,15,48,Part-Time,$58k-$187k,7,08-11-2024,25-01-2025
990,4,2,20798,Mobile App Developer,47,9,Part-Time,$71k-$179k,1,19-02-2024,18-02-2025
991,1,1,33799,Cloud Engineer,3,17,Contract,$70k-$127k,7,15-12-2023,07-12-2024
992,4,5,34572,Robotics Engineer,7,90,Part-Time,$53k-$159k,4,07-07-2024,07-01-2025
993,4,10,67745,Optical Engineer,21,9,Full-Time,$92k-$133k,3,13-04-2024,14-12-2024
994,2,3,41149,Front-End Developer,11,11,Full-Time,$54k-$132k,2,19-09-2024,23-11-2025
995,5,3,6966,Automotive Engineer,85,86,Full-Time,$91k-$158k,5,22-04-2024,15-09-2025
996,5,7,28571,Industrial Engineer,85,86,Full-Time,$112k-$156k,8,18-01-2024,13-06-2025
997,1,10,62257,Embedded Systems Engineer,67,119,Part-Time,$61k-$168k,4,13-06-2024,15-12-2024
998,4,8,41353,Site Reliability Engineer (SRE),44,63,Full-Time,$81k-$183k,9,09-03-2024,25-04-2025
999,4,7,21894,Optical Engineer,59,9,Part-Time,$83k-$141k,1,14-01-2024,21-11-2025
1000,4,1,92019,Mechatronics Engineer,91,9,Part-Time,$97k-$151k,6,27-06-2024,28-02-2025
