{
  "type": "Compass Connections",
  "version": {
    "$numberInt": "1"
  },
  "connections": [
    {
      "id": "a66a2cb4-52d3-4c05-9f91-522389050d38",
      "lastUsed": {
        "$date": {
          "$numberLong": "1733647567865"
        }
      },
      "favorite": {
        "name": "DB Project"
      },
      "savedConnectionType": "recent",
      "connectionOptions": {
        "connectionString": "mongodb://localhost:27017/",
        "oidc": {
          "serializedState": "eyJvaWRjUGx1Z2luU3RhdGVWZXJzaW9uIjowLCJzdGF0ZSI6W119"
        }
      }
    }
  ]
}