recruiter_id,name,email,phone,assigned_job_postings
1,Shane Gross,edwardmay@hotmail.com,+1 (809) 458 7696,214
2,Veronica Vincent,bbaker@stout.net,+1 (365) 878 1892,1118
3,Krystal Stanley,samuel98@pennington-carpenter.com,+1 (936) 432 3091,252
4,James Sellers,seanmartinez@hotmail.com,+1 (232) 931 3668,4819
5,Karen Gates,gcollins@yahoo.com,+1 (394) 689 9983,3769
6,Troy Smith,omccoy@mercado.com,+1 (387) 892 3173,2306
7,Christopher Ballard,weberjennifer@hotmail.com,+1 (312) 920 7030,3185
8,Chad Turner,brett76@yahoo.com,+1 (864) 457 7861,2527
9,Melissa Johnson,aprilbradley@gmail.com,+1 (839) 827 1828,3191
10,Melissa Olson,ybarker@perez.com,+1 (487) 214 1890,2716
11,Tanya Shea,ujones@gmail.com,+1 (337) 670 9936,4317
12,Amy Wilson,ipage@figueroa.com,+1 (252) 563 6752,4176
13,Aaron Brewer,sanchezdesiree@nielsen-cochran.com,+1 (645) 596 8886,4608
14,Krystal Ramirez,helen81@faulkner.info,+1 (439) 468 4207,596
15,Amy Morrison,douglas42@klein-price.com,+1 (998) 401 3827,1380
16,Patrick Daniels,amberpayne@king.com,+1 (937) 810 4440,954
17,Susan Davis,pollardtheodore@mcdonald-jones.org,+1 (604) 218 7864,1249
18,Nancy Davis,drichardson@curry.com,+1 (327) 697 3996,841
19,Robert Flores,taylortaylor@sandoval.biz,+1 (256) 988 6479,2110
20,Jesus Huynh,ohudson@johnson.com,+1 (234) 153 2166,1084
21,Alexander Kelley,williamdaniels@jones-herrera.net,+1 (259) 696 3161,4744
22,Mark Neal,delgadobrent@robertson.org,+1 (429) 415 4246,11
23,Megan Ellis,morgan09@jennings-cain.com,+1 (244) 489 3048,4113
24,Joseph Mccormick,joseph70@gmail.com,+1 (383) 546 5655,3974
25,Charles Patel,cruzdouglas@hotmail.com,+1 (818) 621 6353,2768
26,Melissa Reilly,orozcodawn@mcdaniel.com,+1 (806) 814 8707,4496
27,Marcus Jimenez,rebecca61@ramos-robinson.info,+1 (322) 665 1556,3199
28,Dr. Anthony Bailey,bethany42@hall-gilbert.org,+1 (756) 601 9055,1759
29,Robert Price DDS,andrewjones@scott.com,+1 (793) 303 7220,3999
30,Andrea Reynolds,shawnhowell@owen.info,+1 (426) 644 5479,4267
31,James Jenkins,hernandezjodi@yahoo.com,+1 (315) 383 5680,4863
32,Scott Morris II,james75@gmail.com,+1 (513) 432 3735,4217
33,Ryan Stafford,amyhess@manning.biz,+1 (921) 627 1312,2136
34,Joshua Smith,qberg@clark-jackson.com,+1 (365) 143 1553,1319
35,Bruce Smith,jasmine02@middleton-thompson.biz,+1 (240) 288 8228,627
36,Heather Hodges,jacob31@fletcher.com,+1 (593) 682 9480,534
37,Patricia Fitzgerald,samanthacontreras@yahoo.com,+1 (836) 882 3491,1059
38,Carol Rice,shannon68@hotmail.com,+1 (937) 716 4278,2440
39,Katherine Ramirez,hillamanda@yahoo.com,+1 (258) 843 9218,3001
40,Kimberly Thompson,hscott@gmail.com,+1 (686) 600 4071,4901
41,Samantha Wilson,ricardorodriguez@smith-koch.com,+1 (522) 646 1723,4954
42,Katie Russell,brian05@hotmail.com,+1 (961) 572 3364,1500
43,Diana Gonzalez,fsmith@yahoo.com,+1 (407) 256 8683,1311
44,Jessica Nelson,ashley39@gonzalez.com,+1 (363) 355 9079,1772
45,Jessica Rivera,stacy81@smith-martinez.com,+1 (926) 390 5663,3530
46,Brandon Johnson,kevin72@franklin-hill.com,+1 (973) 293 4772,3939
47,Audrey Strickland,joel26@potter-kirk.com,+1 (553) 498 9263,371
48,Timothy Fleming,bradleylara@mcdonald-parsons.com,+1 (462) 846 3762,731
49,Tyler Gordon,sextonmichaela@williams.com,+1 (441) 888 8573,3466
50,Tiffany Robles,lwarner@salazar-ortiz.com,+1 (499) 873 7077,4149
51,Juan Thomas,apittman@villanueva.com,+1 (912) 281 5439,4129
52,Amber Baker,ariasrobert@brown.com,+1 (771) 728 8266,1877
53,Andrew Nunez,ewilliams@mitchell-cook.com,+1 (520) 591 2820,4574
54,Hannah Watson,pleon@rodriguez-acosta.org,+1 (430) 843 5448,2402
55,Stephanie Valdez,jonathanlee@davidson-williams.info,+1 (509) 157 7272,307
56,Samantha Larson,bethanywebb@yahoo.com,+1 (554) 504 7889,2528
57,Nathan Diaz,fdoyle@dominguez.com,+1 (352) 991 3224,2610
58,Kenneth Torres,jessica02@little.com,+1 (275) 631 9536,3605
59,Andrew Lang,ymartin@gmail.com,+1 (546) 870 4684,962
60,Rebecca Lawson,tom86@hotmail.com,+1 (672) 979 2938,876
61,Zachary Martinez,pamela37@hotmail.com,+1 (753) 759 1077,1473
62,Ashley Price,carolyn48@yahoo.com,+1 (303) 441 4544,3178
63,Antonio Wade,georgefisher@hotmail.com,+1 (513) 608 2192,4120
64,Ryan Smith,brittany62@yahoo.com,+1 (762) 237 6777,1597
65,Michael Valentine,fkeith@mann.com,+1 (429) 578 5581,4251
66,John Patterson,deborah85@yahoo.com,+1 (421) 104 3187,2779
67,James Rosario,qweber@yahoo.com,+1 (539) 872 3528,1683
68,Laura Jenkins,michaelwilkerson@hotmail.com,+1 (787) 257 7334,1642
69,Erika Woods,brenda39@mcfarland.info,+1 (531) 684 8344,3781
70,Brenda Adkins,christina17@gmail.com,+1 (898) 135 1322,554
71,James Rivera,cunninghamedward@gmail.com,+1 (851) 231 2294,251
72,Mrs. Dawn Gomez,frazierkimberly@walton.com,+1 (875) 836 7191,1599
73,Richard Morales,pamelaarnold@gmail.com,+1 (471) 108 4800,3685
74,Andrew Taylor,wayne82@yahoo.com,+1 (969) 452 6707,4078
75,Kenneth Butler,vberry@pierce-calderon.com,+1 (658) 269 8362,772
76,Catherine Moore,jenniferhernandez@carroll.com,+1 (404) 961 2106,4370
77,Edward Beasley,vaughanholly@barnett.com,+1 (837) 810 8408,3127
78,Margaret Wright,warrenangela@gmail.com,+1 (348) 683 1532,3603
79,Thomas Thomas,laurensimon@gmail.com,+1 (544) 540 6563,2479
80,Tamara Jones,angelathompson@harris.info,+1 (729) 690 9331,1458
81,Scott Jackson MD,justin90@hotmail.com,+1 (205) 924 3025,3064
82,Francisco Mitchell,perryjennifer@hotmail.com,+1 (440) 332 3859,161
83,Leslie Herring,psmith@gmail.com,+1 (890) 715 5443,2199
84,Jennifer Wood,shaunhouse@gmail.com,+1 (425) 145 2531,3669
85,Kaitlyn Price,jeremy24@yahoo.com,+1 (311) 644 9849,1261
86,Rachel Smith,smithjohn@yahoo.com,+1 (655) 716 1051,2806
87,Marc Rose,larry33@hotmail.com,+1 (721) 411 1705,4003
88,Sandra Miller,tanyawilliamson@parks.com,+1 (390) 234 6149,4794
89,Jill Dawson,rangeldavid@mccarty.com,+1 (560) 327 7099,3970
90,Gregory Edwards,robinramirez@hotmail.com,+1 (726) 586 7368,3466
91,Jason Bruce,murphyjesse@gmail.com,+1 (558) 739 9711,3892
92,Steven Saunders,lawrencecantu@parker-martin.com,+1 (860) 139 2418,4831
93,David Perez,kevin28@zamora.biz,+1 (321) 268 5091,461
94,Anthony Thompson,samantha71@gmail.com,+1 (867) 843 8791,2407
95,Ashley Silva,phillip97@yahoo.com,+1 (376) 571 4487,2447
96,Dennis Moore,angela41@christensen-brown.com,+1 (961) 940 9923,2805
97,Charles Carrillo,wrogers@yahoo.com,+1 (948) 292 6510,4734
98,Daniel Potter,huntertimothy@johnson.com,+1 (273) 237 6486,3902
99,Gerald Adams,chelseajones@yahoo.com,+1 (587) 897 3794,2679
100,Kim Hall,summerparker@gmail.com,+1 (602) 170 7966,4690
101,Kerri Moore,michael50@hotmail.com,+1 (545) 984 5232,3570
102,Lori Brown,goodmanjennifer@gmail.com,+1 (558) 506 3515,4871
103,Angelica Ortiz,donald08@carpenter-mills.com,+1 (627) 262 3489,4452
104,Rebecca Riley MD,hardinelizabeth@hotmail.com,+1 (460) 709 6856,3569
105,Paul Rogers,juliadelacruz@johnson.com,+1 (650) 391 5717,2574
106,Miss Jill Mccoy,vargaskevin@buck-russell.com,+1 (301) 899 5126,3458
107,Sharon Aguirre,cmiller@yahoo.com,+1 (715) 558 4912,184
108,Meghan Nelson,youngtravis@gmail.com,+1 (839) 802 2493,3566
109,Daniel Sloan,millermolly@roberts.com,+1 (618) 224 6759,2345
110,Allison Morgan,leedrake@henson.com,+1 (258) 130 7680,1181
111,Brenda Turner,shannongilbert@shepard.com,+1 (490) 201 4855,2697
112,Jill Williams,jeremy07@hotmail.com,+1 (202) 751 4738,1298
113,Kevin Riley,jose41@hotmail.com,+1 (632) 544 7485,2591
114,Robert Dominguez,qnguyen@yahoo.com,+1 (306) 542 3805,3451
115,Jordan Cooper,william93@gmail.com,+1 (779) 832 2028,580
116,Christopher Newman,lorilarson@perez-glenn.com,+1 (349) 555 5990,1057
117,Victoria Hendricks,lisa87@hodge.com,+1 (526) 848 8066,1306
118,Michelle Rogers,charles13@hotmail.com,+1 (586) 828 8425,3173
119,Matthew Diaz,bellmarcus@lee.com,+1 (890) 940 9489,2532
120,Jorge Jenkins,jhernandez@gmail.com,+1 (208) 824 1402,4880
121,Jeff King,lisapratt@hotmail.com,+1 (472) 551 1545,3928
122,Stacy Bailey,carolynevans@hawkins.com,+1 (961) 829 1980,3219
123,Teresa Hogan,leslie84@reyes.com,+1 (422) 167 2558,4811
124,Daniel Hicks,deborahadams@smith.info,+1 (891) 667 7044,3253
125,Michelle Thompson,wilsonpamela@evans-thompson.biz,+1 (827) 275 1923,1972
126,Daniel Conrad,oswanson@hotmail.com,+1 (436) 757 6128,4108
127,Trevor Bradley,egray@rojas.com,+1 (904) 986 1990,296
128,David Jordan,jennifer45@carr.org,+1 (674) 340 7725,3343
129,Nicole Cox,pmorrison@hotmail.com,+1 (518) 283 3875,1727
130,Ariel Simmons,ericabutler@bernard.org,+1 (598) 956 8790,1734
131,Kurt Gomez,barry65@simon-armstrong.com,+1 (384) 259 4773,113
132,Raymond Kline,stonebonnie@palmer.com,+1 (225) 669 9957,695
133,Samuel Lane,enicholson@martinez.info,+1 (332) 898 1698,3032
134,Edward Sanders,sophia92@garcia.info,+1 (895) 148 3134,3681
135,Scott Wells,ballgerald@ramsey-chang.com,+1 (479) 917 5881,2976
136,Benjamin Wolfe,kbrown@fowler.com,+1 (927) 773 2940,4154
137,Alexandra Kelley,ksmith@byrd.com,+1 (717) 191 3766,631
138,John Lee,cherylanderson@summers-richards.biz,+1 (732) 309 9881,3118
139,Jason Simmons,xnewman@mcbride.org,+1 (295) 229 3498,548
140,Paul Simpson,milesmelissa@yahoo.com,+1 (459) 518 5371,3306
141,Karen Clark,hjackson@sanders-johnson.com,+1 (264) 539 5505,4324
142,Kaitlyn Hernandez,conraderik@gmail.com,+1 (312) 893 9267,1562
143,Monique Robinson,dhernandez@rosales.info,+1 (375) 469 9988,1430
144,Elaine Stevens,angelanguyen@gmail.com,+1 (593) 862 5161,1724
145,John Contreras,nsmith@yahoo.com,+1 (758) 385 1889,4415
146,Julie Gonzalez,cruzhannah@blackburn.com,+1 (710) 561 2669,4757
147,Jeremy Hancock,jennifernolan@velez-king.com,+1 (979) 100 4475,3263
148,Kevin Stanley,thomasnelson@gmail.com,+1 (871) 102 3056,2519
149,Bridget Jacobs,caroline27@hotmail.com,+1 (492) 558 5002,2423
150,John Smith,lesliehebert@thomas.com,+1 (521) 624 5075,4958
151,Jessica Green,melissa86@gmail.com,+1 (243) 362 2482,3276
152,Ricardo Jennings,sday@lewis.biz,+1 (776) 307 5481,1565
153,Kevin Butler,melissajohnson@hotmail.com,+1 (323) 735 1340,301
154,Chase Rivera,phillipsmisty@hayes-schroeder.com,+1 (319) 176 3724,4379
155,Jonathan Walker,blackburnabigail@berg-diaz.biz,+1 (757) 516 3648,1242
156,Sarah Frye,lawrenceblair@yahoo.com,+1 (222) 684 1083,4626
157,Heather Smith,garrisonrachel@hotmail.com,+1 (885) 911 3547,4582
158,Robert Jones,wheelerjasmine@mayer-gonzalez.com,+1 (489) 278 1143,3339
159,Jessica Hernandez,jennifer55@gmail.com,+1 (809) 562 8955,305
160,Kayla Smith DDS,xlamb@yahoo.com,+1 (402) 777 4357,2740
161,Ashley Young,fsharp@gmail.com,+1 (305) 953 2500,3335
162,Beverly Santos,scobb@lee.com,+1 (254) 470 3348,1198
163,Jillian Krause MD,stevenruiz@yahoo.com,+1 (854) 188 7914,2627
164,Stephanie Mahoney,nli@gmail.com,+1 (618) 416 5395,3160
165,Alexander Hart,qmoses@stuart-anderson.com,+1 (653) 514 6768,2150
166,Melanie Morris,janiceayers@beard.com,+1 (778) 985 7536,4256
167,Jeremy Arellano,joshuawilson@nelson.com,+1 (929) 390 7520,365
168,Benjamin Cline,parkerstephanie@cameron.com,+1 (356) 881 6717,1009
169,Shannon Holt,bpreston@hotmail.com,+1 (331) 321 8939,4097
170,Wendy Dean,jamesanderson@hotmail.com,+1 (344) 266 2910,746
171,Mark Davis,ssmith@lopez-goodman.com,+1 (934) 930 4075,4272
172,John Kennedy,fberry@yahoo.com,+1 (374) 335 1596,2168
173,Brianna Webster,gina72@yahoo.com,+1 (354) 441 2477,1925
174,Cassidy Rosales,lori22@nguyen.com,+1 (424) 221 9465,1319
175,Thomas Jacobs,alyssa49@gmail.com,+1 (225) 544 5492,4428
176,Heather Spencer,angelaholmes@wong.com,+1 (586) 797 7211,2029
177,Glenn Alexander,whitney45@yahoo.com,+1 (839) 395 7816,4525
178,Stephen Ramirez II,saragraham@hotmail.com,+1 (637) 962 9723,2875
179,Suzanne Scott,cookeantonio@evans-davis.com,+1 (492) 569 7971,2302
180,Deanna Wagner,mrussell@nguyen.info,+1 (743) 186 6764,2656
181,Heather Reyes,robertomiles@gmail.com,+1 (955) 107 8357,4914
182,Matthew Pearson,ramirezjames@gmail.com,+1 (860) 670 2144,870
183,Elaine Cobb,npalmer@hotmail.com,+1 (392) 340 2621,4475
184,Emily Evans,mendozapatrick@bell-moran.com,+1 (560) 566 6099,4260
185,Lauren Woods,amberbrock@gmail.com,+1 (836) 301 7122,831
186,Elizabeth Robinson,sharon84@yahoo.com,+1 (878) 835 3722,1791
187,Christian Ross,teresa95@hernandez.org,+1 (672) 505 2015,1423
188,Tamara Green,pchoi@yahoo.com,+1 (813) 378 1665,3508
189,Teresa Farmer,ortegamark@gmail.com,+1 (621) 293 5517,4594
190,Jill Cuevas,dennis75@yahoo.com,+1 (670) 139 5593,31
191,Sarah Rivera,davidgreen@dawson-stanton.com,+1 (642) 749 8088,1402
192,David Hernandez,james74@gmail.com,+1 (720) 912 3519,4554
193,Crystal Krause,joseph32@yahoo.com,+1 (916) 509 9047,1883
194,Edward Burton,valdezlisa@gmail.com,+1 (589) 669 3034,3161
195,Erica Gibbs,dennisbrooks@hotmail.com,+1 (346) 102 1155,2871
196,Javier Hansen,krodriguez@stephenson-smith.com,+1 (673) 589 7717,2836
197,Mark Carpenter,cynthia88@wright.info,+1 (937) 455 7531,3660
198,Isaac Phillips,evelyn81@hotmail.com,+1 (219) 127 2660,1461
199,Vanessa Joyce,dhebert@ruiz.org,+1 (929) 103 7061,2976
200,Jeffrey Rojas,vroberts@hotmail.com,+1 (247) 580 3966,1380
201,Timothy Medina DDS,mcmahonmike@martin-baker.com,+1 (459) 758 9635,977
202,Cindy Carter,kathleenlee@gmail.com,+1 (907) 302 8068,2773
203,Kimberly Dunn,jonathan37@miller.com,+1 (933) 849 4595,3602
204,Larry West,kristen42@gmail.com,+1 (693) 704 6869,389
205,Laura Hughes,tmccarthy@powell.com,+1 (977) 147 5148,2149
206,Jason Ferguson,turneramy@gmail.com,+1 (946) 533 2491,2294
207,Steven Hodges,huntlisa@hall.com,+1 (430) 536 8746,375
208,Amanda Jones,warehannah@ford-mcdonald.com,+1 (447) 983 3593,4115
209,Rhonda Lopez,petersondustin@sanchez.com,+1 (433) 706 7993,4616
210,Susan Ballard,taylormarks@gmail.com,+1 (752) 913 5245,1511
211,Patricia Martinez,zacharybrandt@bennett-hill.com,+1 (612) 163 7875,1798
212,Steven Snyder,angelicajohnson@hotmail.com,+1 (360) 883 2915,434
213,Kerry Singleton,erikagood@gmail.com,+1 (639) 686 5572,4518
214,Mark Richmond,scott15@duarte-hernandez.com,+1 (296) 831 9952,3405
215,Betty Vazquez,taylorwells@aguirre-daniels.com,+1 (882) 529 7521,3514
216,Christopher King,zsmith@hotmail.com,+1 (224) 954 7337,3846
217,Tammy Curtis,jonathanross@fisher.biz,+1 (854) 358 3824,2744
218,Amy Burns,susanwilson@grant.com,+1 (838) 987 1954,2462
219,Denise Allen,alexanderjodi@yahoo.com,+1 (773) 245 6530,1315
220,Brian Kelly,brownchristian@martinez.com,+1 (385) 766 5531,4054
221,Dustin Hill,nlopez@cox.info,+1 (813) 948 4808,2049
222,Seth Farrell,spacheco@yahoo.com,+1 (829) 223 1656,1732
223,Anita Sullivan,susan43@anderson-johnston.com,+1 (699) 737 4262,1575
224,Nancy Thompson,brad21@gmail.com,+1 (472) 102 6031,2897
225,Sarah Walker,steven53@lynch-williams.info,+1 (711) 587 2368,2061
226,Theresa White,johnsmith@hotmail.com,+1 (498) 907 8914,4184
227,Tammy Johnston,klogan@wheeler.com,+1 (458) 934 8363,3180
228,Lee Houston,kbush@blackburn-stout.com,+1 (441) 363 7205,1060
229,Shane Walsh,carpenterashley@yahoo.com,+1 (743) 404 6483,4813
230,Corey Donaldson,anthony07@weaver-patel.com,+1 (604) 759 5625,2373
231,Renee Brown,laurajones@burch.com,+1 (692) 172 9021,213
232,Stacy Miller,valenzuelanancy@yahoo.com,+1 (804) 413 6422,4299
233,Karen Ramirez,clarkdavid@yahoo.com,+1 (261) 638 3372,3049
234,Jennifer Hall,glopez@yahoo.com,+1 (928) 183 8017,4092
235,Jennifer Kelly,hernandezwilliam@casey-reed.com,+1 (424) 245 7168,4511
236,Megan Brown,jensendawn@gmail.com,+1 (810) 956 7393,3868
237,Kathleen Bennett,matthew37@gmail.com,+1 (786) 614 3578,3555
238,Tina Bray,astewart@hotmail.com,+1 (562) 320 2597,3376
239,Tammy Guerrero MD,estradashelly@martin.net,+1 (727) 269 4453,3456
240,Janet Barron,pearsondawn@edwards.net,+1 (334) 617 3881,3645
241,Jennifer Mahoney,patricia50@hotmail.com,+1 (224) 806 1076,2580
242,Michael Patel,taylor67@gmail.com,+1 (342) 666 4701,413
243,Christopher Richardson,joseph76@gmail.com,+1 (509) 380 3550,1016
244,Michael Robinson,danny39@olson-zavala.net,+1 (478) 217 3011,388
245,Melissa Blevins,dukeaaron@gmail.com,+1 (442) 938 8149,4412
246,Lauren Thompson,rfritz@hotmail.com,+1 (811) 196 8370,1107
247,David Farley,michaelgarrett@smith.com,+1 (912) 797 3083,3627
248,Courtney Holder,colemanmichael@barker.com,+1 (227) 397 1729,4793
249,Tina Solis,christopherthornton@hotmail.com,+1 (660) 290 3972,1418
250,Alexander Flores,steven05@hotmail.com,+1 (656) 338 2276,4816
251,Jonathan Wilson,watsonlucas@fuller.com,+1 (439) 454 5709,1481
252,Scott Mercer,thomasburgess@monroe.info,+1 (422) 841 1783,4066
253,Jordan Kent,smithbrittany@cruz-parker.com,+1 (337) 300 4121,2301
254,Dennis Smith,pfriedman@hotmail.com,+1 (829) 585 8028,2781
255,Keith Knapp,dianenicholson@hotmail.com,+1 (530) 979 7513,1070
256,Matthew Ramirez,brenda19@hotmail.com,+1 (726) 242 6835,448
257,Melissa Thompson,rachael80@gmail.com,+1 (682) 829 6770,3558
258,Dustin Hill,jamesduarte@yahoo.com,+1 (587) 376 6646,3405
259,Jonathan Berry,ramosjulie@harris.biz,+1 (798) 620 2676,4197
260,Rebecca Pearson,troy80@oconnor.com,+1 (698) 848 5958,4917
261,Jessica Nelson,watsonmichael@yahoo.com,+1 (501) 306 7230,4287
262,Mr. Mason Blake,zacharycook@robinson.org,+1 (287) 394 6055,343
263,Gregory Lam,garneredward@long.info,+1 (903) 800 6798,1162
264,Alexander Tapia,chavezdaniel@gmail.com,+1 (602) 369 3711,3921
265,Maria Mcneil,palmertyler@vargas-gray.info,+1 (561) 755 8845,329
266,Amanda Thomas,christinemartinez@williams.com,+1 (944) 107 8057,4353
267,Michael Sawyer,hoandrea@harris.org,+1 (614) 319 5217,2519
268,Terry Thomas,benjaminmarquez@lawson-david.biz,+1 (866) 421 7393,3747
269,Seth Mccarthy,guerraerica@yahoo.com,+1 (275) 803 2941,1153
270,Phillip Hunt,vanessabruce@hotmail.com,+1 (501) 341 6425,3078
271,Alexandra Gutierrez,elizabeth44@tapia-sanders.com,+1 (448) 949 2425,8
272,Amanda Lutz,jmccall@taylor.com,+1 (831) 901 3360,73
273,David Anderson,scott26@gmail.com,+1 (389) 866 1694,2267
274,Dr. Valerie Anderson,colleen95@gmail.com,+1 (838) 212 2568,3289
275,Rebecca Taylor,hflynn@navarro.com,+1 (393) 282 7283,2217
276,Joseph Valencia,qwilliams@yahoo.com,+1 (462) 461 2574,4820
277,Justin Roy,christopher97@hunt.biz,+1 (694) 927 9700,3771
278,Debra Norris,jenkinsdebbie@hotmail.com,+1 (757) 273 7838,2616
279,Angela Wood,williamperez@mcbride.com,+1 (724) 220 2476,1536
280,Karen Porter,cohenkim@wheeler-fitzgerald.org,+1 (916) 357 8934,2997
281,Paula Contreras,angela05@yahoo.com,+1 (719) 878 2716,4876
282,Deanna Conway,eblair@allen.biz,+1 (671) 293 5534,3530
283,Robert Randolph,royrose@yahoo.com,+1 (537) 471 4481,3696
284,Kristin Pham,ronaldvasquez@gmail.com,+1 (798) 207 8415,217
285,Holly Wallace,rjohnson@yahoo.com,+1 (694) 916 4698,2970
286,Karla Mcdonald,craigrichard@drake.com,+1 (487) 882 3232,168
287,Miranda Manning,christinafreeman@williams.com,+1 (501) 795 3656,2045
288,Rachel Ramos,castillojoel@green.org,+1 (418) 457 2617,2123
289,Charles Malone,watkinsjohn@hernandez.org,+1 (942) 774 4867,1067
290,Michael Snyder,sherri86@brown.com,+1 (312) 111 7661,3063
291,Dr. Jeremy Mccullough,bonillagary@hotmail.com,+1 (270) 635 6136,2536
292,Nicole Mcintyre,shane36@nelson-barnett.com,+1 (253) 528 9426,3528
293,Robert Moyer,gilmoreluke@george-thomas.com,+1 (674) 153 9033,1011
294,Donna Serrano,lopezcolin@gmail.com,+1 (412) 399 6639,1432
295,Jordan Hebert,fburke@mills.com,+1 (541) 342 4324,1950
296,Lawrence Smith,blackburnalexander@guerrero-alvarez.com,+1 (300) 668 1892,4831
297,Clarence Turner,cookjoe@jackson-jensen.net,+1 (852) 309 7134,2088
298,Michael Johnson,jeffreyjackson@yahoo.com,+1 (816) 370 2840,4521
299,Jill Atkinson,along@gmail.com,+1 (605) 716 9240,4070
300,Edward Kane MD,mooneykevin@oliver.biz,+1 (694) 785 4473,4726
301,Danielle Bass DDS,kwoods@gmail.com,+1 (398) 321 2256,421
302,Jordan Cross,michelle80@gmail.com,+1 (817) 606 7743,584
303,Kelly Stewart,odomjonathan@gmail.com,+1 (831) 913 3917,3942
304,Daniel Rangel,joshua01@hotmail.com,+1 (237) 404 4630,2246
305,Breanna Burton,clarkcharles@gmail.com,+1 (367) 880 8975,74
306,Vanessa Gonzalez,patrick97@harrison-hamilton.org,+1 (484) 394 9130,2702
307,Jeremy Saunders,llyons@clarke.net,+1 (462) 150 8886,1359
308,Evan Michael,paul01@garrett-sims.info,+1 (221) 873 3889,3690
309,Alyssa Wong,danielserrano@hotmail.com,+1 (653) 786 4140,2536
310,Debra Brown,nphillips@garza-vasquez.com,+1 (685) 372 7076,3318
311,Brandon Green,erika39@walker.com,+1 (690) 405 3733,87
312,Natalie Carter,fmoore@hotmail.com,+1 (786) 745 6570,1278
313,Molly Bautista,nicolecooper@yahoo.com,+1 (528) 957 9329,1260
314,Jason Smith,austin13@rodriguez.info,+1 (500) 148 8174,3132
315,Mario Martinez,christopherreed@young.com,+1 (428) 518 2927,1992
316,Hayley Perry,gregory73@willis.com,+1 (904) 627 4983,3218
317,Alyssa Moreno,brittanykirby@arnold.org,+1 (466) 537 2996,2567
318,Vanessa Martin,susanwilliams@hess.com,+1 (530) 909 8813,1662
319,Matthew Rogers,vdoyle@mullen.com,+1 (797) 443 6153,637
320,Shannon Leon,icarlson@powell-martinez.com,+1 (724) 389 6200,4158
321,Timothy Sims,thomas27@strong-mcclure.com,+1 (800) 541 6353,1994
322,Maria Castro,coreygriffin@hotmail.com,+1 (651) 160 2279,1272
323,Samantha Nelson,brandon93@davis.com,+1 (777) 618 5505,900
324,Sarah Figueroa,rebeccapeterson@yahoo.com,+1 (234) 332 2098,1445
325,Brandon Miranda DVM,colonmichael@gmail.com,+1 (949) 184 6755,2392
326,Douglas Mclaughlin,alexander69@wade.info,+1 (943) 195 8303,4956
327,Amy Jones,nramirez@foster-yang.com,+1 (465) 722 8856,1832
328,Brian Rivera,pattersonlisa@gmail.com,+1 (452) 308 5902,4028
329,Edwin Schultz,epadilla@hotmail.com,+1 (363) 739 4258,2984
330,Zachary Alvarez,phillip45@moore.net,+1 (214) 164 8143,2074
331,Teresa Anderson,jessicaperez@gmail.com,+1 (846) 264 1105,3753
332,Connor Howard,sextonrobert@lyons.info,+1 (236) 527 8178,4833
333,Kevin Martin,brianfletcher@cooper-parker.com,+1 (586) 516 6201,4186
334,Thomas Anderson,nicole80@ruiz.org,+1 (655) 305 7255,4267
335,Adam Peterson,johnsonbrenda@smith.com,+1 (978) 576 7148,1742
336,Desiree Smith,garrett04@potts.com,+1 (743) 339 6257,3065
337,Dustin Estrada,zcruz@gmail.com,+1 (321) 557 6265,4659
338,William Burton,cassandra17@weber.net,+1 (732) 115 7778,1398
339,Rebecca Richard,andersonsherry@lynch.org,+1 (711) 576 8783,2840
340,Michaela Moore,mitchellmonique@martinez.biz,+1 (590) 647 6308,3852
341,Crystal Grant,murphykatherine@dominguez.biz,+1 (407) 368 4060,993
342,Eric Diaz,chandlerdiane@gmail.com,+1 (685) 981 9655,3891
343,Michael Lopez,johnsonmartin@gmail.com,+1 (943) 885 7797,1197
344,Lisa Wright,hannah91@houston-jones.net,+1 (907) 523 9476,1630
345,Ryan Smith,iwarner@bright.biz,+1 (488) 380 1195,2015
346,Alan Phillips,porteramber@yahoo.com,+1 (340) 224 2380,1487
347,Bethany Young,vmassey@gmail.com,+1 (400) 721 9576,4449
348,Pam Johnson,joelwhite@odonnell-stewart.com,+1 (761) 350 5141,1106
349,Frank Silva,tanyaramirez@yahoo.com,+1 (663) 833 6005,4902
350,Paige Lamb,rojassamuel@marsh.com,+1 (631) 311 8289,4178
351,Craig West,davissarah@yahoo.com,+1 (937) 902 8023,2355
352,Christopher Moore,dlloyd@anderson-walker.org,+1 (619) 349 1103,1000
353,Alexander Mcfarland,irodriguez@gmail.com,+1 (738) 230 8242,4255
354,Michael Hayes,larrywhite@hayes.com,+1 (598) 185 7532,3131
355,Kimberly Taylor,williamsallison@gmail.com,+1 (659) 186 9349,2264
356,Thomas Vega,nancy59@peters-williams.biz,+1 (702) 417 2227,4610
357,Veronica Smith,oevans@taylor.com,+1 (221) 875 4695,3091
358,Jenny Fernandez,wandacunningham@gmail.com,+1 (499) 548 3855,4870
359,Angel Stevens,nicholaspearson@hotmail.com,+1 (741) 709 6328,2723
360,Kimberly Davila,charlesmorris@yahoo.com,+1 (814) 656 5344,1254
361,Joshua Hardin,lsmith@moore.org,+1 (301) 908 6761,3979
362,Tony Bolton,myerspeter@johnson.net,+1 (598) 454 5754,1061
363,Dr. Jesse Winters,timothy48@hotmail.com,+1 (855) 820 9858,3245
364,Vincent Mcgee,reginald49@simmons.com,+1 (224) 682 5393,2465
365,Austin Fox,swansondakota@howard.com,+1 (955) 237 3015,2586
366,Maria Little,jacksonmary@ellis.com,+1 (792) 562 2304,4758
367,Nathan Frederick,hgraham@lee.com,+1 (485) 553 3722,4426
368,Michael Parker,heather44@hotmail.com,+1 (950) 928 4811,828
369,Beth Lindsey,amy81@gmail.com,+1 (919) 802 2466,98
370,Misty Harrington,byrderin@romero.com,+1 (304) 954 3512,4085
371,Edward Wright,carsonryan@kelly-mathews.com,+1 (540) 610 3708,3638
372,Michael Hall,garzasteven@johnson.net,+1 (608) 143 6223,4186
373,Scott Cochran,olamb@booth.com,+1 (897) 496 5915,1435
374,Julie Johnson,davidspencer@yahoo.com,+1 (313) 355 4429,235
375,Devin Morris,nkerr@hotmail.com,+1 (456) 142 8370,390
376,Danielle Burns,robinsonchristina@yahoo.com,+1 (588) 664 4584,4070
377,Shelby Fields,rebeccahoover@morgan-rubio.com,+1 (972) 390 4152,197
378,Kimberly Allen,samuel38@bennett.com,+1 (646) 824 8330,2588
379,Peggy Smith,michael59@hotmail.com,+1 (300) 236 7105,353
380,Wendy Davis,jvasquez@wilson.biz,+1 (556) 631 2095,4917
381,Robert Johnson,johnsonpaige@lawrence.com,+1 (599) 223 4640,3818
382,Jacob Mcdonald,summer52@hotmail.com,+1 (449) 149 3730,2431
383,Bruce Kirk,tonya27@yahoo.com,+1 (640) 682 4090,51
384,Sandra Lewis,michellecarrillo@brown-livingston.com,+1 (896) 823 6876,2875
385,Brian Higgins,agraves@yahoo.com,+1 (558) 118 2379,1491
386,Jaclyn Manning,swhite@yahoo.com,+1 (383) 891 1733,2023
387,Cynthia Rivera,pamelagarrison@hotmail.com,+1 (904) 577 3681,4419
388,William Wolf,zingram@goodwin-larson.com,+1 (243) 636 7779,2514
389,Erin Kirk,fergusonjamie@mcknight.com,+1 (392) 952 6785,2620
390,John White,jmullins@gmail.com,+1 (938) 800 2924,4721
391,Andrea Smith,waynemartinez@bishop.com,+1 (718) 553 4736,144
392,Dennis Schneider,stephentaylor@reeves-stark.com,+1 (333) 374 3868,4505
393,James Ortega,lsmith@yahoo.com,+1 (209) 104 6679,4924
394,Melissa Colon,parkerlatoya@yahoo.com,+1 (497) 327 6020,2418
395,Jeffrey Young,stewartmeagan@yahoo.com,+1 (206) 810 7744,3805
396,Stephen Santiago,zjames@yahoo.com,+1 (341) 473 7267,4379
397,Michael Brooks,vegakevin@gmail.com,+1 (629) 939 1821,542
398,Jacqueline Wilson,rebecca60@yahoo.com,+1 (986) 587 5246,140
399,Ryan Logan,williamstamara@key-johnson.com,+1 (256) 602 9937,3918
400,Kimberly Wells,marc23@gmail.com,+1 (577) 573 6222,2724
401,Brad Cochran,caroline21@rosales.com,+1 (980) 495 2738,3034
402,Vincent Phillips,hooperpamela@hoffman-clayton.net,+1 (956) 688 1569,52
403,Nancy Fox,krobinson@gmail.com,+1 (968) 430 5717,4395
404,Kimberly Castillo,mariahmorris@bradley-delgado.com,+1 (537) 522 9013,1458
405,Miss Angela Anderson,ambergreene@cochran-diaz.org,+1 (522) 960 3731,999
406,Courtney Richardson,karenmarks@gmail.com,+1 (973) 252 7577,4400
407,Rachael Diaz,plara@hotmail.com,+1 (296) 773 9164,4836
408,Walter Norris,buchananjohn@evans-zuniga.com,+1 (551) 118 3957,4886
409,Nicole Moody,nicholasromero@hotmail.com,+1 (459) 613 9731,955
410,Mrs. April Clark,leonardli@delgado-bishop.net,+1 (346) 946 4638,2486
411,Angela Burke,christopher14@jennings.info,+1 (590) 100 8754,4483
412,Francisco Hall,aconway@hotmail.com,+1 (624) 458 5858,3286
413,Brittany Leach,stevenaguirre@hotmail.com,+1 (397) 258 3857,2641
414,Zachary Pierce,julie38@garcia-garcia.com,+1 (921) 705 9742,3012
415,Joseph Johnson,tommycoffey@willis.biz,+1 (818) 983 6641,3365
416,Amanda Brown,vrobinson@yahoo.com,+1 (570) 681 6404,4996
417,Brian Shaw,lopezamy@yahoo.com,+1 (625) 434 5447,4544
418,James Rivas,yhoffman@gmail.com,+1 (386) 553 8260,4043
419,Brian Heath,johnsonholly@yahoo.com,+1 (289) 600 2407,3871
420,Christopher Donovan,iwoods@yahoo.com,+1 (372) 234 7904,1215
421,Amber Schroeder,jenkinscharles@gmail.com,+1 (501) 137 9041,3124
422,Melissa Lam,wrightashley@garner.info,+1 (957) 470 4312,2971
423,Eric Pope,fwilson@benitez.com,+1 (716) 581 6162,2536
424,Jeremiah Edwards,smithtony@yahoo.com,+1 (920) 779 2627,2405
425,Alicia Jenkins,oscarmaxwell@gmail.com,+1 (694) 790 6004,4138
426,Robert Vazquez,gregory95@brown-brown.com,+1 (833) 224 5865,2422
427,Michael Hill,karlataylor@chang-morse.com,+1 (474) 621 3479,814
428,Raymond Parks,ocastillo@hotmail.com,+1 (275) 624 6991,4545
429,John Cox,ywalker@gmail.com,+1 (668) 384 1967,4471
430,Victor Lewis,jameshansen@hotmail.com,+1 (234) 417 8155,1126
431,Jeremy Miller,charlotteraymond@yahoo.com,+1 (671) 619 3661,762
432,Larry Gonzalez,steven60@hernandez-howard.org,+1 (596) 288 3377,1788
433,Daniel Randall,yweaver@friedman.com,+1 (458) 564 5347,864
434,Eric White,aaronquinn@gmail.com,+1 (821) 737 6851,3820
435,Kyle Meyer,taylorjoshua@hobbs-johnson.info,+1 (493) 258 4280,2003
436,Dr. David Todd,lchang@yahoo.com,+1 (346) 381 9861,1979
437,David Stevens,xevans@hernandez.com,+1 (729) 494 3376,4705
438,John Mckenzie,colleenschneider@todd.org,+1 (427) 373 2231,4754
439,Raymond Bowman,phillipsmichelle@flores.net,+1 (353) 743 6472,3612
440,Melissa Green,walshdouglas@hotmail.com,+1 (536) 809 5633,925
441,Joshua Martin,christopherkane@hotmail.com,+1 (266) 256 2676,1221
442,Sara Brady,briansheppard@cook.com,+1 (263) 481 5268,3891
443,Katie Moore,cmitchell@gmail.com,+1 (873) 261 3484,4105
444,Rhonda Smith,whester@hotmail.com,+1 (861) 962 8937,965
445,Nathan Reed,charlessmith@thompson.info,+1 (454) 109 7218,562
446,Samuel Wells,richardcohen@brown.info,+1 (224) 997 5094,2516
447,Kayla Bailey,grant93@yahoo.com,+1 (310) 710 4470,1902
448,Frank Koch,atorres@hotmail.com,+1 (554) 668 6602,2094
449,Michael Robinson,kim89@yahoo.com,+1 (907) 614 4051,4303
450,Shawn George,huntercatherine@sanchez.com,+1 (531) 659 2537,3399
451,Brandon Moreno,welchgina@hotmail.com,+1 (918) 707 6314,4270
452,Michael Aguilar,gomezjuan@yahoo.com,+1 (965) 327 3042,2015
453,Jared Cain,jacquelinejames@hotmail.com,+1 (908) 352 9386,136
454,David Graham,katelynjones@gmail.com,+1 (813) 546 2980,363
455,Thomas Dominguez,vanessamullins@foster.info,+1 (413) 427 9383,3352
456,Thomas Miller,jparker@gmail.com,+1 (428) 533 6881,1001
457,Catherine Romero,raymondwaters@gilmore.com,+1 (789) 623 9499,2617
458,Paul Sandoval,aguilardebra@yahoo.com,+1 (867) 662 9523,2439
459,Jeremiah Stanley,davisdouglas@hughes.com,+1 (465) 589 9125,812
460,Eric Campbell,hillclarence@yahoo.com,+1 (417) 729 8088,2398
461,Emily Conley,johnstondavid@cole-martinez.net,+1 (857) 899 7859,2462
462,Sherry Fernandez,jgarcia@hotmail.com,+1 (205) 304 7818,4100
463,Mary Caldwell,beanjoseph@gmail.com,+1 (568) 389 8792,1019
464,Lisa Garza,nanderson@dawson.net,+1 (672) 270 2905,2666
465,Michele Perkins,zpugh@gmail.com,+1 (716) 557 7065,4798
466,Rick Sutton,autumnmoore@knox.com,+1 (292) 736 2447,521
467,Brian Simmons,woodwilliam@gmail.com,+1 (764) 744 7910,788
468,Stephen Gamble,zromero@long.com,+1 (691) 338 3044,4888
469,Lisa Brown,turnermary@hotmail.com,+1 (721) 183 8304,884
470,Sheri Williams,meyertravis@nichols.com,+1 (449) 677 8425,3618
471,Kara Griffith,thompsonyolanda@smith.com,+1 (790) 875 4398,2418
472,Mark Cannon,jacobbarnes@harris.com,+1 (626) 580 5223,3305
473,Terry Brooks,stephanienunez@hotmail.com,+1 (934) 180 7810,859
474,Elizabeth Deleon,espinozamolly@phillips-williams.com,+1 (526) 887 8743,710
475,Natalie Thomas,werickson@yahoo.com,+1 (316) 928 3094,4586
476,Lori Benton,susanbrown@hotmail.com,+1 (266) 261 4785,1501
477,Gerald Steele,james32@romero-nelson.info,+1 (230) 432 1192,4487
478,Edward Grimes,harrisonannette@hardy-montoya.com,+1 (867) 918 1324,4506
479,Eric Livingston,vperry@hotmail.com,+1 (982) 819 9932,1840
480,Bridget Adams,conradsandra@yahoo.com,+1 (873) 424 3701,395
481,Cindy Wilson,reillyjamie@smith.org,+1 (373) 790 9653,2374
482,Gabrielle Stone,lisa36@welch.biz,+1 (378) 123 7090,4632
483,Michael Vasquez,bradshawrobert@jones.net,+1 (201) 433 6745,4196
484,Thomas Hernandez,erikawilson@wheeler.com,+1 (597) 616 8425,3520
485,Cathy Howard,harringtoncharlotte@gmail.com,+1 (824) 749 2016,3145
486,Matthew Parker,gedwards@gmail.com,+1 (940) 425 6013,3592
487,Matthew Morris,gbishop@yahoo.com,+1 (930) 535 9933,1744
488,Melanie Simon,daniel98@gmail.com,+1 (572) 632 8089,4189
489,Ethan Estrada,zmendoza@fowler.com,+1 (826) 188 5631,129
490,Emily Sandoval,kimberly74@york-martin.com,+1 (403) 201 4225,2124
491,William Fisher,careymadeline@gmail.com,+1 (253) 181 6472,3670
492,Bradley Meyer,fmccormick@yahoo.com,+1 (754) 164 5726,4789
493,April Duncan,courtney19@jones.net,+1 (291) 500 5481,1836
494,Ryan Mahoney,michaelcollins@gmail.com,+1 (504) 819 1569,2664
495,Brandy Vargas,christopherward@zamora-willis.com,+1 (799) 293 1662,155
496,Charles Murphy,ktorres@gmail.com,+1 (221) 556 2832,1129
497,Ryan Montoya,davismary@gmail.com,+1 (794) 419 4341,2512
498,Kelly Anderson,rmorales@noble.com,+1 (320) 606 6202,4657
499,Victoria Cooper,jtrevino@harris.com,+1 (494) 398 8084,4
500,Joan Palmer,sarawoods@coffey.org,+1 (636) 480 2682,4485
