user_id,name,email,status,registration_date,last_login
1,Richard Gibson,jamiewaters@york-payne.com,Inactive,7/27/23,10/9/24
2,Mr. Austin Payne,bcastro@yahoo.com,Active,4/23/23,7/31/24
3,Cynthia Bridges,ralph75@kirk-solomon.com,Active,7/21/23,6/13/24
4,Thomas Nichols,taylor83@gmail.com,Active,2/2/23,12/30/23
5,Alejandra Jones,xprice@pearson.biz,Inactive,9/26/23,9/4/24
6,Heidi Mitchell,westtammy@gmail.com,Active,2/12/23,11/19/24
7,Tiffany Davis,joshua93@smith-brown.net,Active,3/28/23,7/6/24
8,Bradley Turner,christopher22@rodriguez-herman.com,Inactive,10/24/23,5/8/24
9,Crystal Jimenez,ddalton@gmail.com,Active,4/11/23,12/17/23
10,John Fowler,fwood@gibson.com,Inactive,5/8/23,2/12/24
11,Amy Nguyen,torreslarry@yahoo.com,Active,3/14/23,6/21/24
12,Michael Johnson,joshuaherring@gray.com,Inactive,9/5/23,7/17/24
13,Carol Villarreal,qortiz@yahoo.com,Active,12/1/22,2/3/24
14,Corey Garza,richard66@hotmail.com,Active,6/1/23,10/2/24
15,Mrs. Laurie House MD,lisa21@wade.com,Active,3/15/23,3/10/24
16,Jose Mills,ashley30@yahoo.com,Inactive,1/18/23,11/11/24
17,Lisa Johns,perezcharles@yahoo.com,Active,3/13/23,5/14/24
18,Shelly Clark,allison74@hotmail.com,Inactive,10/23/23,12/25/23
19,Brianna Owens,tylerhale@gmail.com,Active,11/12/23,3/24/24
20,David Parker,shepardrobert@hotmail.com,Active,2/7/23,6/16/24
21,Thomas Lester,griffithdanielle@reyes.com,Active,1/12/23,11/21/24
22,Michael Brown,david18@yahoo.com,Active,2/17/23,6/9/24
23,Wendy Simmons,timpatton@larson.com,Inactive,10/12/23,6/16/24
24,Joseph Wright,donna34@vega.com,Active,1/2/23,6/28/24
25,Karen Sanchez,derrick68@tanner-malone.com,Inactive,4/29/23,8/11/24
26,Melanie Davis,uweaver@murphy.info,Inactive,11/6/23,5/22/24
27,Daniel Greene,larry31@hotmail.com,Active,6/11/23,4/10/24
28,Glenda Sampson,mitchellturner@roy.org,Active,7/1/23,1/24/24
29,George Carter,gomezmichael@garcia.com,Inactive,4/29/23,8/17/24
30,Wanda Lewis,david80@morales.net,Active,11/29/23,8/2/24
31,Amanda Curtis,davidwells@thompson.org,Active,10/16/23,2/4/24
32,Joseph Lee,meganmoon@smith.net,Inactive,4/27/23,3/1/24
33,Yvonne Davis,william57@gmail.com,Inactive,4/8/23,12/23/23
34,Jacob Williams,nicoleharris@yahoo.com,Active,2/26/23,2/16/24
35,Richard Ayala,casey34@hotmail.com,Inactive,8/27/23,11/1/24
36,Sabrina Gomez,mortonjonathan@lewis.com,Active,10/20/23,4/18/24
37,Sarah Reilly,cookchristopher@gmail.com,Inactive,2/26/23,8/3/24
38,John Villa,steven05@gmail.com,Active,2/26/23,10/5/24
39,Brian Thomas,yrobinson@blair.com,Inactive,2/24/23,2/18/24
40,Christopher Hall,nharris@yahoo.com,Active,3/3/23,7/11/24
41,David Newman,brent93@gmail.com,Active,2/26/23,4/16/24
42,Richard Medina,mariaallen@green.com,Active,11/4/23,4/26/24
43,Philip Berger,vmartin@gmail.com,Active,11/5/23,8/22/24
44,Nancy Santiago,trujilloalan@richardson.com,Inactive,11/21/23,2/29/24
45,Elizabeth Morales,vphillips@gmail.com,Active,7/28/23,10/23/24
46,Thomas Miller,andersonanthony@hotmail.com,Active,10/24/23,6/9/24
47,Cheryl Estes,wudavid@harris-cunningham.org,Inactive,7/12/23,6/20/24
48,Scott Jones,brentbutler@yahoo.com,Active,8/5/23,12/8/23
49,Karen Phillips,alexandershields@hughes.net,Active,3/20/23,5/22/24
50,Anthony Zavala,cardenasandrea@gmail.com,Active,7/10/23,6/27/24
51,Kathleen Reyes,christinedelacruz@hotmail.com,Inactive,7/27/23,9/1/24
52,Janet Russell,nicole33@gmail.com,Active,12/10/22,7/4/24
53,Karen Morrison,sheltondaniel@horton.net,Inactive,8/22/23,10/18/24
54,Justin Cox,kevinferrell@carr.net,Active,7/27/23,8/14/24
55,James Harris,jessicalester@hotmail.com,Active,2/22/23,3/21/24
56,Mary Hernandez,megan30@boyd.com,Active,12/15/22,1/27/24
57,Louis Rowe,nlopez@santana-reynolds.org,Active,5/18/23,11/17/24
58,Crystal Rodriguez,jasminepatterson@yahoo.com,Inactive,4/3/23,5/15/24
59,David Moody,storres@garcia.net,Inactive,7/23/23,10/4/24
60,Anthony Figueroa,zshields@johnson.com,Active,7/18/23,5/12/24
61,Gregory Kennedy,fpierce@gmail.com,Active,9/13/23,6/16/24
62,Jason Johnson,schristensen@hotmail.com,Active,3/17/23,5/27/24
63,Matthew Sosa,imathews@ferrell-novak.com,Inactive,9/26/23,6/24/24
64,Lisa Wright,hansonbonnie@hotmail.com,Inactive,2/11/23,3/2/24
65,Michael Rice,travis14@gmail.com,Active,12/2/22,3/4/24
66,Travis White Jr.,campbellpaige@hotmail.com,Inactive,10/2/23,5/10/24
67,Mrs. Margaret Hubbard DDS,zachary01@hotmail.com,Active,3/5/23,11/9/24
68,Mikayla Tanner,mjones@yahoo.com,Active,7/9/23,12/4/23
69,Robert Cox,austinjordan@coleman.com,Inactive,4/25/23,7/25/24
70,Sandra Wilson,snguyen@perkins-howe.com,Active,8/15/23,12/2/23
71,Miguel Burton,wward@yahoo.com,Inactive,7/1/23,9/4/24
72,Edward Thompson,ocontreras@dean.info,Active,3/20/23,9/2/24
73,Ralph Booker,paynecassandra@norman.com,Active,5/11/23,11/13/24
74,Linda Austin,henrynathaniel@gmail.com,Active,1/6/23,5/5/24
75,Justin Russell,james18@schneider.com,Inactive,11/29/23,5/13/24
76,Michael Bryant,cardenasjessica@garrett.info,Inactive,1/30/23,3/5/24
77,Amy Beltran,joschwartz@fisher.com,Inactive,5/5/23,1/2/24
78,Richard Gill,garrett30@hotmail.com,Inactive,7/21/23,2/17/24
79,Marc Mcguire,daniel07@hotmail.com,Active,8/7/23,1/19/24
80,Michael Bonilla,jbryan@decker.com,Active,12/4/22,6/20/24
81,Julie Robbins,greenzachary@cox.com,Active,6/10/23,1/17/24
82,Michelle Vazquez,watsonjohn@hotmail.com,Active,12/4/22,6/30/24
83,Michael Harper,steven12@yahoo.com,Inactive,3/22/23,8/31/24
84,Jose Miller,mary19@hotmail.com,Inactive,5/26/23,5/31/24
85,Kathryn Figueroa,philip54@williams.info,Inactive,5/13/23,8/2/24
86,Michael Thomas,chungchristopher@parker-sullivan.com,Active,10/9/23,3/4/24
87,Andrew Sullivan,waltoncatherine@hotmail.com,Active,8/8/23,10/23/24
88,Sabrina Graham,groberts@hotmail.com,Active,7/1/23,3/12/24
89,Wanda Robertson,emma11@harrison-cunningham.com,Active,8/7/23,5/26/24
90,Brandon Murray,fhowell@lambert-owens.com,Active,3/12/23,12/21/23
91,Joseph Kelly,douglas61@gmail.com,Active,10/6/23,8/3/24
92,Justin Chaney,waltersmegan@yahoo.com,Inactive,12/16/22,7/15/24
93,Hannah Hunt,eochoa@yahoo.com,Active,2/2/23,7/27/24
94,Shane Kelly,angela14@soto-jordan.com,Inactive,4/28/23,9/15/24
95,Grace Matthews,panderson@green.org,Inactive,1/10/23,7/10/24
96,Charles Franklin DVM,thomas65@gmail.com,Inactive,9/2/23,3/2/24
97,Tracy Jordan,bsingleton@stevens.org,Active,7/13/23,1/27/24
98,Kristen Obrien,danielfrank@hotmail.com,Inactive,9/27/23,12/24/23
99,Samantha Murphy,amberrichmond@hotmail.com,Inactive,9/23/23,9/13/24
100,Thomas Gray,brownamy@yahoo.com,Inactive,10/23/23,1/5/24
101,Charles Morales,webbdouglas@yahoo.com,Inactive,3/12/23,5/21/24
102,Kayla Adams,timothy13@yahoo.com,Inactive,6/26/23,7/9/24
103,Linda White,lorithompson@hotmail.com,Inactive,4/2/23,12/3/23
104,Tara Roberts,amber88@yahoo.com,Active,4/16/23,11/6/24
105,Angela Aguilar,sara31@collins-vang.com,Active,7/31/23,3/20/24
106,Stephen Gibbs,martinezanna@gmail.com,Inactive,7/14/23,11/30/24
107,Katie Hogan,ibanks@wilson-peterson.info,Inactive,8/11/23,8/9/24
108,Sharon Myers,jenniferjohnson@thomas-pittman.org,Inactive,1/20/23,6/18/24
109,John Williams,bryanmacdonald@munoz.org,Inactive,9/28/23,11/3/24
110,Rachel Greene,jamesbarton@gmail.com,Inactive,5/18/23,8/22/24
111,Trevor Henderson,ritabaldwin@murray-mcguire.com,Active,7/31/23,3/26/24
112,Joseph Quinn,olivertimothy@daniel-swanson.org,Active,1/15/23,10/15/24
113,Kari Meyer,heather60@harris.com,Active,10/25/23,2/10/24
114,Mr. Kevin Beck,lauren32@hotmail.com,Active,10/2/23,4/30/24
115,Patty Myers,timothy69@hotmail.com,Inactive,3/15/23,1/5/24
116,Joseph Ford,martin05@sanchez-huff.com,Inactive,1/31/23,5/5/24
117,James Fitzgerald,heather64@hotmail.com,Inactive,6/23/23,9/27/24
118,Mark Bradley,karen65@hotmail.com,Active,12/7/22,8/30/24
119,Timothy Rivera,edward25@randolph-dennis.com,Inactive,2/16/23,7/14/24
120,Michele Pierce,charles05@hotmail.com,Active,11/7/23,9/2/24
121,Aaron Ramirez,karastrong@gmail.com,Active,9/4/23,10/24/24
122,Benjamin Mcgee,abigailarroyo@garcia-banks.biz,Active,4/21/23,11/19/24
123,George Rodriguez,robertevans@armstrong.net,Active,10/29/23,11/25/24
124,Richard Gutierrez,wliu@ellis.com,Active,11/11/23,6/18/24
125,Erica Lopez,nathanielwhite@hotmail.com,Inactive,2/8/23,3/10/24
126,Leon Howard,jgreen@gmail.com,Inactive,4/13/23,9/22/24
127,Zachary Morris,mandrews@ford.com,Inactive,6/15/23,7/20/24
128,Jessica Myers,davidflores@rodriguez.com,Inactive,7/2/23,1/28/24
129,Bradley Romero,klinejeremiah@lewis.org,Inactive,10/28/23,7/7/24
130,Bridget Woodward,markramos@gmail.com,Inactive,4/16/23,12/20/23
131,Miranda Mitchell,matthew66@hamilton.info,Inactive,9/4/23,4/17/24
132,Matthew English,david88@silva-mason.org,Inactive,7/14/23,5/6/24
133,Heidi Smith,robertglover@smith-fields.com,Inactive,7/29/23,3/20/24
134,Andrea Jacobson,gabriel48@lewis.com,Inactive,2/27/23,11/18/24
135,David Williams,gibsonbrooke@hotmail.com,Active,1/14/23,8/4/24
136,Sheryl Lamb,ann74@yahoo.com,Inactive,3/17/23,9/17/24
137,Sarah West,daniel68@dalton.net,Active,9/16/23,7/23/24
138,Robert Vega,brittany94@gmail.com,Inactive,1/7/23,11/12/24
139,Mark Watson,rkelley@yahoo.com,Active,11/12/23,12/2/23
140,Kelsey Guzman,michaelflores@yahoo.com,Inactive,6/25/23,1/8/24
141,Michael Ferguson,anthony47@hotmail.com,Inactive,10/22/23,7/13/24
142,Cory Price,samuel46@smith.com,Active,4/9/23,8/11/24
143,David Davis,gabriela61@hotmail.com,Active,6/8/23,5/2/24
144,Isaac Walker,robertgarza@bruce.com,Inactive,10/12/23,6/25/24
145,Amy Rosales,zimmermanlawrence@hotmail.com,Inactive,6/24/23,11/27/24
146,Maria Turner,urussell@underwood.com,Inactive,9/14/23,12/29/23
147,Amber Ryan,justinchen@mcdonald.net,Inactive,11/3/23,7/1/24
148,Shannon Martin,calderonbarbara@simmons-alvarez.com,Active,6/5/23,1/2/24
149,Juan Atkins,gregorycynthia@gmail.com,Active,8/5/23,1/2/24
150,Joshua Bright,danielhill@lawrence.org,Inactive,11/18/23,7/12/24
151,Michael Underwood,brianpotter@hotmail.com,Active,2/17/23,3/16/24
152,Randy Collins,renee85@soto.org,Inactive,6/4/23,10/20/24
153,Jamie Tucker,silvanorma@yahoo.com,Inactive,3/19/23,5/7/24
154,Alexander Henry,garnerjennifer@yahoo.com,Inactive,4/22/23,9/4/24
155,Christy Jones,karenlopez@yahoo.com,Inactive,10/28/23,5/23/24
156,Kendra Mitchell,milleradam@taylor-johnson.org,Inactive,2/26/23,8/27/24
157,Natasha Nguyen,edwardsjanet@dunn.com,Active,5/14/23,6/29/24
158,Carol Cooper,douglas90@hotmail.com,Active,5/1/23,10/22/24
159,Robert Martinez,frivera@howard.com,Inactive,10/25/23,3/22/24
160,Renee Blake,choikaylee@hinton-morris.biz,Active,12/8/22,8/13/24
161,Leslie Wright,lrivera@gmail.com,Inactive,11/24/23,4/29/24
162,Lucas Jones,jesse95@hoffman-martin.info,Active,4/5/23,8/16/24
163,William Neal,sheltoncheryl@yahoo.com,Active,5/9/23,10/9/24
164,Kayla Bryan,diana76@coleman-ross.com,Inactive,6/1/23,3/1/24
165,Melissa Nelson,briannabauer@yahoo.com,Active,4/11/23,4/26/24
166,Rachel Diaz,mkerr@yahoo.com,Active,8/2/23,12/28/23
167,Linda Myers,millerthomas@hotmail.com,Inactive,1/18/23,10/27/24
168,Angela Jensen,ihamilton@bowers-jones.com,Inactive,4/13/23,6/29/24
169,Rebecca Bishop,michaelnelson@yahoo.com,Inactive,1/18/23,12/12/23
170,Paula Jordan,mario87@hotmail.com,Inactive,5/17/23,11/16/24
171,Donald Cummings,natasha84@rice.biz,Active,6/20/23,6/1/24
172,Isabel Greene,angelagross@ibarra-wagner.com,Active,9/23/23,6/15/24
173,John Figueroa,ywells@morrow.biz,Inactive,2/19/23,11/4/24
174,James Moreno,ktaylor@hotmail.com,Active,4/29/23,7/11/24
175,Janet Crawford,jeffrey80@gmail.com,Active,7/16/23,11/30/24
176,Casey Sims,yparrish@yahoo.com,Inactive,10/5/23,8/22/24
177,Larry Jennings,danielmcintosh@tran-hawkins.com,Inactive,2/2/23,10/22/24
178,Anthony Miller,jameshampton@brown.info,Active,9/15/23,5/1/24
179,Victoria Gordon,egregory@vega.com,Inactive,1/16/23,11/13/24
180,Melissa Hayden,philipthomas@yahoo.com,Inactive,2/10/23,6/1/24
181,Elizabeth Estrada,burchkarl@ramos.com,Active,8/31/23,10/27/24
182,Shane Gonzales,woodslaura@peters.com,Inactive,12/21/22,6/5/24
183,Sarah Murphy,ryanbryan@hull-martin.com,Inactive,5/12/23,1/5/24
184,Tabitha Davis DDS,ppatterson@hotmail.com,Active,12/24/22,5/1/24
185,Ryan Nichols,scott91@hotmail.com,Inactive,7/4/23,3/31/24
186,John Spencer,tyler07@hotmail.com,Inactive,7/22/23,7/2/24
187,Dylan Zuniga,kennethjenkins@smith.com,Active,7/19/23,2/29/24
188,William White,loretta23@hotmail.com,Active,11/20/23,1/13/24
189,Kyle Davidson,matthewsandoval@hotmail.com,Active,8/25/23,2/8/24
190,Daniel Perkins,timothy39@andrade.com,Active,8/1/23,3/25/24
191,Sierra Evans,dmyers@sampson-sanchez.com,Active,1/11/23,11/2/24
192,Carolyn Sutton,mark76@young-price.org,Inactive,10/7/23,9/27/24
193,Tiffany Liu,hoffmanchad@moore.info,Active,7/31/23,12/20/23
194,Crystal Rocha,ophillips@yahoo.com,Active,6/4/23,2/1/24
195,Amber Franklin,benjamin82@hampton.com,Inactive,5/12/23,2/15/24
196,Jennifer Shaw,hayespeter@hotmail.com,Active,10/11/23,12/8/23
197,Steven Carter,jorgevalencia@munoz.com,Inactive,8/11/23,5/15/24
198,Valerie Williams,iorozco@cross.com,Inactive,1/10/23,5/19/24
199,Tim Mooney,shaunfrank@carter.com,Active,9/13/23,10/8/24
200,Louis White,washingtonrichard@murray-austin.info,Active,7/28/23,2/13/24
201,Tina Miller,francokevin@hotmail.com,Inactive,4/6/23,11/27/24
202,Dennis Saunders,victoriaoneill@collins-wise.com,Inactive,8/3/23,11/7/24
203,Karen Nielsen,tanyahudson@dudley-gray.com,Active,11/4/23,7/3/24
204,Richard Nicholson,davidwhite@clark-richards.biz,Inactive,10/22/23,10/24/24
205,Anthony Hardin,jessicafreeman@williams.com,Inactive,5/31/23,3/6/24
206,Rebecca Cooper,amandabryant@yahoo.com,Inactive,11/6/23,6/14/24
207,Michael Swanson,leonbruce@yahoo.com,Inactive,6/14/23,10/8/24
208,Zachary Mills,parsonskatherine@tapia.net,Active,9/25/23,10/24/24
209,Melanie Freeman,esilva@buckley-wilson.com,Inactive,4/13/23,7/5/24
210,Andrew Robbins,tanyamyers@hotmail.com,Active,7/1/23,7/16/24
211,Sarah Lindsey,jimenezmichael@riley-riggs.com,Active,8/12/23,6/13/24
212,Andrew White,dominic19@yahoo.com,Active,11/1/23,8/2/24
213,James Johnson,rbrown@espinoza.com,Inactive,10/13/23,8/8/24
214,Bonnie Jones,trevinomegan@barnett.net,Inactive,7/13/23,1/3/24
215,David Logan,ebaker@miller.net,Inactive,9/16/23,7/10/24
216,April Dean,maxwell94@gmail.com,Inactive,11/23/23,2/19/24
217,Veronica Cook,john81@lee.info,Active,1/1/23,8/24/24
218,Thomas Evans,rquinn@gmail.com,Active,7/24/23,6/3/24
219,Jason Tran,ugilbert@sutton.com,Active,5/8/23,6/26/24
220,Rhonda Brown,samantha82@patterson-nunez.com,Inactive,3/16/23,2/4/24
221,Erin Dixon,rebekah46@gmail.com,Active,3/2/23,12/28/23
222,Zachary Burns,jonesmark@yahoo.com,Inactive,1/7/23,5/26/24
223,Sean Butler,kyle18@doyle-brown.net,Inactive,7/4/23,8/5/24
224,Cheryl Cole,westrodney@gmail.com,Inactive,4/7/23,5/6/24
225,Mary White,rhonda23@gmail.com,Active,2/27/23,3/26/24
226,Dana Harrison,suzanne71@adkins.com,Inactive,3/29/23,8/25/24
227,Karen May,isanchez@yahoo.com,Inactive,3/23/23,3/25/24
228,Jorge Nguyen,hhall@yahoo.com,Active,4/13/23,10/18/24
229,Elizabeth Joyce,mannchristopher@garrett.org,Inactive,4/12/23,12/14/23
230,Jason Reyes,qhall@hotmail.com,Active,9/6/23,8/11/24
231,Natalie Rush,jennifercampbell@welch.com,Active,10/9/23,4/30/24
232,Adam Wells,stephaniemoore@jackson.info,Active,7/17/23,8/7/24
233,Reginald Munoz,jeremygay@yahoo.com,Active,5/4/23,1/26/24
234,Nancy Cherry,tsullivan@sharp.org,Active,5/17/23,1/27/24
235,William Sullivan,wwhite@weiss-santos.com,Active,5/23/23,2/2/24
236,Jennifer Rivera,jefferyhaynes@bradford.com,Inactive,8/30/23,4/8/24
237,Jesse Miranda,allenjonathan@velez.info,Active,8/19/23,12/10/23
238,Daisy Glover,brianlawson@gmail.com,Active,12/28/22,12/9/23
239,Robert Hall,psuarez@hotmail.com,Inactive,2/8/23,5/2/24
240,Mercedes Mccoy,ldavis@yahoo.com,Active,6/11/23,7/6/24
241,Cynthia Flores,brownapril@harvey.com,Active,12/11/22,11/14/24
242,Scott Jackson,npatel@hotmail.com,Inactive,12/31/22,10/27/24
243,Amanda Castillo,kennethchandler@yahoo.com,Inactive,12/29/22,5/22/24
244,Aaron Tanner,annkelley@morris.net,Active,3/19/23,2/28/24
245,Chelsea Walker,eharvey@gmail.com,Active,1/25/23,11/28/24
246,Sean Santos,donnajones@kelly-jennings.com,Active,6/10/23,5/30/24
247,Tammy Riddle,rodgerskayla@hotmail.com,Active,3/15/23,2/1/24
248,Aaron Oconnor,ijohnson@stewart.info,Inactive,5/5/23,9/7/24
249,Cynthia Conway,hamiltonjames@price.org,Inactive,12/14/22,7/8/24
250,Scott Shaw,uburton@mitchell.com,Active,8/30/23,1/6/24
251,David Spencer,mackenzie55@kane.org,Active,8/31/23,5/8/24
252,Edward Hodges,sweber@yahoo.com,Inactive,7/8/23,7/13/24
253,Linda Logan,christopherwilliams@reynolds.net,Inactive,4/8/23,10/5/24
254,Steven Brown,mjones@smith.com,Active,5/15/23,4/23/24
255,Lisa Navarro,hkaufman@strickland.com,Active,12/18/22,1/6/24
256,Jody Hall,jessicasantos@chang.com,Active,4/25/23,8/17/24
257,Ethan Murphy,lisa57@gmail.com,Inactive,3/17/23,10/1/24
258,Luke Ritter,wallacejoseph@bautista-moses.com,Active,5/21/23,11/27/24
259,Luis Chavez,christine96@booker-hall.com,Inactive,4/2/23,12/6/23
260,John Baldwin,kennethharrison@gmail.com,Inactive,12/17/22,2/15/24
261,Eric Wagner,amartin@yahoo.com,Active,7/24/23,9/21/24
262,Joseph Gates,wrollins@christensen-burns.com,Active,2/1/23,12/29/23
263,Amanda Krueger,kaitlin29@johnson.com,Active,5/9/23,2/25/24
264,James Daniel,kennethgould@hotmail.com,Inactive,3/22/23,5/20/24
265,Nathan Clark Jr.,angelawilliams@gmail.com,Inactive,10/7/23,2/27/24
266,Logan Kennedy,tanya05@stewart-horn.com,Inactive,5/9/23,4/22/24
267,Colin Ray,kimberlymiller@montes.com,Active,1/26/23,11/28/24
268,Jennifer Hoffman,hollowaymelinda@graves.com,Active,7/30/23,9/19/24
269,Marc Davis,fosterkristy@hotmail.com,Inactive,11/4/23,5/9/24
270,Joseph Everett,jesusjenkins@campbell-king.com,Active,5/27/23,1/26/24
271,Mark Carter,jonesjennifer@yahoo.com,Active,9/19/23,6/26/24
272,James Joyce,amy54@mcdonald.com,Active,8/22/23,2/20/24
273,Jacob Peters,juliegarcia@hotmail.com,Active,1/5/23,9/14/24
274,Christopher Gallagher,dicksonjeffrey@gmail.com,Active,8/20/23,11/19/24
275,Troy Davis,meganhenderson@yahoo.com,Inactive,4/1/23,1/15/24
276,Bryan Cuevas,othomas@hotmail.com,Active,3/23/23,7/17/24
277,Travis Jacobs,faith91@jacobson.com,Inactive,8/5/23,4/30/24
278,John Robles,stevenssophia@young.net,Active,3/15/23,6/2/24
279,Allison Harris,sandy97@weaver.org,Inactive,9/9/23,11/5/24
280,Eric Short,sburns@gmail.com,Active,8/3/23,9/28/24
281,Ashley House,carriecline@santiago.com,Active,3/31/23,8/31/24
282,Thomas Calderon,wgonzalez@dawson.org,Inactive,2/7/23,1/7/24
283,Gary Hutchinson,susan03@schmidt.org,Active,12/8/22,1/20/24
284,Anthony Li,avilachristian@meyer-harvey.com,Inactive,6/9/23,9/26/24
285,Donald Jones,sedwards@hotmail.com,Active,12/18/22,6/16/24
286,Joe Shannon,abutler@gmail.com,Active,12/25/22,11/17/24
287,Corey Carpenter,jramos@yahoo.com,Inactive,5/28/23,9/20/24
288,Jason Young,edward90@bright.net,Inactive,9/26/23,1/12/24
289,Kyle Lane,mirandastewart@hunter.com,Active,11/5/23,3/19/24
290,Sarah Mills,danielbond@gonzalez.info,Active,10/19/23,12/18/23
291,Nicole Yang,hensleyphillip@cuevas.net,Active,4/7/23,1/13/24
292,Justin Stokes,amysalinas@gmail.com,Inactive,5/3/23,7/5/24
293,Susan Dawson,jennifer64@gmail.com,Inactive,8/31/23,1/27/24
294,John Meyer,mwarren@owen-anderson.org,Active,10/26/23,6/9/24
295,Jamie Kelly,gibsonkelsey@hotmail.com,Active,1/17/23,1/10/24
296,David Lopez,vlopez@wilson-jordan.com,Active,9/7/23,3/8/24
297,Jonathan Alexander,tkhan@cobb-huff.com,Active,8/15/23,11/8/24
298,Brittney Brown,jamesjenkins@shepard-chavez.com,Inactive,4/13/23,11/3/24
299,Gabriel Ortega,frodriguez@hotmail.com,Active,2/6/23,8/6/24
300,Eric Monroe,sarastephens@hensley-murphy.info,Inactive,1/12/23,6/27/24
301,Michael Beck,mellis@hotmail.com,Inactive,7/23/23,5/26/24
302,Shannon Boyer,franciscopatel@gmail.com,Active,10/11/23,2/7/24
303,Pedro Stanley,deannaking@miller.biz,Active,8/15/23,12/17/23
304,James Farrell,caleb05@gmail.com,Inactive,9/3/23,12/19/23
305,Andrew Allen,amydavila@baker.com,Active,8/29/23,1/12/24
306,Victor Snow,aprilsanchez@everett-bradley.com,Inactive,9/29/23,5/15/24
307,Diana Bernard,melanieboyd@fry.com,Inactive,7/7/23,6/6/24
308,Meghan Harper,lopezolivia@yahoo.com,Inactive,2/12/23,3/3/24
309,Gina Vance,ronald64@gmail.com,Active,7/12/23,1/31/24
310,Maria Johnson,daypaige@yahoo.com,Inactive,11/9/23,10/21/24
311,Catherine Ramos,amber26@hotmail.com,Inactive,7/13/23,7/8/24
312,Sarah Marsh,perrydaniel@little.org,Inactive,3/9/23,11/11/24
313,Jody Torres,riosmatthew@saunders-roman.com,Inactive,5/19/23,3/26/24
314,Richard Ramos,isalinas@smith.com,Inactive,10/8/23,10/31/24
315,Robert Miller,rlewis@yahoo.com,Inactive,6/23/23,7/24/24
316,Samantha Reese,robin86@jones.org,Active,1/27/23,11/28/24
317,Sarah Richards,srose@ashley.org,Active,3/20/23,8/18/24
318,Michael Good,holly03@hotmail.com,Inactive,8/14/23,1/28/24
319,Gregory Salazar,lisa54@yahoo.com,Active,4/7/23,5/29/24
320,Matthew Miller,jeffery24@yahoo.com,Inactive,12/11/22,4/1/24
321,Allison Stevens,amandamiddleton@yahoo.com,Inactive,3/27/23,8/6/24
322,April Shaw,sbrown@gmail.com,Active,10/6/23,4/24/24
323,William King,ellisstephanie@yahoo.com,Active,3/1/23,4/27/24
324,Zachary Gonzales,sandra46@fernandez.net,Active,7/10/23,5/20/24
325,Trevor Horton,xcamacho@wong.info,Active,11/6/23,8/1/24
326,Mr. John Watson,goodmanscott@stokes.com,Active,11/10/23,7/21/24
327,George Cobb,michellekelley@hotmail.com,Inactive,9/22/23,6/12/24
328,Kathryn Hudson,jared75@yahoo.com,Active,10/20/23,10/13/24
329,Melvin Taylor,christopherwilliams@carlson-williams.com,Inactive,4/29/23,8/24/24
330,Elizabeth Mayo,yvonne13@yahoo.com,Active,12/3/22,8/2/24
331,Edwin Dunlap,wanda54@cruz-keller.biz,Inactive,3/27/23,4/30/24
332,Charles Norman,harrislisa@pitts.com,Inactive,8/15/23,9/12/24
333,Tiffany Wood,rjohnson@heath.com,Inactive,6/5/23,11/17/24
334,Madison Gonzalez,stacey52@padilla.com,Active,10/16/23,10/18/24
335,Holly Collier,areyes@jones-evans.com,Active,8/4/23,2/13/24
336,Mr. Mark Austin,ashleyali@yahoo.com,Active,10/15/23,12/13/23
337,Nancy Russell,salasrebecca@thompson-tucker.net,Active,6/11/23,3/4/24
338,Carrie Flores,bhebert@dunn.com,Active,12/5/22,6/24/24
339,Marie Garcia,mary62@hotmail.com,Inactive,10/27/23,3/16/24
340,Mitchell Thomas,michelle76@gmail.com,Active,3/28/23,5/9/24
341,Alison Dominguez,tjensen@hotmail.com,Inactive,5/5/23,7/27/24
342,Jamie Silva,christinalewis@brown.net,Active,2/21/23,4/16/24
343,Vincent Kim,richardreilly@gmail.com,Active,7/21/23,2/28/24
344,Tina Hensley,millermatthew@mason.com,Inactive,7/29/23,4/12/24
345,Kayla Lewis,vpace@brown-wood.com,Active,2/14/23,12/15/23
346,Connie May,bhurst@howe-graves.com,Active,6/28/23,11/2/24
347,Andrew Bell,brownrichard@bruce.org,Active,11/27/23,3/2/24
348,Heidi Smith,meadowsveronica@george.com,Inactive,7/28/23,4/18/24
349,Lynn White,collinscameron@gmail.com,Active,12/30/22,3/24/24
350,Chelsea Lowery,johnsonrobert@hotmail.com,Inactive,11/11/23,4/6/24
351,Sarah Jennings,ellisapril@gmail.com,Active,3/10/23,12/21/23
352,Jessica Greer,kimberly95@watts.com,Active,8/30/23,5/14/24
353,Colin Johnson,steven92@braun-herring.org,Inactive,11/17/23,8/14/24
354,Robert Stevens,bailey43@chambers.com,Active,3/20/23,5/20/24
355,John Harris,qkim@hotmail.com,Inactive,11/24/23,6/2/24
356,Maria Gonzalez,taraaguilar@yahoo.com,Active,1/30/23,4/29/24
357,Tyler West,pramirez@barajas-duncan.com,Inactive,11/25/23,7/26/24
358,Paula Thompson,donovanjoseph@owens-smith.com,Active,5/9/23,7/10/24
359,David Jordan,carpenterjustin@benitez-mcgee.com,Active,1/20/23,4/3/24
360,Brittany Campbell,ryanjohnson@aguilar.com,Inactive,12/14/22,10/29/24
361,Ronald Duncan,ulowe@smith-barron.com,Active,7/15/23,2/5/24
362,Joseph Gibbs,monicadeleon@edwards.com,Inactive,7/18/23,6/21/24
363,Katherine Neal,joanneward@miller-woods.net,Inactive,8/16/23,10/19/24
364,Latoya Levine,robersonchristopher@yahoo.com,Inactive,2/18/23,9/24/24
365,Jeremy Williams,michael84@rasmussen.org,Inactive,2/10/23,10/25/24
366,Aaron Allen,james97@li.com,Active,10/23/23,4/27/24
367,William Webb,patriciacarter@gmail.com,Active,3/2/23,4/24/24
368,David Reeves,morenoalexis@bailey.com,Active,1/31/23,5/2/24
369,Alex Hicks,johnstonanthony@duncan-hall.com,Active,11/6/23,10/15/24
370,David Butler,michaeldanielle@perry.com,Inactive,3/12/23,5/8/24
371,Ryan Serrano,taylor06@terrell.net,Inactive,3/20/23,5/28/24
372,Joseph Oconnell,campbellian@gmail.com,Inactive,4/13/23,1/31/24
373,Toni Reed,sarahthomas@hotmail.com,Inactive,8/23/23,8/31/24
374,Billy Young,luisdeleon@hotmail.com,Inactive,3/8/23,1/25/24
375,Elizabeth Foster,ffisher@morrison.com,Inactive,2/2/23,2/18/24
376,Jacob Maldonado,marioanderson@johnson.com,Active,4/8/23,10/19/24
377,Chase Lane,heather28@yahoo.com,Inactive,7/5/23,3/29/24
378,Steven Davis,goodrhonda@martin-mcmahon.org,Active,8/15/23,8/27/24
379,Audrey Lewis,alexis54@marshall.com,Active,5/24/23,6/7/24
380,Travis Acevedo,bobbyblack@reese.com,Active,12/9/22,7/4/24
381,Alexandra Boone,soliver@nicholson.com,Inactive,4/28/23,3/26/24
382,Jeffrey Walker,shawn97@moss.biz,Inactive,3/2/23,10/17/24
383,Paul Roberts,olivercarlos@patel.com,Inactive,9/24/23,3/19/24
384,Kevin Wyatt,elizabethchambers@hotmail.com,Active,10/30/23,9/20/24
385,Sheri Pace,scotthogan@acosta.net,Active,6/25/23,1/22/24
386,Tammie Anderson,lewisdean@mora.com,Active,1/13/23,3/22/24
387,Robert James,melindamoore@gray.net,Inactive,6/22/23,10/30/24
388,Joshua Gonzalez,sullivanashley@compton.com,Active,10/14/23,10/27/24
389,Brian Griffin,coleblair@lopez.info,Inactive,3/24/23,6/30/24
390,Joseph Powers,halvarado@boone.net,Inactive,10/3/23,7/1/24
391,Amanda Sims,rkennedy@yahoo.com,Active,4/20/23,11/17/24
392,Luke Jennings,scott43@daniels-bell.com,Inactive,6/20/23,8/30/24
393,William Ramos,nathanielmay@gmail.com,Inactive,6/5/23,7/13/24
394,James Stephens,robertdean@jones.net,Active,6/12/23,4/23/24
395,William Maldonado,vbriggs@gmail.com,Inactive,3/11/23,12/8/23
396,Charles Mendoza,meyerchristine@gmail.com,Inactive,2/9/23,8/8/24
397,David Landry,zcarrillo@johnson.com,Inactive,2/8/23,6/14/24
398,Daniel Martinez,bsmith@swanson.com,Active,4/4/23,11/28/24
399,Jane Brock,heathtom@yahoo.com,Inactive,1/18/23,8/27/24
400,Susan Green,petersonyolanda@norman-thomas.com,Active,3/20/23,12/27/23
401,Elizabeth Weaver,susanroach@yahoo.com,Active,10/14/23,1/7/24
402,Sarah Thompson,bsanders@hotmail.com,Inactive,4/15/23,4/30/24
403,Angela Reese DVM,jameslane@sutton.net,Inactive,12/10/22,12/3/23
404,Mrs. Kelsey Sanchez,mathisrichard@evans.biz,Inactive,4/12/23,3/8/24
405,Kimberly Butler,nathanstevens@gmail.com,Active,10/27/23,6/9/24
406,Andrew Ruiz,kimberlycox@barry.biz,Active,2/1/23,5/31/24
407,David Jordan,brittney54@burton.com,Active,11/16/23,2/16/24
408,Miguel Nichols,marvinmccullough@yahoo.com,Active,10/20/23,2/27/24
409,Dr. Timothy Walker,daniel48@gmail.com,Inactive,4/5/23,9/12/24
410,Justin Navarro,fcampbell@aguilar.com,Active,12/5/22,12/9/23
411,Jennifer Becker,bryan69@cameron.com,Inactive,9/14/23,10/16/24
412,Mercedes Walker,dallen@haynes.com,Active,12/6/22,1/19/24
413,Kathleen Cooper DDS,joshua52@gmail.com,Inactive,10/29/23,4/2/24
414,Andrew Jones,bennettjessica@gmail.com,Inactive,11/11/23,10/5/24
415,John Harrison,williamfrancis@ross.info,Inactive,1/28/23,11/2/24
416,Keith Garcia,garciasteven@gmail.com,Inactive,3/7/23,12/17/23
417,Marc Martinez,browndaniel@gmail.com,Inactive,5/16/23,11/27/24
418,Donna Martinez,anthonyduke@gilmore.biz,Inactive,4/27/23,11/10/24
419,Toni Alexander,ronald44@gmail.com,Active,7/6/23,3/9/24
420,Dean Taylor,maria11@gmail.com,Inactive,4/1/23,12/22/23
421,Nicholas Hoffman,kcollins@yahoo.com,Inactive,7/20/23,4/29/24
422,Jennifer Carter,kenneth06@strong-fernandez.com,Active,11/7/23,8/9/24
423,Cathy Allen,ujacobs@baxter.com,Active,8/12/23,2/18/24
424,Steven Smith,ufischer@tucker.com,Inactive,11/28/23,1/30/24
425,John Francis,deborahspencer@yahoo.com,Inactive,5/28/23,10/9/24
426,Maria Downs,dcameron@hutchinson-olson.info,Active,11/4/23,5/16/24
427,Dr. Christine Young MD,dale32@mccall.info,Inactive,1/25/23,9/10/24
428,Garrett Lopez,darrelllong@hotmail.com,Inactive,9/13/23,3/28/24
429,Omar Harris,jamie22@hotmail.com,Active,11/30/23,10/16/24
430,Holly Vargas,matthew36@hill.com,Inactive,2/22/23,5/4/24
431,Ryan Davis,lewisdaniel@hotmail.com,Inactive,6/16/23,8/19/24
432,Andrea Proctor,hendersonchristopher@yahoo.com,Inactive,1/25/23,2/12/24
433,Mary Vargas,steven14@lucas.com,Inactive,7/23/23,7/26/24
434,Bailey Ibarra,alisonlane@yahoo.com,Active,10/27/23,11/21/24
435,Jamie Melton,powerspaul@williams.net,Inactive,12/28/22,1/30/24
436,Carl Howard,lsalinas@rodriguez-warren.com,Active,4/7/23,9/4/24
437,Jason Mccall,orozcomolly@york-johnson.com,Active,1/16/23,8/3/24
438,Steven Dudley,patrick27@moore.info,Inactive,10/28/23,3/9/24
439,Gloria Thompson,morrislynn@yahoo.com,Active,5/24/23,2/29/24
440,Albert Knapp,halljonathan@gmail.com,Active,10/24/23,1/6/24
441,David Jackson,zcarey@bond.net,Inactive,3/1/23,11/1/24
442,Rebecca Fuller MD,smunoz@wood.net,Active,6/21/23,7/22/24
443,Patrick Ballard,simsemily@dillon.com,Inactive,12/9/22,5/8/24
444,Jennifer Johnson,cruzalexis@davis.biz,Active,11/21/23,7/4/24
445,Breanna Sanchez,whiterobert@hamilton.info,Active,12/5/22,3/15/24
446,Charles Morgan,alexandra69@hotmail.com,Inactive,8/2/23,12/1/23
447,Nichole Cervantes,smithkayla@yahoo.com,Inactive,5/6/23,7/27/24
448,Thomas Thomas,hallbeth@hotmail.com,Inactive,11/26/23,10/29/24
449,Ashley Ramirez,ariddle@gmail.com,Active,4/13/23,9/24/24
450,Anne Sullivan,kyle48@yahoo.com,Inactive,6/23/23,9/14/24
451,Kristin Bush MD,tperez@hotmail.com,Inactive,8/7/23,8/10/24
452,Paige Smith,cynthia31@hotmail.com,Active,6/5/23,7/17/24
453,Nicole Burke,ooconnell@barr.com,Active,9/4/23,3/13/24
454,Lance Lewis,autumn10@medina-ruiz.com,Active,7/10/23,5/24/24
455,Charles Williams,mary12@yahoo.com,Active,8/22/23,6/27/24
456,Adrian Johnson,rhondaaustin@snow.com,Inactive,3/8/23,9/22/24
457,Vanessa Dunn,sergio44@garcia.info,Active,6/15/23,3/17/24
458,Frank Pittman,burnsrebecca@hotmail.com,Inactive,8/3/23,9/21/24
459,James Carroll,laurieking@yahoo.com,Inactive,10/12/23,7/28/24
460,Kenneth Harper,tamarafranklin@hotmail.com,Inactive,10/5/23,7/15/24
461,Joshua Baker,jcross@parrish.com,Active,2/27/23,11/6/24
462,Benjamin Simmons,aaron35@wilson.com,Active,12/26/22,4/29/24
463,Steven George,mitchelltravis@gmail.com,Inactive,12/6/22,10/31/24
464,Christopher Gomez,lhoffman@hansen.biz,Inactive,4/29/23,6/20/24
465,Miranda Mcintyre,terrymichael@morris-stone.com,Active,9/20/23,2/6/24
466,Lisa Paul,paige68@yahoo.com,Inactive,11/18/23,6/29/24
467,Dr. Allison Stewart,umcconnell@hotmail.com,Active,2/19/23,4/10/24
468,Whitney Burton,gonzalezjulia@gmail.com,Active,8/23/23,9/28/24
469,Katie Kemp,penningtoncynthia@rodriguez-franklin.com,Inactive,9/6/23,6/8/24
470,Brandon Horn,jfrey@collins.org,Active,10/16/23,12/21/23
471,Ronald Hughes,omorales@cameron.com,Inactive,7/20/23,8/19/24
472,Cheryl Weaver,shelly73@mitchell-miller.com,Inactive,11/1/23,3/12/24
473,Danielle Compton,deannamann@payne.com,Inactive,4/10/23,11/16/24
474,Sandra Peterson,rleonard@yahoo.com,Active,3/16/23,3/11/24
475,Matthew Parsons,ccollins@gmail.com,Active,3/27/23,5/14/24
476,Chelsea Donaldson,foxcharles@mccarty-simpson.com,Active,5/21/23,12/16/23
477,Brandon Stone,jeanette60@church.com,Inactive,11/28/23,7/20/24
478,Diana Hunt,ebrooks@gmail.com,Inactive,9/20/23,1/30/24
479,Mark Solis,raykimberly@jones.info,Active,10/4/23,8/7/24
480,Jessica Baker,qwells@rojas.net,Active,8/21/23,2/28/24
481,Rhonda Washington,loristuart@velasquez-rojas.com,Active,5/12/23,10/15/24
482,Tyler Baker,yleach@hotmail.com,Inactive,11/18/23,11/11/24
483,Matthew Blair,gamblebrittany@ortiz.com,Inactive,12/23/22,9/30/24
484,Carol Evans,alanwillis@hotmail.com,Active,10/16/23,5/5/24
485,Richard Copeland,patrickgrimes@yahoo.com,Inactive,7/31/23,12/10/23
486,Lisa Brown,scott20@hotmail.com,Inactive,6/27/23,10/19/24
487,Gabriela Garrison,qrodriguez@hall.com,Active,3/15/23,12/16/23
488,Latoya Bartlett,albertboyer@yahoo.com,Inactive,2/5/23,11/29/24
489,Lauren Gibson,stefanie76@yahoo.com,Active,4/22/23,3/21/24
490,Brittany Wong,thomas47@gmail.com,Active,5/31/23,5/6/24
491,Lisa Erickson,mcneilbarry@johnston.com,Inactive,2/8/23,8/11/24
492,Heidi Smith,sbryant@hotmail.com,Inactive,6/2/23,5/4/24
493,Kimberly Park,sara74@hotmail.com,Inactive,8/12/23,1/17/24
494,Michael Anderson,charlesayala@gmail.com,Active,10/26/23,5/25/24
495,Catherine Carey,fwright@berry.info,Active,12/28/22,4/5/24
496,Alyssa Lam,longjohn@grant.com,Inactive,9/1/23,7/15/24
497,Angela Dunn,xbarnett@payne.com,Active,11/29/23,4/1/24
498,Robert Pearson,bmoore@sanchez.com,Inactive,11/10/23,9/29/24
499,Julie Reyes,pamela36@griffin.org,Inactive,4/24/23,10/11/24
500,Jeffrey Bean,owensmary@yahoo.com,Active,10/31/23,9/12/24
501,Michelle Davis,bbrown@hotmail.com,Active,2/6/23,8/29/24
502,Christine Gomez,kevin47@david.com,Active,7/19/23,11/14/24
503,Wendy Rivers,jacobsrobert@bennett.net,Inactive,2/8/23,3/5/24
504,Emma Hammond,qweber@villegas-torres.info,Inactive,8/13/23,7/25/24
505,Rebecca Rivera,phillipwallace@snyder.com,Active,6/30/23,10/5/24
506,Austin Lee,zgarcia@gmail.com,Inactive,4/27/23,9/18/24
507,Katrina Miles,pmacdonald@gmail.com,Active,3/19/23,6/5/24
508,William Poole,danieljackson@arnold.com,Active,10/3/23,4/29/24
509,Stephanie Stevenson,margaretrodriguez@gmail.com,Active,8/7/23,8/5/24
510,Victoria Elliott,michael03@yahoo.com,Active,1/15/23,12/8/23
511,Linda Greer,xreed@hotmail.com,Inactive,11/2/23,9/20/24
512,Laura White,mary90@sandoval.com,Inactive,9/11/23,2/1/24
513,Claire Alexander,cynthialambert@yahoo.com,Active,3/28/23,7/20/24
514,John Howell,amandapierce@howell.com,Inactive,8/7/23,5/6/24
515,Elizabeth Hunter,joejones@gmail.com,Active,10/5/23,9/6/24
516,Charles Martinez,gregory29@gmail.com,Inactive,5/18/23,11/21/24
517,Cheryl Harris,stephen98@mcdonald.com,Active,12/7/22,1/19/24
518,Wayne Jones,tracylynch@murphy.info,Active,5/6/23,10/29/24
519,Hector Brown PhD,huffmanlisa@yahoo.com,Active,6/2/23,5/23/24
520,Mary Anderson,chunt@yahoo.com,Inactive,9/22/23,7/7/24
521,Eric Holmes,john05@hotmail.com,Inactive,7/7/23,8/6/24
522,Jessica Hampton,mosesseth@yahoo.com,Inactive,6/9/23,10/13/24
523,Julie Rasmussen,susankhan@walsh-williams.info,Inactive,10/25/23,9/4/24
524,Perry Hicks,nicholas91@hotmail.com,Inactive,9/27/23,11/18/24
525,John Huang,jose16@hotmail.com,Active,8/26/23,8/27/24
526,Patricia Riddle,taylortracy@yahoo.com,Active,3/28/23,12/4/23
527,Amanda Keith,melissapatterson@mason.org,Active,6/29/23,5/5/24
528,Melissa Carter,bwest@yahoo.com,Active,10/22/23,9/7/24
529,Michael Hernandez,thomas18@jenkins-klein.com,Active,11/23/23,8/12/24
530,Nathan Johnston,randalldavidson@porter.com,Inactive,5/17/23,7/7/24
531,Jose Estes,hadams@yahoo.com,Active,12/28/22,12/13/23
532,Michael Lynch,huntjoshua@yahoo.com,Inactive,8/2/23,9/16/24
533,Mark Jordan,cameron99@gmail.com,Active,12/27/22,2/28/24
534,Dean Diaz,esimmons@gmail.com,Inactive,11/17/23,5/28/24
535,Hannah Holden,joshua71@yahoo.com,Inactive,9/11/23,11/13/24
536,Michael Hanson,dixonrachel@hotmail.com,Inactive,7/13/23,3/11/24
537,Matthew Washington,desireepearson@gmail.com,Inactive,7/31/23,12/29/23
538,Amy Parker,spencerkathryn@ward-smith.org,Inactive,6/4/23,10/7/24
539,Brian Garcia,hhammond@harrison.biz,Active,2/7/23,9/30/24
540,Emma Hogan,jennifer60@stevens-nunez.com,Active,3/14/23,2/24/24
541,Angela Walker,brucebarnes@hotmail.com,Inactive,10/17/23,8/6/24
542,Shirley Brooks,colemanwilliam@gmail.com,Active,12/23/22,9/21/24
543,David Mooney,irocha@gmail.com,Active,11/19/23,11/11/24
544,Joseph Graham,hdavila@hotmail.com,Active,2/28/23,2/10/24
545,Patrick Ortiz,angelamartin@cross.info,Inactive,10/10/23,6/17/24
546,Carla Rhodes,moorejeffrey@gmail.com,Active,4/23/23,5/9/24
547,Allen Reed,adamspatricia@james.info,Inactive,3/21/23,2/15/24
548,Chris Stanton,jacquelinemeyer@gmail.com,Inactive,7/3/23,4/7/24
549,Jessica Stone,marisa18@watkins.com,Inactive,4/4/23,4/18/24
550,Jessica Reyes,andrewjensen@gmail.com,Inactive,12/3/22,8/30/24
551,Ashley Sims,david05@hotmail.com,Inactive,12/11/22,7/18/24
552,Micheal Hebert,ashley28@hotmail.com,Active,3/30/23,12/7/23
553,Julie Parker,jackstuart@stone-booker.com,Active,3/20/23,6/17/24
554,April Dennis,ybarnett@gmail.com,Active,7/15/23,1/10/24
555,Joseph Jones,samantha86@foster-jones.biz,Inactive,1/22/23,11/14/24
556,Sean Hudson,laurenperez@king-bishop.com,Inactive,9/24/23,6/24/24
557,Michael Gray,hendersonscott@hotmail.com,Inactive,6/26/23,2/3/24
558,Adam Kim,john98@gmail.com,Inactive,11/25/23,2/24/24
559,Kristina Pena,kathygoodman@harrington.com,Inactive,8/15/23,3/8/24
560,Renee Holloway,lynchthomas@hotmail.com,Active,10/13/23,3/11/24
561,Tammy Payne,ymartinez@huber-duran.biz,Active,9/29/23,8/31/24
562,Samantha Garcia,showard@randolph-taylor.com,Inactive,9/27/23,4/6/24
563,Desiree Allen,robertscott@nguyen.org,Inactive,1/28/23,2/26/24
564,Kimberly Young,robleslisa@miller.com,Inactive,4/19/23,9/8/24
565,Ronald Dunn,pamelafletcher@king.net,Active,8/9/23,5/12/24
566,Timothy Smith,tonyahernandez@rhodes.com,Inactive,5/30/23,3/20/24
567,Adrian Sanchez,rjones@hotmail.com,Inactive,10/15/23,11/9/24
568,Elizabeth Acosta,zacharyreynolds@gmail.com,Inactive,2/3/23,5/16/24
569,Rachael White,stephenlawrence@hotmail.com,Active,2/17/23,5/17/24
570,Stacey Wright,dudleykevin@yahoo.com,Inactive,4/15/23,10/19/24
571,Paul Brady,matthew59@haley.info,Inactive,3/2/23,1/27/24
572,Melissa Santana,gmoore@thompson.com,Inactive,5/5/23,10/17/24
573,Lisa Lee,stephen54@yahoo.com,Inactive,12/19/22,3/4/24
574,Tim Walker,henry55@gmail.com,Active,6/23/23,5/16/24
575,Gabrielle Mccormick,douglasthompson@petty-wright.com,Inactive,11/23/23,8/10/24
576,David Combs,stevenharmon@hotmail.com,Active,7/11/23,10/12/24
577,Stuart Willis,dana97@hernandez-jackson.com,Active,1/13/23,7/1/24
578,William Moore,aliciagriffin@elliott-murphy.net,Inactive,10/1/23,6/20/24
579,Jeffrey Gonzales,twilson@french.net,Inactive,1/20/23,2/14/24
580,Samantha Johnson,griffithmichael@hotmail.com,Inactive,11/17/23,4/1/24
581,Elizabeth Harrington,bwoodard@fritz.com,Inactive,5/30/23,2/22/24
582,Kyle Bryan,mschultz@yahoo.com,Active,8/16/23,5/16/24
583,Samantha Lara MD,cwalton@taylor.net,Inactive,1/31/23,6/22/24
584,Richard Davis,craig62@hamilton-goodwin.org,Inactive,12/14/22,6/3/24
585,Richard Skinner,lauranelson@daugherty-young.biz,Inactive,6/18/23,3/6/24
586,Tracey Black,ericabrooks@george.com,Inactive,9/5/23,11/12/24
587,Brent Dean,gilbertrebecca@wagner-thompson.com,Inactive,10/6/23,6/12/24
588,Daniel Gibson,hwalters@patterson.com,Active,4/1/23,9/23/24
589,Steve Wilson,angela99@gmail.com,Inactive,10/10/23,6/27/24
590,Kristopher Woods MD,xortiz@hernandez-wells.com,Active,7/22/23,7/24/24
591,Jessica Kemp,christopher94@hotmail.com,Inactive,10/5/23,1/30/24
592,Michael Powell,thunter@yahoo.com,Inactive,9/7/23,2/26/24
593,Jason Crosby,traci80@yahoo.com,Active,4/20/23,6/26/24
594,Christopher Simpson,edwardboyer@yahoo.com,Active,3/3/23,2/7/24
595,Christine Green,bennettanna@mason.net,Active,5/16/23,8/8/24
596,Sergio Alexander,qwhite@hotmail.com,Active,1/2/23,7/4/24
597,Phillip Washington,bedwards@gmail.com,Active,7/13/23,7/30/24
598,Samantha Koch,montesmargaret@washington.biz,Active,12/24/22,3/30/24
599,Mrs. Denise Harris,robert92@yahoo.com,Active,2/18/23,7/28/24
600,Walter Rivera,moracharles@hotmail.com,Active,11/11/23,8/11/24
601,Danny Myers,narnold@anthony.com,Inactive,3/25/23,10/2/24
602,Steven Mason,jasonmartin@morales-farmer.com,Active,5/8/23,12/19/23
603,Timothy Roberts,ggonzalez@hotmail.com,Active,7/30/23,2/15/24
604,Vincent Obrien,porterchloe@cooper.com,Inactive,9/19/23,1/5/24
605,Christopher Avila,alexandershort@mckee.info,Inactive,6/2/23,8/2/24
606,Debra Smith,aevans@velazquez.com,Active,12/2/22,3/10/24
607,Daniel Smith,karawilson@hotmail.com,Active,6/22/23,1/18/24
608,Ruth Lee,bwagner@ross.com,Active,2/6/23,10/5/24
609,Scott Newton,xmiller@yahoo.com,Inactive,1/19/23,12/23/23
610,Abigail Rogers,millerdana@hotmail.com,Active,8/8/23,3/28/24
611,Jeremy Nguyen,joseph78@robinson.info,Active,12/7/22,3/16/24
612,Michael Peters,danielharrison@sullivan.biz,Inactive,12/28/22,9/20/24
613,Danielle Walton,hsloan@roy.com,Inactive,5/20/23,2/8/24
614,Maria Washington,charles96@yahoo.com,Active,7/7/23,11/5/24
615,Joel Martinez,hardylaurie@torres-beltran.com,Inactive,4/16/23,9/3/24
616,Sean Kirk,silvaelizabeth@hotmail.com,Active,5/31/23,1/26/24
617,Julia Watson,heather01@yahoo.com,Inactive,3/29/23,9/11/24
618,Valerie Colon,istevenson@clark.net,Inactive,10/31/23,10/16/24
619,David Ellis,colemandavid@hotmail.com,Active,7/9/23,8/27/24
620,Gavin Anderson,debbieduran@gmail.com,Active,11/18/23,11/24/24
621,Erin Martinez,brittanystokes@williams.org,Inactive,11/4/23,9/6/24
622,Kristina Mata,butlerkimberly@hernandez.com,Active,6/11/23,2/16/24
623,Vanessa Valentine,mark49@strong-ellis.info,Inactive,11/16/23,11/7/24
624,Bobby Blankenship,ruizkimberly@lawson.org,Active,12/17/22,2/20/24
625,Dylan Brown,jacqueline34@ellis-ruiz.com,Inactive,8/4/23,6/2/24
626,Christopher Moyer,michaelgutierrez@yahoo.com,Inactive,5/9/23,10/26/24
627,Kim Bell,johnsonnancy@hotmail.com,Active,3/28/23,1/7/24
628,Emily Evans,michael39@cowan-robbins.com,Inactive,1/8/23,11/3/24
629,Stephen Scott,tinasoto@charles.com,Active,8/20/23,4/25/24
630,Leah Garcia,caldwellrobert@gmail.com,Active,3/19/23,8/31/24
631,Margaret Palmer,debra13@hotmail.com,Inactive,10/13/23,8/9/24
632,Elizabeth Raymond,halljo@davis.com,Inactive,8/12/23,9/25/24
633,Christopher Barrett,perkinsshelby@gmail.com,Active,2/2/23,2/9/24
634,Jamie Baker,gonzalesrobin@hotmail.com,Inactive,4/6/23,5/17/24
635,Danny Grant,carlawilliams@rivers.biz,Active,10/27/23,2/28/24
636,Larry Russell,reedana@yahoo.com,Inactive,3/2/23,8/12/24
637,Gregory Ayala,blakejackson@allen.com,Active,7/4/23,3/28/24
638,Jorge Graham,xgonzalez@gmail.com,Inactive,11/11/23,12/27/23
639,Eugene Martinez,iantorres@morse.biz,Inactive,4/29/23,2/4/24
640,Melissa Rogers,jose72@cherry.com,Active,2/28/23,11/20/24
641,Kelsey Smith,valerie65@sanchez.info,Inactive,2/9/23,7/4/24
642,Mary Fowler,tiffanypeck@clark.org,Inactive,3/24/23,6/27/24
643,Ashley Aguirre,michael17@hotmail.com,Inactive,5/14/23,11/13/24
644,Matthew Summers,michael27@gmail.com,Active,11/19/23,11/5/24
645,Eric Scott,kristencastro@grant-diaz.com,Active,6/22/23,10/20/24
646,Annette Shaw,griffithjennifer@yahoo.com,Active,10/7/23,3/27/24
647,Matthew Wright,jacksonwhitney@gmail.com,Inactive,11/19/23,12/7/23
648,Mrs. Michelle Walker,barbara27@yahoo.com,Active,9/2/23,10/17/24
649,Jonathan Martin Jr.,anita10@gmail.com,Inactive,5/19/23,10/8/24
650,Troy Lopez,justinfreeman@rodriguez.net,Active,8/27/23,12/6/23
651,Nicole Ramos,johnsondanielle@frazier-khan.com,Inactive,10/16/23,1/2/24
652,Randy Phelps,marvinlee@yahoo.com,Active,7/17/23,8/16/24
653,Jasmin Olson,byrdjohn@brown-pope.biz,Active,3/21/23,4/12/24
654,Brett Smith,jessedaniel@yahoo.com,Inactive,2/21/23,9/30/24
655,David Davenport,christinacarlson@gmail.com,Active,6/9/23,4/22/24
656,Christina Edwards,barneswilliam@hotmail.com,Inactive,7/25/23,12/24/23
657,Cynthia Freeman,malik57@guerra.com,Inactive,2/24/23,12/30/23
658,George Henry,jamie78@skinner.biz,Active,11/17/23,10/25/24
659,Mrs. Megan Li,bennetttara@gmail.com,Active,3/10/23,10/2/24
660,Tina Parker,rhondabolton@johnson.com,Inactive,4/30/23,8/30/24
661,Lisa Jenkins,morrisjames@wright.com,Inactive,10/16/23,9/15/24
662,Megan Brown,heather57@coleman.biz,Active,9/18/23,2/27/24
663,Jennifer Thompson,brownfelicia@mata.com,Inactive,9/3/23,4/28/24
664,Katherine Hicks,phoward@hotmail.com,Active,1/26/23,7/20/24
665,Sarah Friedman,evanslisa@carpenter-murray.com,Inactive,11/13/23,7/18/24
666,Jessica Evans,boonekyle@gmail.com,Inactive,4/13/23,5/5/24
667,Michael Tate,kirkmorgan@gmail.com,Inactive,6/5/23,4/10/24
668,Christopher Hanson,dmaxwell@bishop.com,Active,4/24/23,10/28/24
669,Cynthia Jones,wernermichael@nguyen.info,Inactive,6/6/23,5/15/24
670,Crystal Woodward,crystal65@mullins.net,Active,4/30/23,6/21/24
671,Heather Fry,alexanderjoshua@collins.com,Active,9/24/23,1/3/24
672,Kyle Conley,franciscohodge@huber.org,Active,7/7/23,8/6/24
673,Robert Ross,fhinton@hotmail.com,Inactive,6/28/23,5/16/24
674,Mark Li,jonescynthia@fuller.com,Inactive,1/9/23,7/5/24
675,Tiffany Johnson,candicejones@howard.info,Active,12/8/22,11/10/24
676,Debbie Rose,pdelacruz@livingston-king.com,Active,12/10/22,7/14/24
677,Kevin Lopez,fcunningham@lane.info,Active,6/24/23,4/28/24
678,Jessica Brown,luis15@watkins.com,Active,7/10/23,8/27/24
679,Susan Turner,angelagarcia@jones.info,Active,4/20/23,6/10/24
680,Timothy Barber,cruztiffany@gmail.com,Inactive,2/15/23,3/5/24
681,Michele Blair,saraholsen@gmail.com,Inactive,9/27/23,8/8/24
682,Stacy Foster,courtney68@davis-ingram.com,Active,1/17/23,1/20/24
683,Jodi Long,reedkayla@yahoo.com,Active,12/16/22,6/28/24
684,Jennifer Mata,kayla25@keith-sanchez.com,Active,5/23/23,12/4/23
685,Zachary Burns,laurieward@hotmail.com,Active,11/13/23,10/25/24
686,Lauren Green,marcus82@nelson.com,Inactive,6/15/23,9/2/24
687,Wesley Martin,richarddavid@gmail.com,Inactive,1/4/23,4/5/24
688,Cynthia Sanders,smithlisa@gmail.com,Inactive,9/29/23,5/4/24
689,Amber Keith,chad19@mckenzie.net,Active,3/3/23,3/26/24
690,Chelsea Walker,gwilliams@wells-smith.com,Active,12/29/22,10/24/24
691,Elizabeth Smith,wrightlisa@thomas-wilson.com,Active,5/26/23,4/12/24
692,Martin Valdez,ikelly@hotmail.com,Active,12/25/22,9/23/24
693,Robert Jones PhD,xbell@yahoo.com,Inactive,1/31/23,9/1/24
694,Shawn Payne,laurie95@hotmail.com,Active,5/31/23,4/11/24
695,Melissa Stephens,bwood@harrell.net,Inactive,1/5/23,5/26/24
696,Anthony Lane MD,hayleyhunter@sanchez-lowe.com,Active,11/15/23,9/27/24
697,Howard Berger,jonathon69@simmons.info,Inactive,1/19/23,12/6/23
698,Antonio Lee,markcook@gmail.com,Active,9/2/23,4/26/24
699,Sarah Heath,jonesderek@garcia.com,Inactive,12/12/22,4/4/24
700,Brett Jones,ricardohodges@yahoo.com,Inactive,8/4/23,10/24/24
701,Lisa Bowman,smithcraig@miller.com,Active,8/9/23,4/26/24
702,Brian Lin,gilmorejuan@perez.com,Inactive,11/28/23,1/13/24
703,Christina Rangel,zacharybruce@yahoo.com,Inactive,5/7/23,11/6/24
704,Anne Benitez,ntorres@yahoo.com,Inactive,12/6/22,10/15/24
705,Collin Brown,alexis14@james.com,Active,6/19/23,4/15/24
706,Louis Cox,robinsonjessica@gmail.com,Active,2/4/23,5/20/24
707,Mark Tucker,teresafox@yahoo.com,Active,8/15/23,9/21/24
708,David Nelson,warcher@hotmail.com,Inactive,6/15/23,11/7/24
709,Christian Haney,benjaminking@murray.com,Inactive,2/24/23,5/14/24
710,Amber Hardy,nicolemoore@choi-walters.com,Active,12/9/22,11/21/24
711,Brian Berry,christopher97@hotmail.com,Active,6/30/23,1/6/24
712,Casey Casey,brooketrujillo@vasquez-bradley.com,Inactive,9/30/23,5/16/24
713,Kimberly Martin,jerry40@davis-knapp.com,Active,3/8/23,7/3/24
714,Kaitlyn Watkins,feliciamontoya@watson.com,Active,5/12/23,10/3/24
715,Anthony Eaton,ucisneros@gmail.com,Active,1/12/23,3/28/24
716,Theodore Alvarez,kimberlychen@myers-vasquez.org,Inactive,3/15/23,3/15/24
717,Stephen Wilkerson PhD,joshua14@gmail.com,Inactive,7/13/23,11/19/24
718,Troy Christian,stonestephanie@salazar.com,Active,9/17/23,1/11/24
719,Jeffrey Gibson,fernandezanthony@yahoo.com,Inactive,11/14/23,8/21/24
720,David Cole,bray@zimmerman-roberts.com,Inactive,11/12/23,6/22/24
721,Thomas Browning,nicholasbowers@gmail.com,Active,4/30/23,2/7/24
722,Steven Olson,michellebradshaw@aguirre-russell.com,Inactive,2/9/23,8/13/24
723,Jamie Martin,ryan50@yahoo.com,Inactive,1/22/23,8/16/24
724,Valerie Clark,davidwilliams@hotmail.com,Active,3/14/23,5/23/24
725,Elizabeth Brown,stewartkathy@yahoo.com,Inactive,1/21/23,12/13/23
726,Douglas Romero,wellsrobert@yahoo.com,Active,3/10/23,3/16/24
727,Joe Fernandez,michael81@white.com,Active,6/28/23,8/13/24
728,Gabriel Gonzalez,nelsonwilliam@winters-williamson.biz,Active,1/6/23,10/25/24
729,Douglas Fox,cathygarrison@jones-reyes.info,Active,11/16/23,2/25/24
730,Kevin Wiley,xavierherrera@hotmail.com,Inactive,12/7/22,5/25/24
731,Jason Cross Jr.,joseph64@gmail.com,Active,2/3/23,6/27/24
732,Joseph Thompson DDS,chris05@yahoo.com,Active,4/5/23,8/12/24
733,Vanessa Rodgers,sarahmiller@bryant.com,Active,5/9/23,5/16/24
734,Ebony Chen,jacksoncharles@dickson.com,Active,1/27/23,4/3/24
735,Sabrina Avery,fcunningham@myers.com,Inactive,9/5/23,1/19/24
736,Mark Morales,tammy38@gmail.com,Inactive,3/13/23,12/24/23
737,Natalie Thompson,jramirez@gmail.com,Active,12/27/22,9/17/24
738,Dwayne Hernandez,bentonbrianna@walton.com,Inactive,4/15/23,2/6/24
739,Nancy Pierce,brownhannah@bridges-hart.org,Inactive,1/16/23,7/9/24
740,Roger Aguirre,tammy73@ford.net,Active,7/24/23,9/6/24
741,Natalie Navarro,yvettepearson@gmail.com,Inactive,2/22/23,8/28/24
742,Suzanne Brown,juliebell@hotmail.com,Inactive,9/14/23,8/30/24
743,Marcus Anderson,qkim@lewis.com,Inactive,3/15/23,1/12/24
744,Mary Sanders,penabrandon@kirk.com,Active,8/3/23,10/24/24
745,Sabrina Rodriguez,steven96@hotmail.com,Active,9/13/23,2/20/24
746,Destiny Mann,fordsherry@randall.com,Active,12/22/22,6/27/24
747,Kristina Ryan,nevans@lawson.org,Inactive,1/24/23,10/13/24
748,Cheryl Wilson,uglover@martin.biz,Inactive,10/30/23,11/17/24
749,Sonya Woods,uanderson@yahoo.com,Inactive,11/17/23,12/7/23
750,Warren Hall,taramartin@nunez.com,Active,7/24/23,12/2/23
751,Kristen Lewis,andrewgreen@romero.com,Inactive,8/3/23,3/13/24
752,Donald Howell,barbara97@gmail.com,Inactive,9/16/23,4/21/24
753,Samantha Garcia,figueroamatthew@shepherd-wagner.com,Inactive,2/26/23,1/26/24
754,Kevin Arnold,shelly03@hotmail.com,Active,5/28/23,8/26/24
755,Matthew Obrien,tonyasimmons@mcdowell.info,Inactive,11/30/23,3/24/24
756,Jordan Shields,james03@gmail.com,Inactive,6/12/23,9/12/24
757,Anna Jackson,tammyhill@hotmail.com,Active,5/2/23,7/30/24
758,Douglas Robinson,cmartin@fernandez-hernandez.biz,Inactive,1/27/23,11/4/24
759,Lauren Moore,rhondacastillo@wright-green.com,Active,7/21/23,1/14/24
760,Matthew Brown,holtjoshua@thomas.com,Inactive,2/13/23,12/14/23
761,Albert Mitchell,beckerjoanna@yahoo.com,Inactive,11/11/23,1/6/24
762,Todd Bowman,hvargas@yahoo.com,Active,7/24/23,10/3/24
763,Hannah Maldonado,justin18@gmail.com,Active,11/28/23,11/27/24
764,Randall Simpson,qcampbell@gmail.com,Active,2/5/23,8/13/24
765,Brandon Miller,crobbins@gmail.com,Inactive,2/8/23,5/15/24
766,Rhonda Sanchez,ygross@yahoo.com,Active,2/6/23,4/4/24
767,Cindy Long,martinsean@yahoo.com,Active,12/5/22,4/1/24
768,Jason Jordan,reesemichael@gmail.com,Active,12/31/22,4/13/24
769,Jessica Wu,weaverabigail@lee-crane.com,Inactive,5/30/23,7/12/24
770,Catherine Osborne,samantha33@barnes.biz,Active,10/22/23,3/5/24
771,Judith Lee,westdanielle@parker.biz,Inactive,5/15/23,8/24/24
772,Rhonda Wu,clarkejeff@yahoo.com,Active,9/2/23,10/26/24
773,Timothy Harrington,marycooke@wood.com,Active,3/14/23,10/25/24
774,Ian Schultz,michelleclark@yahoo.com,Inactive,1/7/23,11/26/24
775,Daniel Lester,vsimpson@franklin.com,Active,2/28/23,6/24/24
776,Joyce Allen,ineal@gmail.com,Inactive,8/18/23,3/29/24
777,Ashley Davis,michellewalker@hotmail.com,Inactive,4/30/23,12/6/23
778,Robin Brown,taylordiana@hotmail.com,Inactive,8/10/23,2/25/24
779,Isabella Davis,ryan81@singleton.com,Inactive,4/28/23,2/22/24
780,Nancy Serrano,robertsashley@ayers.com,Active,7/1/23,10/8/24
781,Kendra Smith,natashanorris@hunter.biz,Active,12/26/22,2/3/24
782,Amanda Wilkins,sgutierrez@knight.com,Inactive,3/15/23,4/11/24
783,Nathan Harris,holson@gmail.com,Active,12/6/22,5/26/24
784,Emily Greene,hernandezrobin@ball-bauer.biz,Inactive,1/7/23,2/5/24
785,Julie Fuentes,melissaevans@galloway.com,Inactive,9/24/23,4/23/24
786,Eric Ponce,jstewart@gmail.com,Inactive,8/7/23,8/11/24
787,Patricia Rodriguez,wanda01@gmail.com,Inactive,10/4/23,4/12/24
788,Melissa Barrera,amanda40@yahoo.com,Active,5/4/23,10/28/24
789,Robert Mosley,jamie24@stephens.com,Inactive,8/19/23,8/7/24
790,Bryan Greene,williamsaaron@osborne.com,Active,7/5/23,5/26/24
791,Joshua Schwartz,hickspedro@gmail.com,Active,10/3/23,9/18/24
792,Kimberly Rangel,robert04@gmail.com,Inactive,12/20/22,10/29/24
793,Erica Lewis,barbarahanson@gmail.com,Inactive,1/26/23,12/16/23
794,Evan Underwood,kristin34@navarro-hughes.org,Inactive,1/11/23,1/17/24
795,David Armstrong,rogerknox@jennings.org,Inactive,1/28/23,9/29/24
796,Natalie Huang,brian58@yahoo.com,Active,1/7/23,6/25/24
797,David Powers,collinsjennifer@james.info,Active,8/15/23,11/21/24
798,Michael Mueller,sheenaporter@gmail.com,Active,7/13/23,6/18/24
799,Jeffrey Weber,fowlerkurt@gmail.com,Inactive,2/10/23,11/26/24
800,Beth Meyer,katherinespears@guzman-henry.com,Active,10/14/23,6/8/24
801,Olivia Ayala,brookeroberts@conner.com,Active,9/6/23,11/11/24
802,Paul Hernandez,crystalhoward@hotmail.com,Active,6/15/23,4/23/24
803,Kevin Harrison,vtate@gmail.com,Inactive,12/1/22,3/14/24
804,Daniel Chang,martin14@yahoo.com,Inactive,11/5/23,2/5/24
805,Jonathan Johnson,caldwelldonna@williams.net,Active,5/27/23,10/19/24
806,Christina Merritt,usnyder@hotmail.com,Inactive,11/3/23,7/1/24
807,Gina Koch,josephchurch@yahoo.com,Inactive,3/31/23,10/1/24
808,Holly Morgan,keithrobertson@barajas.com,Inactive,12/27/22,3/18/24
809,John Thomas,john82@yahoo.com,Inactive,6/30/23,3/25/24
810,William Larsen,mark57@carr.info,Active,5/23/23,12/25/23
811,Teresa Nguyen,johnwilliams@gmail.com,Inactive,8/24/23,9/26/24
812,Holly Barrett,ryanthompson@murphy.net,Inactive,4/25/23,2/27/24
813,David Johnson,calvin91@ball-dawson.com,Inactive,4/30/23,5/23/24
814,Melinda Smith,janet37@gmail.com,Inactive,2/1/23,7/27/24
815,Sherry Nichols,corey75@yahoo.com,Inactive,7/19/23,3/3/24
816,Caitlin Castillo,billywoods@hotmail.com,Inactive,2/8/23,3/15/24
817,Dennis Hamilton,graydustin@jackson-clark.biz,Active,5/8/23,12/31/23
818,Dana Ortiz,charles67@gmail.com,Active,12/5/22,1/12/24
819,James Johnston,lopezcesar@hart.info,Active,10/2/23,1/15/24
820,Dr. Rebecca Solomon,ramoskaren@robles.com,Inactive,10/23/23,11/13/24
821,Kendra Terrell,lbush@hotmail.com,Active,7/12/23,4/15/24
822,Peggy Taylor,jennifer70@gmail.com,Inactive,11/23/23,2/18/24
823,Carla Griffin,smithpaige@jenkins-dixon.com,Active,8/14/23,1/17/24
824,Patrick Miller,codywaters@yahoo.com,Inactive,6/22/23,5/28/24
825,Ashley Baker,tbooth@hotmail.com,Inactive,10/26/23,10/3/24
826,Lindsay Brown,rwallace@gmail.com,Inactive,6/4/23,6/17/24
827,Anthony Andrews,michaelvincent@hotmail.com,Inactive,11/12/23,3/5/24
828,Kevin Miller,kimberlyanderson@gmail.com,Inactive,10/4/23,9/10/24
829,Edwin Daniels,igreen@yahoo.com,Inactive,8/26/23,6/7/24
830,Marie Smith,beckadam@gmail.com,Active,1/3/23,6/23/24
831,Jeremy Johnson,moralesallison@carrillo.com,Inactive,4/27/23,11/3/24
832,Michelle Mcdaniel,thoward@hotmail.com,Inactive,10/9/23,10/27/24
833,Teresa Powell,nicole82@torres.biz,Inactive,6/25/23,12/19/23
834,Michael Fisher,james42@gmail.com,Active,1/2/23,9/14/24
835,Kimberly Watson,susan65@gmail.com,Inactive,2/17/23,1/24/24
836,Amanda Miller,beverlykelly@navarro.com,Inactive,9/23/23,9/12/24
837,Marcia Blankenship,andreaosborn@walker-simpson.net,Active,4/9/23,2/28/24
838,Pam Benton,moorebryan@powell-campbell.com,Inactive,9/24/23,11/14/24
839,Cassandra Brown,paulcastro@yahoo.com,Inactive,1/7/23,5/19/24
840,Michael Walker,garychase@barrett-mcintyre.net,Inactive,1/12/23,11/26/24
841,Eric Gonzalez,johnsonjessica@hotmail.com,Active,11/26/23,9/29/24
842,Amanda Wright,willie28@hotmail.com,Inactive,11/29/23,1/5/24
843,Brandon Garza,cindy58@brown.net,Active,7/24/23,6/7/24
844,Jessica Spencer,jason42@gmail.com,Active,4/23/23,10/30/24
845,Mrs. Alexis Riley PhD,vchandler@hotmail.com,Active,3/1/23,1/28/24
846,Aaron Snyder,richardscott@hotmail.com,Inactive,10/17/23,6/27/24
847,Stacy Hood,adam93@gmail.com,Active,6/8/23,4/14/24
848,Daniel Murphy,meltonmichael@robinson.com,Inactive,6/11/23,7/23/24
849,Kristy Gordon,belldennis@snyder.com,Active,4/9/23,8/7/24
850,John Spencer,mlee@yahoo.com,Inactive,5/4/23,1/28/24
851,Brian Garner,mcdanielhannah@gmail.com,Inactive,4/4/23,2/26/24
852,Adam Brock,johnny02@ross-daniel.com,Inactive,6/19/23,2/1/24
853,Jessica Jimenez,marie08@gonzalez.com,Inactive,11/27/23,1/6/24
854,Melissa Rodriguez,williamklein@cook.net,Inactive,7/31/23,2/2/24
855,Robert Mcdowell,kelly00@miller.biz,Active,10/10/23,10/13/24
856,Matthew Fischer,taylorriddle@cook.info,Inactive,12/11/22,3/18/24
857,Kelsey Bender,michaelmacdonald@molina.com,Active,9/2/23,8/13/24
858,Preston Martin,greenfelicia@sanders.biz,Inactive,10/14/23,2/10/24
859,Daniel Mitchell,eacevedo@gmail.com,Inactive,8/5/23,1/23/24
860,Sherry Roberts,awilliams@bryant-york.biz,Inactive,1/21/23,6/18/24
861,Jo Chavez,longandrea@hampton.biz,Active,1/7/23,11/11/24
862,Chad Perez,barretttiffany@gmail.com,Inactive,3/9/23,2/24/24
863,Audrey Smith,jason22@ferguson-white.com,Inactive,5/17/23,6/10/24
864,Jose Fields,jillianflores@vaughn.org,Inactive,3/14/23,11/26/24
865,Charles Rogers,danielhall@vasquez.org,Active,10/18/23,2/25/24
866,Justin Lawson,lauradavis@hotmail.com,Active,12/14/22,1/19/24
867,Gabriel Harrington,james61@alvarez.com,Inactive,10/24/23,11/9/24
868,Roger Mcmahon,mcdonaldchristopher@long-thomas.com,Inactive,9/18/23,11/19/24
869,Deanna Arellano,christopherfarley@hotmail.com,Inactive,3/8/23,11/1/24
870,Michael Braun,fdunn@gmail.com,Active,7/15/23,4/17/24
871,Lisa Henry,kdecker@kane.com,Inactive,2/23/23,12/30/23
872,Patrick Bowen,pbrennan@dixon.com,Active,12/3/22,1/22/24
873,Justin Williams,dennis70@johnson.com,Inactive,2/23/23,3/17/24
874,Brenda Williams,miawinters@ferguson-diaz.info,Active,2/7/23,1/11/24
875,Sandra Rivers,ulawrence@rice-bond.biz,Active,4/6/23,5/27/24
876,Preston Gomez,william86@hotmail.com,Active,9/24/23,5/25/24
877,Stephen Buckley,gbrady@cook.biz,Inactive,1/13/23,9/16/24
878,Brittany Nelson,martha16@gmail.com,Inactive,8/11/23,11/24/24
879,Christopher Green,christiansteven@jackson-guzman.com,Active,8/21/23,7/16/24
880,Justin Campbell,george28@gmail.com,Active,9/17/23,4/21/24
881,Joel Hanson,mortonmary@stephenson.biz,Active,3/23/23,12/23/23
882,James Wilson,jesusvelazquez@holmes.net,Inactive,12/27/22,9/17/24
883,Ronald Glover,jenniferburnett@ellis.org,Active,8/17/23,12/24/23
884,Victoria Castro,veronicamiller@oliver.com,Active,4/26/23,3/29/24
885,Eric Thomas,timothy46@wilson.com,Active,6/17/23,2/1/24
886,Patricia Sampson,martinlance@thompson.com,Inactive,4/29/23,9/26/24
887,Sylvia Johnson,ortegascott@gray.com,Active,12/22/22,6/4/24
888,Nicholas Mcdowell,hannah51@gmail.com,Inactive,11/9/23,8/15/24
889,Sarah Cox,prhodes@hotmail.com,Inactive,9/12/23,2/27/24
890,Rebecca Keith,npowers@hotmail.com,Inactive,8/20/23,4/12/24
891,Peggy Shepherd,hannajulie@gmail.com,Active,5/27/23,9/3/24
892,Joseph Fuller,brownvanessa@tucker.com,Active,3/26/23,6/30/24
893,Dylan Evans,cassidy80@yahoo.com,Active,11/3/23,3/15/24
894,Allison Jones,vegapamela@yahoo.com,Active,11/2/23,2/20/24
895,Crystal Kim,grhodes@martin-walker.com,Inactive,10/11/23,11/7/24
896,Adam Ingram,wwebb@hernandez.biz,Active,5/13/23,8/4/24
897,Thomas Perry,stevensnathaniel@yahoo.com,Active,11/6/23,10/21/24
898,Mary Guerrero,ann10@smith.org,Inactive,5/15/23,3/16/24
899,Dorothy Larson,katherine84@hotmail.com,Inactive,9/12/23,6/17/24
900,Joshua Ramirez,ingramheather@chambers.com,Active,3/3/23,10/16/24
901,Kelly Combs,christopher80@jones.com,Active,10/10/23,10/2/24
902,Tiffany Arias,kristina28@smith-moses.net,Active,11/6/23,10/3/24
903,Matthew Banks,abigail20@gmail.com,Inactive,5/27/23,3/16/24
904,Jessica Mendez,vallen@elliott-werner.com,Inactive,7/19/23,6/20/24
905,Susan Mcgee,kingjohn@macdonald-garcia.com,Active,5/25/23,10/5/24
906,Joseph Mosley,danielshort@henderson.com,Active,5/18/23,3/29/24
907,Wendy Jordan,jonesbrenda@warren.info,Active,9/9/23,8/29/24
908,Stephen Sullivan,leslie87@johnson.com,Active,12/5/22,10/22/24
909,Gerald Cunningham,davidsmith@hogan.com,Inactive,10/14/23,12/22/23
910,Olivia Evans,mark93@gmail.com,Inactive,5/17/23,3/30/24
911,Anna Parker,zlee@hotmail.com,Active,6/26/23,6/14/24
912,Crystal Henderson,greenshannon@yahoo.com,Active,3/8/23,12/8/23
913,Randall Atkinson,shellyryan@yahoo.com,Active,10/4/23,11/10/24
914,Dana Smith,nicolasmoran@yahoo.com,Inactive,2/6/23,10/4/24
915,Rebecca Graham,ramosmichael@gmail.com,Active,2/13/23,11/16/24
916,Heather Russell,ubryan@byrd.com,Inactive,2/7/23,7/25/24
917,Alex Hardy,tammy53@gmail.com,Inactive,12/1/22,5/25/24
918,Michael Navarro,julie49@knight.net,Inactive,8/4/23,6/10/24
919,Jerry Rivera,kenneth31@hotmail.com,Inactive,4/27/23,9/10/24
920,Tamara Hernandez,elizabethaustin@gmail.com,Active,10/21/23,7/2/24
921,Seth Holt,schristensen@wilson-wilson.org,Active,8/24/23,4/18/24
922,Emma Roth,elizabethkerr@yahoo.com,Inactive,8/3/23,10/2/24
923,Larry Garcia,janice76@hotmail.com,Inactive,8/25/23,7/11/24
924,Bethany Watson,lsmith@mora-mays.com,Inactive,3/5/23,11/9/24
925,Kimberly Smith,norrisjoann@hotmail.com,Inactive,4/3/23,2/2/24
926,Tyler Joseph,ericrivera@jackson-bonilla.com,Inactive,5/23/23,10/23/24
927,Veronica Brown,vhardy@gmail.com,Active,9/12/23,12/13/23
928,Nicole Arnold,barbaraoneill@thomas.info,Inactive,2/26/23,3/14/24
929,Keith Reynolds,xdavis@gmail.com,Inactive,3/14/23,11/12/24
930,William Wright,lmoran@gmail.com,Inactive,5/3/23,1/25/24
931,Mitchell Smith,karen74@yahoo.com,Active,9/1/23,4/16/24
932,Lisa Rodriguez,megan50@cruz.biz,Inactive,12/23/22,8/23/24
933,Mary Yu,franklinwendy@miller.org,Active,1/27/23,7/21/24
934,Kimberly Smith,amanda57@yahoo.com,Active,6/21/23,1/23/24
935,Christine Jordan PhD,rcurtis@yahoo.com,Active,2/16/23,1/9/24
936,Jessica Padilla,david78@price.com,Inactive,8/17/23,12/19/23
937,Gregory Young,nicholas54@henry.com,Inactive,1/29/23,6/23/24
938,Jeffrey Adams,jacksonrobert@gmail.com,Active,3/29/23,11/29/24
939,Karen Campbell,andersoncheryl@russell.com,Inactive,1/14/23,7/3/24
940,Kimberly Brown,paulwarren@greene-alvarado.biz,Inactive,5/12/23,3/20/24
941,Alexander Sanchez,margaretmorton@gmail.com,Active,5/6/23,7/8/24
942,Julie Dean,lhunter@yahoo.com,Inactive,11/4/23,3/29/24
943,Chad Hoffman,mcknightgeorge@santos.com,Active,2/14/23,5/14/24
944,Kyle Kline,william71@yahoo.com,Inactive,10/30/23,9/14/24
945,Timothy Harrington,dananelson@yahoo.com,Active,7/27/23,2/9/24
946,Lauren Solomon,jessicaroberts@hotmail.com,Active,1/8/23,7/26/24
947,Jennifer Price,egraham@costa-russell.org,Inactive,6/30/23,5/2/24
948,Rebecca Roberts,allentimothy@moore-vasquez.org,Inactive,1/18/23,10/8/24
949,Walter Hancock,vgarcia@guzman.com,Inactive,12/16/22,12/25/23
950,Mr. Gabriel Russo,rodneyperry@cohen-martin.com,Inactive,2/24/23,10/10/24
951,James Brown,briannabrandt@gmail.com,Active,7/24/23,2/26/24
952,Cheryl Morales,erinanderson@phillips-atkinson.com,Inactive,3/23/23,3/19/24
953,Nathan Navarro,nathan62@yahoo.com,Inactive,7/16/23,6/18/24
954,Perry Hardy,josephmadden@hotmail.com,Active,12/7/22,12/14/23
955,Betty Lopez,hlewis@hotmail.com,Inactive,11/14/23,7/7/24
956,Nathan Graham,carriejones@yahoo.com,Inactive,3/6/23,5/31/24
957,Danielle Jensen,philip17@peterson.com,Active,3/11/23,2/27/24
958,Paula Johnson MD,osborncindy@gmail.com,Inactive,11/18/23,7/30/24
959,Vicki Perkins,yscott@meza.com,Inactive,6/14/23,9/25/24
960,Sonia Adams,slindsey@davis-brown.info,Inactive,1/16/23,3/11/24
961,Dr. Daniel Ellis MD,richard41@hotmail.com,Active,2/23/23,8/20/24
962,Monica Nelson,rebeccatucker@yahoo.com,Inactive,9/4/23,5/4/24
963,Stephanie Frey,brownmichael@jackson.com,Inactive,7/1/23,6/13/24
964,Tyrone Adams,wayne76@richards-malone.info,Active,6/24/23,9/16/24
965,Sarah Kirby,olsonanne@hotmail.com,Inactive,12/26/22,4/11/24
966,David Myers,austin57@yahoo.com,Active,6/10/23,11/30/24
967,Zachary Rivas,kelsey56@hotmail.com,Inactive,9/24/23,1/19/24
968,Julie Lee,xstark@gmail.com,Active,7/16/23,1/1/24
969,Timothy Dean,clarkperry@harris-norman.com,Active,5/30/23,1/8/24
970,Katherine Jackson,bmitchell@yahoo.com,Active,12/17/22,3/23/24
971,Kenneth Oconnor,yvonnerubio@ramirez-rivera.com,Inactive,8/21/23,5/5/24
972,Tyler Lewis,franklinpatrick@gmail.com,Inactive,1/27/23,3/24/24
973,Michael Brooks,qjohnson@yahoo.com,Inactive,6/26/23,9/29/24
974,Jeffrey Cruz,tshaffer@wright.net,Active,6/13/23,5/27/24
975,Mr. Javier Fernandez,ramirezlinda@robinson.com,Inactive,11/11/23,9/10/24
976,Benjamin Hughes,karinamurphy@hotmail.com,Active,9/29/23,9/11/24
977,Timothy Lane,asmith@gmail.com,Inactive,5/9/23,4/23/24
978,James Simmons,katelyn15@gmail.com,Inactive,10/4/23,7/23/24
979,Yesenia Lee,william88@hotmail.com,Active,11/12/23,8/14/24
980,Eric Sims,michaelvazquez@yahoo.com,Inactive,11/16/23,3/16/24
981,Brianna Williams,shelbyblake@hotmail.com,Active,7/30/23,2/9/24
982,Lisa Foster,rking@sawyer-knight.com,Active,1/6/23,9/16/24
983,Mary Hill,deborah89@bowers.com,Inactive,9/22/23,8/1/24
984,Angela Stone,carlos04@yahoo.com,Inactive,10/19/23,9/12/24
985,Rebecca Lee,gward@guzman.org,Inactive,6/7/23,7/15/24
986,Jon Reynolds,morganjesse@arnold.org,Active,6/28/23,7/23/24
987,Glenn Lopez,micheleharvey@cardenas-salas.biz,Inactive,9/9/23,12/8/23
988,Sara Sanchez,stacey79@woods.org,Inactive,5/20/23,3/10/24
989,Sara Hays MD,rsuarez@harris.net,Active,11/16/23,9/4/24
990,Christina Flores,stephen25@gmail.com,Inactive,1/31/23,4/8/24
991,Jay Johnson,colemanangela@carroll-martin.info,Active,1/17/23,4/27/24
992,Glenda Lopez,santiagoterri@yahoo.com,Inactive,6/16/23,11/26/24
993,Nicholas West,ekelly@yahoo.com,Active,6/12/23,1/29/24
994,Gregory Benson,qdouglas@williams-bryant.com,Inactive,12/25/22,1/24/24
995,Olivia Patel,robinsontina@bell.com,Active,1/21/23,2/25/24
996,Ashley Caldwell,housemelissa@russell.com,Active,5/6/23,9/3/24
997,Christina Combs,ilee@hotmail.com,Active,3/20/23,6/12/24
998,Grant Wilson,sarah46@gmail.com,Active,8/8/23,2/3/24
999,Ryan Cunningham,trevorknox@gmail.com,Active,7/4/23,2/16/24
1000,Justin Brown,danieldennis@yahoo.com,Active,8/2/23,2/26/24